service_id;mo;di;mi;do;fr;sa;so;start_date;end_date
30;0;0;0;0;0;0;1;20260822;20260823
702;0;0;0;0;0;0;1;20260822;20260830
764;0;0;0;0;0;0;1;20260822;20260831
150;0;0;0;0;0;0;1;20260822;20260904
625;0;0;0;0;0;0;1;20260822;20260904
1003;0;0;0;0;0;0;1;20260822;20260920
463;0;0;0;0;0;0;1;20260823;20260830
206;0;0;0;0;0;0;1;20260823;20260906
319;0;0;0;0;0;0;1;20260823;20260906
612;0;0;0;0;0;0;1;20260823;20260906
460;0;0;0;0;0;0;1;20260823;20260913
130;0;0;0;0;0;0;1;20260823;20260920
903;0;0;0;0;0;0;1;20260823;20260920
809;0;0;0;0;0;0;1;20260829;20260906
407;0;0;0;0;0;0;1;20260829;20260920
467;0;0;0;0;0;0;1;20260830;20260906
147;0;0;0;0;0;0;1;20260830;20260913
529;0;0;0;0;0;0;1;20260830;20260913
666;0;0;0;0;0;0;1;20260830;20260913
587;0;0;0;0;0;0;1;20260830;20260920
598;0;0;0;0;0;0;1;20260905;20260913
715;0;0;0;0;0;0;1;20260906;20260913
850;0;0;0;0;0;0;1;20260906;20260913
609;0;0;0;0;0;0;1;20260906;20260920
80;0;0;0;0;0;0;1;20260912;20260921
208;0;0;0;0;0;0;1;20260913;20260920
33;0;0;0;0;0;1;0;20260822;20260829
256;0;0;0;0;0;1;0;20260822;20260830
136;0;0;0;0;0;1;0;20260822;20260901
1036;0;0;0;0;0;1;0;20260822;20260905
520;0;0;0;0;0;1;0;20260822;20260905
137;0;0;0;0;0;1;0;20260822;20260919
251;0;0;0;0;0;1;0;20260822;20260919
343;0;0;0;0;0;1;0;20260822;20260919
652;0;0;0;0;0;1;0;20260822;20260920
805;0;0;0;0;0;1;0;20260829;20260905
553;0;0;0;0;0;1;0;20260829;20260906
377;0;0;0;0;0;1;0;20260829;20260912
593;0;0;0;0;0;1;0;20260829;20260913
215;0;0;0;0;0;1;0;20260829;20260919
769;0;0;0;0;0;1;0;20260905;20260912
93;0;0;0;0;0;1;0;20260905;20260912
58;0;0;0;0;0;1;0;20260905;20260913
1001;0;0;0;0;0;1;0;20260905;20260919
156;0;0;0;0;0;1;0;20260905;20260919
436;0;0;0;0;0;1;0;20260905;20260919
599;0;0;0;0;0;1;0;20260905;20260919
74;0;0;0;0;0;1;0;20260912;20260919
180;0;0;0;0;0;1;0;20260912;20260920
600;0;0;0;0;0;1;1;20260822;20260823
289;0;0;0;0;0;1;1;20260822;20260829
439;0;0;0;0;0;1;1;20260822;20260830
202;0;0;0;0;0;1;1;20260822;20260906
229;0;0;0;0;0;1;1;20260822;20260906
426;0;0;0;0;0;1;1;20260822;20260906
207;0;0;0;0;0;1;1;20260822;20260912
901;0;0;0;0;0;1;1;20260822;20260913
357;0;0;0;0;0;1;1;20260822;20260919
488;0;0;0;0;0;1;1;20260822;20260919
1054;0;0;0;0;0;1;1;20260822;20260920
246;0;0;0;0;0;1;1;20260822;20260920
477;0;0;0;0;0;1;1;20260822;20260920
5;0;0;0;0;0;1;1;20260822;20260920
571;0;0;0;0;0;1;1;20260822;20260920
692;0;0;0;0;0;1;1;20260822;20260920
736;0;0;0;0;0;1;1;20260822;20260920
86;0;0;0;0;0;1;1;20260822;20260920
966;0;0;0;0;0;1;1;20260822;20260920
1025;0;0;0;0;0;1;1;20260823;20260829
42;0;0;0;0;0;1;1;20260823;20260829
915;0;0;0;0;0;1;1;20260823;20260830
816;0;0;0;0;0;1;1;20260823;20260913
293;0;0;0;0;0;1;1;20260828;20260913
829;0;0;0;0;0;1;1;20260829;20260830
231;0;0;0;0;0;1;1;20260829;20260905
469;0;0;0;0;0;1;1;20260829;20260906
203;0;0;0;0;0;1;1;20260829;20260912
356;0;0;0;0;0;1;1;20260829;20260913
455;0;0;0;0;0;1;1;20260829;20260913
376;0;0;0;0;0;1;1;20260829;20260920
545;0;0;0;0;0;1;1;20260829;20260920
952;0;0;0;0;0;1;1;20260830;20260906
863;0;0;0;0;0;1;1;20260830;20260913
893;0;0;0;0;0;1;1;20260830;20260913
287;0;0;0;0;0;1;1;20260903;20260913
45;0;0;0;0;0;1;1;20260905;20260906
994;0;0;0;0;0;1;1;20260905;20260912
144;0;0;0;0;0;1;1;20260905;20260913
67;0;0;0;0;0;1;1;20260905;20260913
681;0;0;0;0;0;1;1;20260905;20260919
573;0;0;0;0;0;1;1;20260905;20260920
620;0;0;0;0;0;1;1;20260905;20260920
650;0;0;0;0;0;1;1;20260905;20260920
371;0;0;0;0;0;1;1;20260906;20260913
947;0;0;0;0;0;1;1;20260906;20260920
433;0;0;0;0;0;1;1;20260908;20260918
734;0;0;0;0;0;1;1;20260912;20260913
102;0;0;0;0;0;1;1;20260912;20260920
252;0;0;0;0;0;1;1;20260913;20260919
413;0;0;0;0;0;1;1;20260919;20260920
785;0;0;0;0;1;0;0;20260822;20260828
29;0;0;0;0;1;0;0;20260822;20260831
864;0;0;0;0;1;0;0;20260828;20260904
1020;0;0;0;0;1;0;0;20260828;20260918
75;0;0;0;0;1;0;0;20260828;20260921
322;0;0;0;0;1;0;0;20260904;20260911
1056;0;0;0;0;1;0;0;20260904;20260918
646;0;0;0;0;1;0;0;20260904;20260919
51;0;0;0;0;1;0;0;20260904;20260920
929;0;0;0;0;1;0;0;20260904;20260921
56;0;0;0;0;1;0;0;20260911;20260918
43;0;0;0;0;1;0;1;20260823;20260828
369;0;0;0;0;1;0;1;20260823;20260904
869;0;0;0;0;1;0;1;20260828;20260830
228;0;0;0;0;1;0;1;20260828;20260918
243;0;0;0;0;1;0;1;20260904;20260906
440;0;0;0;0;1;0;1;20260904;20260920
1024;0;0;0;0;1;0;1;20260905;20260918
638;0;0;0;0;1;0;1;20260906;20260911
273;0;0;0;0;1;0;1;20260906;20260921
127;0;0;0;0;1;0;1;20260911;20260920
755;0;0;0;0;1;0;1;20260918;20260920
280;0;0;0;0;1;1;0;20260822;20260828
329;0;0;0;0;1;1;0;20260822;20260829
116;0;0;0;0;1;1;0;20260822;20260905
973;0;0;0;0;1;1;0;20260822;20260919
351;0;0;0;0;1;1;0;20260824;20260921
113;0;0;0;0;1;1;0;20260828;20260829
361;0;0;0;0;1;1;0;20260828;20260829
706;0;0;0;0;1;1;0;20260828;20260912
232;0;0;0;0;1;1;0;20260828;20260918
266;0;0;0;0;1;1;0;20260904;20260905
658;0;0;0;0;1;1;0;20260904;20260911
843;0;0;0;0;1;1;0;20260904;20260912
360;0;0;0;0;1;1;0;20260904;20260919
659;0;0;0;0;1;1;0;20260904;20260919
1013;0;0;0;0;1;1;0;20260905;20260911
3;0;0;0;0;1;1;0;20260905;20260917
1051;0;0;0;0;1;1;0;20260905;20260918
258;0;0;0;0;1;1;0;20260905;20260919
480;0;0;0;0;1;1;0;20260905;20260919
16;0;0;0;0;1;1;0;20260911;20260912
192;0;0;0;0;1;1;0;20260912;20260918
784;0;0;0;0;1;1;0;20260918;20260919
673;0;0;0;0;1;1;0;20260918;20260920
364;0;0;0;0;1;1;1;20260822;20260828
349;0;0;0;0;1;1;1;20260822;20260919
1018;0;0;0;0;1;1;1;20260822;20260920
670;0;0;0;0;1;1;1;20260822;20260920
717;0;0;0;0;1;1;1;20260822;20260920
801;0;0;0;0;1;1;1;20260822;20260920
530;0;0;0;0;1;1;1;20260828;20260830
384;0;0;0;0;1;1;1;20260828;20260913
528;0;0;0;0;1;1;1;20260828;20260920
502;0;0;0;0;1;1;1;20260829;20260913
944;0;0;0;0;1;1;1;20260904;20260906
1052;0;0;0;0;1;1;1;20260905;20260912
603;0;0;0;0;1;1;1;20260905;20260920
943;0;0;0;0;1;1;1;20260905;20260920
875;0;0;0;0;1;1;1;20260911;20260920
71;0;0;0;0;1;1;1;20260913;20260919
596;0;0;0;0;1;1;1;20260918;20260920
696;0;0;0;1;0;0;0;20260822;20260904
277;0;0;0;1;0;0;0;20260827;20260919
46;0;0;0;1;0;0;0;20260901;20260910
700;0;0;0;1;0;0;0;20260903;20260917
110;0;0;0;1;0;0;0;20260907;20260917
47;0;0;0;1;0;0;1;20260822;20260827
631;0;0;0;1;0;0;1;20260830;20260903
557;0;0;0;1;0;0;1;20260903;20260906
405;0;0;0;1;0;0;1;20260907;20260917
475;0;0;0;1;0;0;1;20260912;20260920
674;0;0;0;1;0;0;1;20260917;20260920
350;0;0;0;1;0;1;0;20260822;20260827
63;0;0;0;1;0;1;0;20260827;20260829
807;0;0;0;1;0;1;0;20260829;20260903
632;0;0;0;1;0;1;0;20260910;20260912
651;0;0;0;1;0;1;0;20260917;20260919
578;0;0;0;1;0;1;1;20260829;20260903
724;0;0;0;1;0;1;1;20260917;20260920
579;0;0;0;1;1;0;0;20260824;20260917
128;0;0;0;1;1;0;0;20260827;20260828
993;0;0;0;1;1;0;0;20260827;20260918
671;0;0;0;1;1;0;0;20260903;20260904
386;0;0;0;1;1;0;0;20260904;20260910
1016;0;0;0;1;1;0;0;20260910;20260911
539;0;0;0;1;1;0;0;20260910;20260911
224;0;0;0;1;1;0;0;20260917;20260918
21;0;0;0;1;1;0;1;20260822;20260828
726;0;0;0;1;1;0;1;20260910;20260913
88;0;0;0;1;1;0;1;20260917;20260920
1023;0;0;0;1;1;1;0;20260828;20260903
44;0;0;0;1;1;1;0;20260903;20260905
569;0;0;0;1;1;1;0;20260910;20260912
601;0;0;0;1;1;1;0;20260910;20260912
727;0;0;0;1;1;1;0;20260910;20260916
479;0;0;0;1;1;1;0;20260912;20260920
574;0;0;0;1;1;1;0;20260917;20260919
770;0;0;0;1;1;1;0;20260917;20260920
299;0;0;0;1;1;1;1;20260827;20260830
860;0;0;0;1;1;1;1;20260903;20260906
972;0;0;0;1;1;1;1;20260904;20260913
627;0;0;0;1;1;1;1;20260905;20260920
318;0;0;0;1;1;1;1;20260917;20260920
392;0;0;1;0;0;0;0;20260902;20260916
833;0;0;1;0;0;0;1;20260823;20260826
663;0;0;1;0;0;0;1;20260830;20260902
788;0;0;1;0;0;0;1;20260913;20260916
819;0;0;1;0;0;0;1;20260916;20260920
481;0;0;1;0;0;1;1;20260916;20260920
912;0;0;1;0;1;0;0;20260826;20260828
878;0;0;1;0;1;0;0;20260828;20260902
399;0;0;1;0;1;0;0;20260916;20260918
472;0;0;1;0;1;0;1;20260824;20260906
499;0;0;1;0;1;1;0;20260916;20260919
980;0;0;1;0;1;1;1;20260916;20260920
157;0;0;1;1;0;0;0;20260826;20260827
799;0;0;1;1;0;0;0;20260902;20260903
802;0;0;1;1;0;0;0;20260909;20260910
791;0;0;1;1;0;0;0;20260916;20260917
925;0;0;1;1;0;0;1;20260823;20260827
178;0;0;1;1;0;0;1;20260909;20260913
507;0;0;1;1;0;1;1;20260916;20260920
458;0;0;1;1;1;0;0;20260822;20260903
747;0;0;1;1;1;0;0;20260822;20260904
628;0;0;1;1;1;0;0;20260826;20260828
185;0;0;1;1;1;0;0;20260902;20260904
955;0;0;1;1;1;0;0;20260909;20260911
830;0;0;1;1;1;0;0;20260916;20260918
1022;0;0;1;1;1;0;1;20260822;20260830
478;0;0;1;1;1;0;1;20260823;20260828
806;0;0;1;1;1;0;1;20260909;20260913
451;0;0;1;1;1;1;0;20260822;20260905
1006;0;0;1;1;1;1;0;20260826;20260829
196;0;0;1;1;1;1;0;20260826;20260829
402;0;0;1;1;1;1;0;20260916;20260919
841;0;0;1;1;1;1;1;20260822;20260830
240;0;0;1;1;1;1;1;20260823;20260830
584;0;0;1;1;1;1;1;20260826;20260830
933;0;0;1;1;1;1;1;20260909;20260913
261;0;1;0;0;0;0;0;20260831;20260908
199;0;1;0;0;0;0;0;20260901;20260908
409;0;1;0;0;0;0;0;20260901;20260909
106;0;1;0;0;0;0;0;20260901;20260915
473;0;1;0;0;0;0;0;20260908;20260915
238;0;1;0;0;0;0;1;20260823;20260825
683;0;1;0;0;0;0;1;20260905;20260913
690;0;1;0;0;0;0;1;20260915;20260920
719;0;1;0;0;0;1;0;20260822;20260825
89;0;1;0;0;0;1;0;20260822;20260829
534;0;1;0;0;0;1;0;20260825;20260829
275;0;1;0;0;0;1;0;20260908;20260912
964;0;1;0;0;0;1;1;20260822;20260829
730;0;1;0;0;0;1;1;20260825;20260830
617;0;1;0;0;0;1;1;20260825;20260901
786;0;1;0;0;1;0;0;20260825;20260828
296;0;1;0;0;1;0;0;20260901;20260904
648;0;1;0;0;1;0;0;20260901;20260904
387;0;1;0;0;1;0;1;20260823;20260905
230;0;1;0;0;1;1;0;20260822;20260904
423;0;1;0;0;1;1;0;20260825;20260829
393;0;1;0;1;0;0;0;20260825;20260827
560;0;1;0;1;0;0;0;20260901;20260903
81;0;1;0;1;0;0;0;20260915;20260917
629;0;1;0;1;0;0;1;20260823;20260920
397;0;1;0;1;0;1;0;20260822;20260827
145;0;1;0;1;1;0;0;20260825;20260828
358;0;1;0;1;1;0;0;20260901;20260904
835;0;1;0;1;1;0;0;20260908;20260911
14;0;1;0;1;1;1;1;20260822;20260831
325;0;1;0;1;1;1;1;20260825;20260830
870;0;1;1;0;0;0;0;20260825;20260826
853;0;1;1;0;0;0;0;20260825;20260902
456;0;1;1;0;0;0;0;20260831;20260909
330;0;1;1;0;0;0;0;20260901;20260902
244;0;1;1;0;0;0;0;20260901;20260909
290;0;1;1;0;0;0;0;20260908;20260909
846;0;1;1;0;0;0;0;20260908;20260916
20;0;1;1;0;0;0;0;20260915;20260916
937;0;1;1;0;0;1;1;20260825;20260830
188;0;1;1;0;1;0;0;20260825;20260828
984;0;1;1;0;1;0;0;20260901;20260904
491;0;1;1;0;1;0;0;20260909;20260921
691;0;1;1;0;1;1;1;20260901;20260920
533;0;1;1;1;0;0;0;20260825;20260827
1027;0;1;1;1;0;0;0;20260901;20260903
845;0;1;1;1;0;0;0;20260901;20260903
886;0;1;1;1;0;0;0;20260901;20260903
752;0;1;1;1;0;0;0;20260901;20260917
503;0;1;1;1;0;0;0;20260908;20260910
516;0;1;1;1;0;0;0;20260909;20260917
486;0;1;1;1;0;0;0;20260915;20260917
633;0;1;1;1;0;0;0;20260915;20260920
707;0;1;1;1;0;0;1;20260915;20260920
985;0;1;1;1;0;1;1;20260825;20260830
285;0;1;1;1;1;0;0;20260825;20260828
701;0;1;1;1;1;0;0;20260825;20260904
434;0;1;1;1;1;0;0;20260826;20260904
389;0;1;1;1;1;0;0;20260828;20260903
295;0;1;1;1;1;0;0;20260830;20260911
225;0;1;1;1;1;0;0;20260901;20260904
117;0;1;1;1;1;0;0;20260901;20260911
424;0;1;1;1;1;0;0;20260901;20260918
732;0;1;1;1;1;0;0;20260907;20260915
365;0;1;1;1;1;0;0;20260908;20260911
765;0;1;1;1;1;0;0;20260911;20260918
109;0;1;1;1;1;0;0;20260915;20260918
181;0;1;1;1;1;0;1;20260822;20260904
523;0;1;1;1;1;0;1;20260825;20260830
991;0;1;1;1;1;1;0;20260822;20260903
122;0;1;1;1;1;1;0;20260822;20260904
588;0;1;1;1;1;1;0;20260822;20260904
645;0;1;1;1;1;1;0;20260822;20260904
353;0;1;1;1;1;1;0;20260823;20260904
780;0;1;1;1;1;1;0;20260825;20260829
854;0;1;1;1;1;1;0;20260825;20260904
974;0;1;1;1;1;1;0;20260829;20260912
509;0;1;1;1;1;1;0;20260901;20260906
932;0;1;1;1;1;1;0;20260901;20260920
898;0;1;1;1;1;1;0;20260915;20260919
494;0;1;1;1;1;1;0;20260919;20260921
989;0;1;1;1;1;1;1;20260822;20260828
12;0;1;1;1;1;1;1;20260822;20260830
442;0;1;1;1;1;1;1;20260822;20260918
1026;0;1;1;1;1;1;1;20260822;20260920
589;0;1;1;1;1;1;1;20260822;20260920
884;0;1;1;1;1;1;1;20260825;20260830
787;0;1;1;1;1;1;1;20260827;20260904
159;0;1;1;1;1;1;1;20260829;20260913
281;0;1;1;1;1;1;1;20260901;20260920
959;0;1;1;1;1;1;1;20260905;20260911
877;0;1;1;1;1;1;1;20260915;20260920
982;0;1;1;1;1;1;1;20260919;20260921
245;1;0;0;0;0;0;0;20260824;20260831
1037;1;0;0;0;0;0;0;20260831;20260914
268;1;0;0;0;0;0;0;20260907;20260921
951;1;0;0;0;0;0;0;20260907;20260921
419;1;0;0;0;0;0;0;20260914;20260921
541;1;0;0;0;0;0;1;20260822;20260903
725;1;0;0;0;0;0;1;20260822;20260921
40;1;0;0;0;0;0;1;20260823;20260824
90;1;0;0;0;0;0;1;20260823;20260824
931;1;0;0;0;0;0;1;20260823;20260824
526;1;0;0;0;0;0;1;20260830;20260831
879;1;0;0;0;0;0;1;20260913;20260914
37;1;0;0;0;0;0;1;20260914;20260921
484;1;0;0;0;0;0;1;20260920;20260921
995;1;0;0;0;0;0;1;20260920;20260921
410;1;0;0;0;0;1;0;20260822;20260824
227;1;0;0;0;0;1;0;20260824;20260829
274;1;0;0;0;0;1;0;20260829;20260831
510;1;0;0;0;0;1;0;20260904;20260912
35;1;0;0;0;0;1;0;20260905;20260912
940;1;0;0;0;0;1;0;20260907;20260912
624;1;0;0;0;0;1;0;20260914;20260919
634;1;0;0;0;0;1;0;20260919;20260921
107;1;0;0;0;0;1;1;20260822;20260824
431;1;0;0;0;0;1;1;20260823;20260829
1004;1;0;0;0;0;1;1;20260824;20260830
265;1;0;0;0;0;1;1;20260829;20260831
24;1;0;0;0;0;1;1;20260905;20260907
873;1;0;0;0;0;1;1;20260905;20260913
388;1;0;0;0;0;1;1;20260906;20260913
1021;1;0;0;0;0;1;1;20260912;20260914
969;1;0;0;0;0;1;1;20260919;20260921
415;1;0;0;0;1;0;0;20260824;20260828
776;1;0;0;0;1;0;0;20260824;20260831
26;1;0;0;0;1;0;0;20260824;20260921
34;1;0;0;0;1;0;0;20260828;20260831
248;1;0;0;0;1;0;0;20260828;20260904
1017;1;0;0;0;1;0;0;20260831;20260904
355;1;0;0;0;1;0;0;20260903;20260911
847;1;0;0;0;1;0;0;20260904;20260921
338;1;0;0;0;1;0;0;20260907;20260911
36;1;0;0;0;1;0;0;20260912;20260921
1045;1;0;0;0;1;0;0;20260918;20260921
138;1;0;0;0;1;0;1;20260828;20260831
164;1;0;0;0;1;0;1;20260906;20260921
831;1;0;0;0;1;0;1;20260918;20260921
744;1;0;0;0;1;1;0;20260824;20260829
226;1;0;0;0;1;1;1;20260822;20260828
618;1;0;0;0;1;1;1;20260822;20260921
114;1;0;0;0;1;1;1;20260828;20260831
708;1;0;0;0;1;1;1;20260906;20260921
789;1;0;0;0;1;1;1;20260918;20260921
168;1;0;0;1;0;0;0;20260824;20260827
887;1;0;0;1;0;0;0;20260831;20260903
902;1;0;0;1;0;0;0;20260903;20260907
777;1;0;0;1;0;0;0;20260910;20260914
370;1;0;0;1;0;0;1;20260917;20260921
1048;1;0;0;1;0;1;1;20260822;20260916
152;1;0;0;1;0;1;1;20260905;20260921
483;1;0;0;1;1;0;0;20260822;20260904
909;1;0;0;1;1;0;0;20260824;20260828
380;1;0;0;1;1;0;0;20260827;20260831
711;1;0;0;1;1;0;0;20260831;20260904
842;1;0;0;1;1;0;0;20260902;20260921
712;1;0;0;1;1;0;0;20260907;20260911
61;1;0;0;1;1;0;0;20260917;20260921
585;1;0;0;1;1;0;1;20260823;20260907
123;1;0;0;1;1;0;1;20260830;20260904
462;1;0;0;1;1;0;1;20260907;20260921
590;1;0;0;1;1;1;0;20260914;20260920
142;1;0;0;1;1;1;0;20260917;20260921
811;1;0;0;1;1;1;1;20260824;20260830
437;1;0;0;1;1;1;1;20260827;20260831
48;1;0;0;1;1;1;1;20260906;20260921
221;1;0;0;1;1;1;1;20260914;20260921
554;1;0;0;1;1;1;1;20260917;20260921
237;1;0;1;0;0;0;0;20260827;20260906
465;1;0;1;0;0;0;0;20260831;20260902
570;1;0;1;0;0;0;0;20260907;20260909
1041;1;0;1;0;0;0;0;20260907;20260921
333;1;0;1;0;0;0;0;20260914;20260916
161;1;0;1;0;0;0;1;20260905;20260917
139;1;0;1;0;0;0;1;20260906;20260909
922;1;0;1;0;0;0;1;20260913;20260916
311;1;0;1;0;0;1;0;20260908;20260917
28;1;0;1;0;0;1;1;20260905;20260921
546;1;0;1;0;1;0;0;20260822;20260904
930;1;0;1;0;1;0;0;20260824;20260828
352;1;0;1;0;1;0;0;20260909;20260914
68;1;0;1;0;1;1;0;20260822;20260921
797;1;0;1;1;0;0;0;20260823;20260921
447;1;0;1;1;0;0;0;20260824;20260827
542;1;0;1;1;0;0;0;20260824;20260827
133;1;0;1;1;0;0;0;20260824;20260906
375;1;0;1;1;0;0;0;20260829;20260907
149;1;0;1;1;0;0;0;20260907;20260910
153;1;0;1;1;0;0;0;20260907;20260921
366;1;0;1;1;0;0;0;20260907;20260921
470;1;0;1;1;0;0;0;20260907;20260921
49;1;0;1;1;0;0;0;20260907;20260921
597;1;0;1;1;0;0;0;20260907;20260921
855;1;0;1;1;0;0;0;20260910;20260921
140;1;0;1;1;0;0;0;20260914;20260921
745;1;0;1;1;0;0;1;20260823;20260917
685;1;0;1;1;0;0;1;20260824;20260921
55;1;0;1;1;0;1;1;20260913;20260920
913;1;0;1;1;0;1;1;20260919;20260920
990;1;0;1;1;1;0;0;20260822;20260904
367;1;0;1;1;1;0;0;20260823;20260921
586;1;0;1;1;1;0;0;20260824;20260828
346;1;0;1;1;1;0;0;20260824;20260831
57;1;0;1;1;1;0;0;20260824;20260904
1030;1;0;1;1;1;0;0;20260824;20260921
580;1;0;1;1;1;0;0;20260831;20260910
174;1;0;1;1;1;0;0;20260907;20260921
31;1;0;1;1;1;0;0;20260909;20260911
1;1;0;1;1;1;0;0;20260914;20260918
323;1;0;1;1;1;0;0;20260916;20260921
120;1;0;1;1;1;0;1;20260822;20260921
490;1;0;1;1;1;0;1;20260823;20260830
297;1;0;1;1;1;0;1;20260824;20260904
737;1;0;1;1;1;0;1;20260831;20260918
511;1;0;1;1;1;1;0;20260905;20260921
643;1;0;1;1;1;1;0;20260916;20260920
72;1;0;1;1;1;1;1;20260822;20260830
394;1;0;1;1;1;1;1;20260822;20260906
531;1;0;1;1;1;1;1;20260824;20260830
678;1;0;1;1;1;1;1;20260831;20260919
501;1;0;1;1;1;1;1;20260902;20260921
521;1;0;1;1;1;1;1;20260905;20260921
591;1;0;1;1;1;1;1;20260916;20260921
92;1;1;0;0;0;0;0;20260824;20260825
962;1;1;0;0;0;0;0;20260825;20260831
694;1;1;0;0;0;0;0;20260825;20260901
941;1;1;0;0;0;0;0;20260831;20260901
368;1;1;0;0;0;0;0;20260907;20260908
291;1;1;0;0;0;0;0;20260907;20260921
698;1;1;0;0;0;0;0;20260913;20260921
936;1;1;0;0;0;0;0;20260914;20260915
810;1;1;0;0;0;0;1;20260822;20260825
146;1;1;0;0;0;0;1;20260823;20260825
302;1;1;0;0;0;0;1;20260830;20260901
342;1;1;0;0;0;0;1;20260913;20260915
844;1;1;0;0;0;0;1;20260914;20260921
762;1;1;0;0;0;1;0;20260822;20260825
9;1;1;0;0;0;1;0;20260824;20260829
395;1;1;0;0;0;1;1;20260822;20260825
270;1;1;0;0;0;1;1;20260822;20260829
920;1;1;0;0;0;1;1;20260822;20260830
904;1;1;0;0;0;1;1;20260824;20260830
416;1;1;0;0;0;1;1;20260905;20260908
824;1;1;0;0;0;1;1;20260905;20260913
613;1;1;0;0;1;0;0;20260822;20260911
938;1;1;0;0;1;0;0;20260907;20260911
848;1;1;0;0;1;0;0;20260914;20260918
834;1;1;0;0;1;1;0;20260905;20260911
1057;1;1;0;0;1;1;1;20260830;20260913
154;1;1;0;0;1;1;1;20260904;20260908
183;1;1;0;0;1;1;1;20260914;20260921
474;1;1;0;1;0;0;0;20260831;20260903
512;1;1;0;1;0;0;0;20260907;20260921
644;1;1;0;1;0;0;0;20260914;20260917
303;1;1;0;1;0;0;1;20260823;20260827
1007;1;1;0;1;0;0;1;20260823;20260830
300;1;1;0;1;0;1;1;20260822;20260827
731;1;1;0;1;1;0;0;20260824;20260904
756;1;1;0;1;1;0;0;20260831;20260911
201;1;1;0;1;1;0;0;20260905;20260918
312;1;1;0;1;1;0;0;20260913;20260921
772;1;1;0;1;1;0;0;20260914;20260918
403;1;1;0;1;1;0;0;20260915;20260921
592;1;1;0;1;1;0;1;20260828;20260921
999;1;1;0;1;1;0;1;20260913;20260918
577;1;1;0;1;1;0;1;20260914;20260921
996;1;1;0;1;1;1;0;20260905;20260921
50;1;1;0;1;1;1;1;20260830;20260918
793;1;1;0;1;1;1;1;20260912;20260918
27;1;1;0;1;1;1;1;20260912;20260921
6;1;1;0;1;1;1;1;20260914;20260921
170;1;1;1;0;0;0;0;20260824;20260826
331;1;1;1;0;0;0;0;20260824;20260901
151;1;1;1;0;0;0;0;20260825;20260903
52;1;1;1;0;0;0;0;20260826;20260903
641;1;1;1;0;0;0;0;20260831;20260902
664;1;1;1;0;0;0;0;20260831;20260909
605;1;1;1;0;0;0;0;20260905;20260920
422;1;1;1;0;0;0;0;20260907;20260909
839;1;1;1;0;0;0;0;20260907;20260920
532;1;1;1;0;0;0;0;20260907;20260921
1038;1;1;1;0;0;0;0;20260908;20260920
561;1;1;1;0;0;0;0;20260909;20260921
223;1;1;1;0;0;0;0;20260913;20260921
41;1;1;1;0;0;0;0;20260914;20260916
653;1;1;1;0;0;0;0;20260914;20260916
191;1;1;1;0;0;0;0;20260914;20260921
856;1;1;1;0;0;0;0;20260915;20260921
813;1;1;1;0;0;0;1;20260822;20260921
917;1;1;1;0;0;0;1;20260822;20260921
543;1;1;1;0;0;0;1;20260830;20260902
339;1;1;1;0;0;0;1;20260830;20260906
950;1;1;1;0;0;0;1;20260905;20260913
1010;1;1;1;0;0;0;1;20260906;20260909
910;1;1;1;0;0;0;1;20260906;20260921
18;1;1;1;0;0;0;1;20260907;20260914
315;1;1;1;0;0;0;1;20260913;20260916
129;1;1;1;0;0;0;1;20260914;20260920
1049;1;1;1;0;0;0;1;20260915;20260916
794;1;1;1;0;0;1;1;20260822;20260826
417;1;1;1;0;0;1;1;20260822;20260906
942;1;1;1;0;0;1;1;20260822;20260921
795;1;1;1;0;0;1;1;20260829;20260902
476;1;1;1;0;0;1;1;20260905;20260909
69;1;1;1;0;0;1;1;20260905;20260920
778;1;1;1;0;0;1;1;20260905;20260920
927;1;1;1;0;0;1;1;20260912;20260916
616;1;1;1;0;1;0;0;20260822;20260921
604;1;1;1;0;1;0;0;20260824;20260828
689;1;1;1;0;1;0;0;20260824;20260828
332;1;1;1;0;1;0;0;20260824;20260908
713;1;1;1;0;1;0;0;20260828;20260921
547;1;1;1;0;1;0;0;20260831;20260904
720;1;1;1;0;1;0;0;20260902;20260911
916;1;1;1;0;1;0;0;20260904;20260921
948;1;1;1;0;1;1;1;20260822;20260829
1043;1;1;1;0;1;1;1;20260822;20260831
639;1;1;1;0;1;1;1;20260823;20260830
38;1;1;1;0;1;1;1;20260901;20260920
98;1;1;1;0;1;1;1;20260905;20260915
17;1;1;1;0;1;1;1;20260914;20260920
64;1;1;1;1;0;0;0;20260822;20260902
682;1;1;1;1;0;0;0;20260822;20260904
714;1;1;1;1;0;0;0;20260822;20260910
667;1;1;1;1;0;0;0;20260822;20260918
783;1;1;1;1;0;0;0;20260822;20260921
746;1;1;1;1;0;0;0;20260823;20260903
906;1;1;1;1;0;0;0;20260824;20260827
271;1;1;1;1;0;0;0;20260824;20260831
957;1;1;1;1;0;0;0;20260824;20260906
78;1;1;1;1;0;0;0;20260824;20260910
209;1;1;1;1;0;0;0;20260824;20260911
204;1;1;1;1;0;0;0;20260824;20260917
454;1;1;1;1;0;0;0;20260824;20260917
173;1;1;1;1;0;0;0;20260824;20260921
189;1;1;1;1;0;0;0;20260824;20260921
23;1;1;1;1;0;0;0;20260824;20260921
255;1;1;1;1;0;0;0;20260824;20260921
307;1;1;1;1;0;0;0;20260824;20260921
326;1;1;1;1;0;0;0;20260824;20260921
935;1;1;1;1;0;0;0;20260824;20260921
94;1;1;1;1;0;0;0;20260824;20260921
177;1;1;1;1;0;0;0;20260831;20260903
934;1;1;1;1;0;0;0;20260831;20260903
548;1;1;1;1;0;0;0;20260831;20260910
771;1;1;1;1;0;0;0;20260901;20260908
310;1;1;1;1;0;0;0;20260901;20260909
212;1;1;1;1;0;0;0;20260907;20260910
718;1;1;1;1;0;0;0;20260907;20260910
336;1;1;1;1;0;0;0;20260907;20260921
453;1;1;1;1;0;0;0;20260907;20260921
890;1;1;1;1;0;0;0;20260907;20260921
471;1;1;1;1;0;0;0;20260908;20260921
73;1;1;1;1;0;0;0;20260909;20260917
10;1;1;1;1;0;0;0;20260910;20260921
774;1;1;1;1;0;0;0;20260913;20260921
642;1;1;1;1;0;0;0;20260914;20260917
200;1;1;1;1;0;0;0;20260914;20260921
253;1;1;1;1;0;0;0;20260914;20260921
182;1;1;1;1;0;0;0;20260915;20260921
186;1;1;1;1;0;0;1;20260822;20260904
13;1;1;1;1;0;0;1;20260823;20260827
504;1;1;1;1;0;0;1;20260823;20260827
466;1;1;1;1;0;0;1;20260823;20260830
301;1;1;1;1;0;0;1;20260823;20260903
821;1;1;1;1;0;0;1;20260823;20260906
669;1;1;1;1;0;0;1;20260823;20260921
743;1;1;1;1;0;0;1;20260823;20260921
544;1;1;1;1;0;0;1;20260830;20260918
978;1;1;1;1;0;0;1;20260831;20260921
254;1;1;1;1;0;0;1;20260903;20260910
95;1;1;1;1;0;0;1;20260906;20260910
443;1;1;1;1;0;0;1;20260907;20260914
412;1;1;1;1;0;0;1;20260913;20260917
622;1;1;1;1;0;0;1;20260913;20260917
485;1;1;1;1;0;0;1;20260913;20260921
489;1;1;1;1;0;1;0;20260822;20260827
468;1;1;1;1;0;1;0;20260822;20260921
320;1;1;1;1;0;1;0;20260905;20260921
882;1;1;1;1;0;1;0;20260905;20260921
236;1;1;1;1;0;1;1;20260822;20260827
968;1;1;1;1;0;1;1;20260822;20260830
235;1;1;1;1;0;1;1;20260822;20260903
11;1;1;1;1;0;1;1;20260831;20260911
815;1;1;1;1;0;1;1;20260831;20260921
167;1;1;1;1;0;1;1;20260905;20260910
552;1;1;1;1;0;1;1;20260905;20260920
768;1;1;1;1;0;1;1;20260905;20260921
278;1;1;1;1;0;1;1;20260912;20260917
721;1;1;1;1;0;1;1;20260914;20260921
131;1;1;1;1;1;0;0;20260822;20260831
282;1;1;1;1;1;0;0;20260822;20260901
1011;1;1;1;1;1;0;0;20260822;20260904
4;1;1;1;1;1;0;0;20260822;20260904
321;1;1;1;1;1;0;0;20260822;20260908
840;1;1;1;1;1;0;0;20260822;20260909
328;1;1;1;1;1;0;0;20260822;20260910
354;1;1;1;1;1;0;0;20260822;20260911
635;1;1;1;1;1;0;0;20260822;20260911
867;1;1;1;1;1;0;0;20260822;20260911
960;1;1;1;1;1;0;0;20260822;20260911
709;1;1;1;1;1;0;0;20260822;20260915
781;1;1;1;1;1;0;0;20260822;20260918
872;1;1;1;1;1;0;0;20260822;20260918
176;1;1;1;1;1;0;0;20260822;20260921
22;1;1;1;1;1;0;0;20260822;20260921
425;1;1;1;1;1;0;0;20260822;20260921
567;1;1;1;1;1;0;0;20260822;20260921
606;1;1;1;1;1;0;0;20260822;20260921
742;1;1;1;1;1;0;0;20260822;20260921
82;1;1;1;1;1;0;0;20260822;20260921
919;1;1;1;1;1;0;0;20260822;20260921
710;1;1;1;1;1;0;0;20260823;20260911
132;1;1;1;1;1;0;0;20260824;20260828
894;1;1;1;1;1;0;0;20260824;20260831
324;1;1;1;1;1;0;0;20260824;20260901
782;1;1;1;1;1;0;0;20260824;20260904
733;1;1;1;1;1;0;0;20260824;20260906
286;1;1;1;1;1;0;0;20260824;20260908
427;1;1;1;1;1;0;0;20260824;20260910
316;1;1;1;1;1;0;0;20260824;20260911
555;1;1;1;1;1;0;0;20260824;20260911
757;1;1;1;1;1;0;0;20260824;20260911
899;1;1;1;1;1;0;0;20260824;20260911
169;1;1;1;1;1;0;0;20260824;20260915
241;1;1;1;1;1;0;0;20260824;20260918
269;1;1;1;1;1;0;0;20260824;20260918
406;1;1;1;1;1;0;0;20260824;20260918
103;1;1;1;1;1;0;0;20260824;20260921
1034;1;1;1;1;1;0;0;20260824;20260921
143;1;1;1;1;1;0;0;20260824;20260921
239;1;1;1;1;1;0;0;20260824;20260921
283;1;1;1;1;1;0;0;20260824;20260921
420;1;1;1;1;1;0;0;20260824;20260921
679;1;1;1;1;1;0;0;20260824;20260921
704;1;1;1;1;1;0;0;20260824;20260921
750;1;1;1;1;1;0;0;20260824;20260921
796;1;1;1;1;1;0;0;20260824;20260921
939;1;1;1;1;1;0;0;20260824;20260921
892;1;1;1;1;1;0;0;20260825;20260831
506;1;1;1;1;1;0;0;20260825;20260903
162;1;1;1;1;1;0;0;20260825;20260904
373;1;1;1;1;1;0;0;20260825;20260904
675;1;1;1;1;1;0;0;20260825;20260907
535;1;1;1;1;1;0;0;20260825;20260908
716;1;1;1;1;1;0;0;20260825;20260908
861;1;1;1;1;1;0;0;20260825;20260908
100;1;1;1;1;1;0;0;20260825;20260909
758;1;1;1;1;1;0;0;20260825;20260918
753;1;1;1;1;1;0;0;20260825;20260921
896;1;1;1;1;1;0;0;20260825;20260921
562;1;1;1;1;1;0;0;20260826;20260901
217;1;1;1;1;1;0;0;20260826;20260904
306;1;1;1;1;1;0;0;20260826;20260921
513;1;1;1;1;1;0;0;20260826;20260921
518;1;1;1;1;1;0;0;20260826;20260921
837;1;1;1;1;1;0;0;20260826;20260921
446;1;1;1;1;1;0;0;20260828;20260904
693;1;1;1;1;1;0;0;20260828;20260921
292;1;1;1;1;1;0;0;20260831;20260904
722;1;1;1;1;1;0;0;20260831;20260904
1035;1;1;1;1;1;0;0;20260831;20260906
876;1;1;1;1;1;0;0;20260831;20260908
195;1;1;1;1;1;0;0;20260831;20260911
347;1;1;1;1;1;0;0;20260831;20260911
826;1;1;1;1;1;0;0;20260831;20260911
838;1;1;1;1;1;0;0;20260831;20260911
594;1;1;1;1;1;0;0;20260831;20260918
2;1;1;1;1;1;0;0;20260831;20260920
524;1;1;1;1;1;0;0;20260831;20260921
883;1;1;1;1;1;0;0;20260831;20260921
905;1;1;1;1;1;0;0;20260831;20260921
998;1;1;1;1;1;0;0;20260831;20260921
729;1;1;1;1;1;0;0;20260901;20260918
1009;1;1;1;1;1;0;0;20260901;20260921
194;1;1;1;1;1;0;0;20260901;20260921
247;1;1;1;1;1;0;0;20260901;20260921
294;1;1;1;1;1;0;0;20260901;20260921
344;1;1;1;1;1;0;0;20260901;20260921
595;1;1;1;1;1;0;0;20260901;20260921
735;1;1;1;1;1;0;0;20260901;20260921
70;1;1;1;1;1;0;0;20260902;20260921
953;1;1;1;1;1;0;0;20260903;20260911
1019;1;1;1;1;1;0;0;20260904;20260911
997;1;1;1;1;1;0;0;20260907;20260911
649;1;1;1;1;1;0;0;20260907;20260914
558;1;1;1;1;1;0;0;20260907;20260916
949;1;1;1;1;1;0;0;20260907;20260918
660;1;1;1;1;1;0;0;20260907;20260920
428;1;1;1;1;1;0;0;20260907;20260921
515;1;1;1;1;1;0;0;20260907;20260921
59;1;1;1;1;1;0;0;20260907;20260921
740;1;1;1;1;1;0;0;20260907;20260921
766;1;1;1;1;1;0;0;20260907;20260921
865;1;1;1;1;1;0;0;20260907;20260921
699;1;1;1;1;1;0;0;20260908;20260911
836;1;1;1;1;1;0;0;20260908;20260916
216;1;1;1;1;1;0;0;20260908;20260921
851;1;1;1;1;1;0;0;20260908;20260921
859;1;1;1;1;1;0;0;20260908;20260921
963;1;1;1;1;1;0;0;20260909;20260917
970;1;1;1;1;1;0;0;20260909;20260921
500;1;1;1;1;1;0;0;20260911;20260917
383;1;1;1;1;1;0;0;20260911;20260918
108;1;1;1;1;1;0;0;20260912;20260921
575;1;1;1;1;1;0;0;20260912;20260921
563;1;1;1;1;1;0;0;20260913;20260921
184;1;1;1;1;1;0;0;20260914;20260918
363;1;1;1;1;1;0;0;20260914;20260918
822;1;1;1;1;1;0;0;20260914;20260921
581;1;1;1;1;1;0;0;20260915;20260921
172;1;1;1;1;1;0;1;20260822;20260828
828;1;1;1;1;1;0;1;20260822;20260828
429;1;1;1;1;1;0;1;20260822;20260830
866;1;1;1;1;1;0;1;20260823;20260828
32;1;1;1;1;1;0;1;20260823;20260830
862;1;1;1;1;1;0;1;20260823;20260911
421;1;1;1;1;1;0;1;20260823;20260918
908;1;1;1;1;1;0;1;20260823;20260918
918;1;1;1;1;1;0;1;20260823;20260918
1042;1;1;1;1;1;0;1;20260823;20260920
754;1;1;1;1;1;0;1;20260823;20260921
808;1;1;1;1;1;0;1;20260823;20260921
1000;1;1;1;1;1;0;1;20260824;20260904
400;1;1;1;1;1;0;1;20260824;20260904
359;1;1;1;1;1;0;1;20260824;20260921
661;1;1;1;1;1;0;1;20260824;20260921
508;1;1;1;1;1;0;1;20260826;20260901
981;1;1;1;1;1;0;1;20260826;20260904
825;1;1;1;1;1;0;1;20260826;20260921
792;1;1;1;1;1;0;1;20260828;20260904
187;1;1;1;1;1;0;1;20260828;20260921
565;1;1;1;1;1;0;1;20260828;20260921
976;1;1;1;1;1;0;1;20260828;20260921
435;1;1;1;1;1;0;1;20260830;20260904
432;1;1;1;1;1;0;1;20260830;20260911
272;1;1;1;1;1;0;1;20260830;20260921
954;1;1;1;1;1;0;1;20260830;20260921
96;1;1;1;1;1;0;1;20260831;20260921
1039;1;1;1;1;1;0;1;20260901;20260921
832;1;1;1;1;1;0;1;20260902;20260921
814;1;1;1;1;1;0;1;20260906;20260911
448;1;1;1;1;1;0;1;20260906;20260921
967;1;1;1;1;1;0;1;20260906;20260921
800;1;1;1;1;1;0;1;20260907;20260921
298;1;1;1;1;1;0;1;20260911;20260917
697;1;1;1;1;1;0;1;20260911;20260921
517;1;1;1;1;1;0;1;20260912;20260921
60;1;1;1;1;1;0;1;20260913;20260921
348;1;1;1;1;1;0;1;20260914;20260921
928;1;1;1;1;1;1;0;20260822;20260828
340;1;1;1;1;1;1;0;20260822;20260829
621;1;1;1;1;1;1;0;20260822;20260829
121;1;1;1;1;1;1;0;20260822;20260830
556;1;1;1;1;1;1;0;20260822;20260831
858;1;1;1;1;1;1;0;20260822;20260831
680;1;1;1;1;1;1;0;20260822;20260904
654;1;1;1;1;1;1;0;20260822;20260911
495;1;1;1;1;1;1;0;20260822;20260912
165;1;1;1;1;1;1;0;20260822;20260919
126;1;1;1;1;1;1;0;20260822;20260921
317;1;1;1;1;1;1;0;20260822;20260921
418;1;1;1;1;1;1;0;20260822;20260921
665;1;1;1;1;1;1;0;20260822;20260921
550;1;1;1;1;1;1;0;20260824;20260829
640;1;1;1;1;1;1;0;20260824;20260831
218;1;1;1;1;1;1;0;20260824;20260904
148;1;1;1;1;1;1;0;20260824;20260921
956;1;1;1;1;1;1;0;20260826;20260904
983;1;1;1;1;1;1;0;20260828;20260904
1055;1;1;1;1;1;1;0;20260828;20260921
341;1;1;1;1;1;1;0;20260828;20260921
868;1;1;1;1;1;1;0;20260829;20260921
885;1;1;1;1;1;1;0;20260831;20260905
8;1;1;1;1;1;1;0;20260831;20260912
441;1;1;1;1;1;1;0;20260831;20260915
623;1;1;1;1;1;1;0;20260831;20260918
568;1;1;1;1;1;1;0;20260831;20260921
662;1;1;1;1;1;1;0;20260901;20260921
687;1;1;1;1;1;1;0;20260901;20260921
166;1;1;1;1;1;1;0;20260905;20260911
401;1;1;1;1;1;1;0;20260905;20260911
871;1;1;1;1;1;1;0;20260905;20260911
284;1;1;1;1;1;1;0;20260905;20260919
219;1;1;1;1;1;1;0;20260905;20260921
249;1;1;1;1;1;1;0;20260905;20260921
76;1;1;1;1;1;1;0;20260905;20260921
798;1;1;1;1;1;1;0;20260905;20260921
141;1;1;1;1;1;1;0;20260907;20260912
381;1;1;1;1;1;1;0;20260908;20260918
703;1;1;1;1;1;1;0;20260912;20260918
619;1;1;1;1;1;1;0;20260912;20260921
345;1;1;1;1;1;1;0;20260914;20260919
576;1;1;1;1;1;1;0;20260914;20260921
684;1;1;1;1;1;1;0;20260914;20260921
101;1;1;1;1;1;1;0;20260919;20260921
398;1;1;1;1;1;1;0;20260919;20260921
551;1;1;1;1;1;1;0;20260919;20260921
288;1;1;1;1;1;1;1;20260822;20260828
62;1;1;1;1;1;1;1;20260822;20260829
175;1;1;1;1;1;1;1;20260822;20260830
313;1;1;1;1;1;1;1;20260822;20260831
124;1;1;1;1;1;1;1;20260822;20260903
977;1;1;1;1;1;1;1;20260822;20260904
759;1;1;1;1;1;1;1;20260822;20260905
889;1;1;1;1;1;1;1;20260822;20260906
408;1;1;1;1;1;1;1;20260822;20260908
921;1;1;1;1;1;1;1;20260822;20260908
378;1;1;1;1;1;1;1;20260822;20260911
668;1;1;1;1;1;1;1;20260822;20260911
817;1;1;1;1;1;1;1;20260822;20260911
945;1;1;1;1;1;1;1;20260822;20260911
53;1;1;1;1;1;1;1;20260822;20260913
723;1;1;1;1;1;1;1;20260822;20260913
83;1;1;1;1;1;1;1;20260822;20260913
907;1;1;1;1;1;1;1;20260822;20260913
1015;1;1;1;1;1;1;1;20260822;20260918
1046;1;1;1;1;1;1;1;20260822;20260918
155;1;1;1;1;1;1;1;20260822;20260918
25;1;1;1;1;1;1;1;20260822;20260918
391;1;1;1;1;1;1;1;20260822;20260918
497;1;1;1;1;1;1;1;20260822;20260918
525;1;1;1;1;1;1;1;20260822;20260918
602;1;1;1;1;1;1;1;20260822;20260918
739;1;1;1;1;1;1;1;20260822;20260918
849;1;1;1;1;1;1;1;20260822;20260918
279;1;1;1;1;1;1;1;20260822;20260919
566;1;1;1;1;1;1;1;20260822;20260919
958;1;1;1;1;1;1;1;20260822;20260920
115;1;1;1;1;1;1;1;20260822;20260921
118;1;1;1;1;1;1;1;20260822;20260921
220;1;1;1;1;1;1;1;20260822;20260921
222;1;1;1;1;1;1;1;20260822;20260921
250;1;1;1;1;1;1;1;20260822;20260921
263;1;1;1;1;1;1;1;20260822;20260921
264;1;1;1;1;1;1;1;20260822;20260921
304;1;1;1;1;1;1;1;20260822;20260921
314;1;1;1;1;1;1;1;20260822;20260921
327;1;1;1;1;1;1;1;20260822;20260921
334;1;1;1;1;1;1;1;20260822;20260921
372;1;1;1;1;1;1;1;20260822;20260921
385;1;1;1;1;1;1;1;20260822;20260921
404;1;1;1;1;1;1;1;20260822;20260921
414;1;1;1;1;1;1;1;20260822;20260921
461;1;1;1;1;1;1;1;20260822;20260921
492;1;1;1;1;1;1;1;20260822;20260921
564;1;1;1;1;1;1;1;20260822;20260921
630;1;1;1;1;1;1;1;20260822;20260921
655;1;1;1;1;1;1;1;20260822;20260921
657;1;1;1;1;1;1;1;20260822;20260921
686;1;1;1;1;1;1;1;20260822;20260921
695;1;1;1;1;1;1;1;20260822;20260921
79;1;1;1;1;1;1;1;20260822;20260921
820;1;1;1;1;1;1;1;20260822;20260921
946;1;1;1;1;1;1;1;20260822;20260921
97;1;1;1;1;1;1;1;20260822;20260921
971;1;1;1;1;1;1;1;20260822;20260921
379;1;1;1;1;1;1;1;20260823;20260829
748;1;1;1;1;1;1;1;20260823;20260830
514;1;1;1;1;1;1;1;20260823;20260831
880;1;1;1;1;1;1;1;20260823;20260904
233;1;1;1;1;1;1;1;20260823;20260921
897;1;1;1;1;1;1;1;20260824;20260830
924;1;1;1;1;1;1;1;20260824;20260904
988;1;1;1;1;1;1;1;20260824;20260905
105;1;1;1;1;1;1;1;20260824;20260908
39;1;1;1;1;1;1;1;20260824;20260921
449;1;1;1;1;1;1;1;20260824;20260921
214;1;1;1;1;1;1;1;20260825;20260904
1044;1;1;1;1;1;1;1;20260825;20260916
259;1;1;1;1;1;1;1;20260825;20260921
337;1;1;1;1;1;1;1;20260825;20260921
767;1;1;1;1;1;1;1;20260826;20260904
87;1;1;1;1;1;1;1;20260826;20260921
900;1;1;1;1;1;1;1;20260826;20260921
979;1;1;1;1;1;1;1;20260826;20260921
823;1;1;1;1;1;1;1;20260828;20260903
1008;1;1;1;1;1;1;1;20260828;20260904
171;1;1;1;1;1;1;1;20260828;20260921
496;1;1;1;1;1;1;1;20260829;20260904
741;1;1;1;1;1;1;1;20260829;20260906
267;1;1;1;1;1;1;1;20260830;20260906
505;1;1;1;1;1;1;1;20260830;20260909
99;1;1;1;1;1;1;1;20260830;20260911
66;1;1;1;1;1;1;1;20260830;20260912
992;1;1;1;1;1;1;1;20260830;20260912
1032;1;1;1;1;1;1;1;20260830;20260915
1002;1;1;1;1;1;1;1;20260830;20260921
15;1;1;1;1;1;1;1;20260830;20260921
374;1;1;1;1;1;1;1;20260830;20260921
430;1;1;1;1;1;1;1;20260830;20260921
444;1;1;1;1;1;1;1;20260830;20260921
487;1;1;1;1;1;1;1;20260830;20260921
738;1;1;1;1;1;1;1;20260830;20260921
881;1;1;1;1;1;1;1;20260830;20260921
961;1;1;1;1;1;1;1;20260830;20260921
54;1;1;1;1;1;1;1;20260831;20260906
540;1;1;1;1;1;1;1;20260831;20260911
260;1;1;1;1;1;1;1;20260831;20260913
572;1;1;1;1;1;1;1;20260831;20260913
911;1;1;1;1;1;1;1;20260831;20260913
926;1;1;1;1;1;1;1;20260831;20260915
760;1;1;1;1;1;1;1;20260831;20260916
125;1;1;1;1;1;1;1;20260831;20260918
104;1;1;1;1;1;1;1;20260831;20260921
205;1;1;1;1;1;1;1;20260831;20260921
305;1;1;1;1;1;1;1;20260831;20260921
450;1;1;1;1;1;1;1;20260831;20260921
559;1;1;1;1;1;1;1;20260831;20260921
77;1;1;1;1;1;1;1;20260831;20260921
790;1;1;1;1;1;1;1;20260831;20260921
986;1;1;1;1;1;1;1;20260831;20260921
536;1;1;1;1;1;1;1;20260901;20260910
895;1;1;1;1;1;1;1;20260901;20260911
1053;1;1;1;1;1;1;1;20260901;20260913
262;1;1;1;1;1;1;1;20260901;20260913
179;1;1;1;1;1;1;1;20260901;20260918
923;1;1;1;1;1;1;1;20260901;20260918
482;1;1;1;1;1;1;1;20260901;20260921
637;1;1;1;1;1;1;1;20260901;20260921
65;1;1;1;1;1;1;1;20260901;20260921
827;1;1;1;1;1;1;1;20260901;20260921
607;1;1;1;1;1;1;1;20260902;20260913
84;1;1;1;1;1;1;1;20260902;20260918
773;1;1;1;1;1;1;1;20260902;20260921
308;1;1;1;1;1;1;1;20260904;20260911
818;1;1;1;1;1;1;1;20260904;20260918
1028;1;1;1;1;1;1;1;20260905;20260911
549;1;1;1;1;1;1;1;20260905;20260913
211;1;1;1;1;1;1;1;20260905;20260917
677;1;1;1;1;1;1;1;20260905;20260918
498;1;1;1;1;1;1;1;20260905;20260920
163;1;1;1;1;1;1;1;20260905;20260921
975;1;1;1;1;1;1;1;20260905;20260921
1031;1;1;1;1;1;1;1;20260906;20260918
193;1;1;1;1;1;1;1;20260906;20260921
626;1;1;1;1;1;1;1;20260906;20260921
527;1;1;1;1;1;1;1;20260907;20260913
582;1;1;1;1;1;1;1;20260907;20260921
242;1;1;1;1;1;1;1;20260908;20260913
234;1;1;1;1;1;1;1;20260908;20260916
888;1;1;1;1;1;1;1;20260909;20260915
1050;1;1;1;1;1;1;1;20260910;20260921
438;1;1;1;1;1;1;1;20260911;20260921
459;1;1;1;1;1;1;1;20260912;20260918
538;1;1;1;1;1;1;1;20260912;20260920
965;1;1;1;1;1;1;1;20260912;20260921
91;1;1;1;1;1;1;1;20260913;20260920
610;1;1;1;1;1;1;1;20260913;20260921
763;1;1;1;1;1;1;1;20260913;20260921
134;1;1;1;1;1;1;1;20260914;20260920
335;1;1;1;1;1;1;1;20260914;20260921
611;1;1;1;1;1;1;1;20260915;20260921
19;1;1;1;1;1;1;1;20260918;20260919
197;1;1;1;1;1;1;1;20260919;20260921
688;1;1;1;1;1;1;1;20260919;20260921
