service_id;date;exception_type
10;20260911;1
100;20260920;1
100;20260921;1
1001;20260912;2
1002;20260917;2
1002;20260918;2
1002;20260919;2
1002;20260920;2
1003;20260822;1
1003;20260829;1
1005;20260829;1
1006;20260904;1
1009;20260825;1
1009;20260831;1
101;20260822;1
101;20260823;1
101;20260826;1
101;20260827;1
101;20260828;1
101;20260914;1
101;20260915;1
101;20260916;1
101;20260917;1
101;20260918;1
101;20260920;1
1011;20260822;1
1011;20260823;1
1012;20260904;1
1012;20260905;1
1012;20260914;1
1012;20260915;1
1012;20260916;1
1014;20260906;1
1015;20260919;1
1015;20260920;1
1015;20260921;1
1015;20260827;2
1015;20260828;2
1015;20260829;2
1015;20260830;2
1015;20260831;2
1015;20260913;2
1015;20260914;2
1015;20260915;2
1015;20260916;2
1015;20260917;2
1022;20260822;1
1024;20260905;1
1025;20260906;1
1026;20260830;2
1029;20260825;1
1029;20260903;1
103;20260919;1
103;20260920;1
103;20260831;2
1030;20260825;1
1030;20260915;1
1030;20260831;2
1030;20260902;2
1030;20260903;2
1030;20260904;2
1030;20260907;2
1033;20260827;1
1034;20260828;2
1035;20260906;1
1035;20260913;1
1035;20260920;1
1036;20260829;2
1038;20260825;1
1038;20260826;1
1038;20260827;1
1038;20260828;1
1038;20260829;1
1038;20260830;1
1038;20260907;1
1038;20260910;1
1038;20260911;1
1038;20260920;1
104;20260907;2
104;20260908;2
104;20260909;2
104;20260910;2
104;20260911;2
1040;20260827;1
1040;20260908;1
1041;20260910;1
1041;20260915;1
1046;20260829;2
1046;20260830;2
1047;20260905;1
1048;20260904;1
1048;20260916;1
1048;20260921;1
1048;20260824;2
1048;20260906;2
1048;20260912;2
1048;20260914;2
1049;20260825;1
1049;20260905;1
1049;20260906;1
1049;20260912;1
1049;20260913;1
1049;20260914;1
1051;20260913;1
1053;20260921;1
1054;20260919;2
1057;20260909;1
1057;20260910;1
108;20260912;1
11;20260911;1
110;20260907;1
111;20260822;1
111;20260919;1
112;20260909;1
115;20260827;2
115;20260828;2
115;20260830;2
116;20260823;1
116;20260827;1
116;20260829;2
117;20260824;1
117;20260825;1
117;20260907;1
118;20260905;2
118;20260906;2
118;20260912;2
118;20260913;2
119;20260826;1
119;20260903;1
120;20260822;1
120;20260825;1
120;20260829;1
120;20260915;1
120;20260831;2
120;20260907;2
120;20260909;2
120;20260918;2
121;20260830;1
122;20260823;1
122;20260824;1
126;20260829;2
126;20260919;2
127;20260912;1
13;20260911;1
13;20260913;1
13;20260914;1
13;20260915;1
13;20260916;1
13;20260917;1
130;20260829;1
131;20260822;1
131;20260823;1
133;20260825;1
133;20260906;1
135;20260905;1
135;20260913;1
135;20260914;1
135;20260916;1
135;20260917;1
136;20260901;1
136;20260906;1
137;20260905;2
14;20260831;1
141;20260920;1
141;20260921;1
148;20260829;2
15;20260909;2
15;20260910;2
15;20260911;2
15;20260912;2
15;20260913;2
15;20260914;2
15;20260915;2
150;20260822;1
150;20260904;1
151;20260903;1
152;20260911;1
152;20260916;1
152;20260907;2
153;20260915;1
153;20260920;1
155;20260829;2
155;20260830;2
155;20260904;2
156;20260909;1
158;20260824;1
159;20260907;1
159;20260830;2
160;20260822;1
160;20260828;1
160;20260910;1
160;20260917;1
160;20260918;1
160;20260919;1
161;20260905;1
161;20260917;1
161;20260913;2
161;20260914;2
161;20260916;2
162;20260912;1
162;20260913;1
164;20260912;1
164;20260917;1
164;20260920;2
166;20260822;1
166;20260824;1
166;20260825;1
166;20260831;1
166;20260901;1
166;20260902;1
166;20260903;1
166;20260904;1
172;20260822;1
172;20260914;1
172;20260915;1
172;20260916;1
172;20260917;1
172;20260918;1
173;20260828;1
173;20260911;1
173;20260903;2
174;20260915;1
176;20260822;1
176;20260823;1
176;20260919;1
176;20260920;1
179;20260903;2
180;20260920;1
181;20260822;1
181;20260901;2
181;20260902;2
181;20260903;2
184;20260907;1
184;20260908;1
186;20260822;1
186;20260904;1
186;20260830;2
186;20260901;2
186;20260902;2
186;20260903;2
187;20260903;2
189;20260901;2
189;20260902;2
189;20260903;2
19;20260828;1
19;20260829;1
19;20260830;1
19;20260912;1
19;20260913;1
19;20260914;1
19;20260915;1
19;20260916;1
19;20260917;1
190;20260831;1
190;20260921;1
193;20260823;1
193;20260829;1
193;20260830;1
193;20260831;1
193;20260905;1
194;20260919;1
194;20260920;1
195;20260921;1
197;20260829;1
197;20260912;1
197;20260913;1
197;20260914;1
197;20260915;1
197;20260916;1
197;20260917;1
197;20260918;1
198;20260912;1
2;20260919;1
2;20260920;1
201;20260905;1
201;20260909;1
201;20260913;1
202;20260823;2
204;20260909;2
204;20260910;2
205;20260910;2
205;20260911;2
207;20260829;2
207;20260830;2
209;20260911;1
209;20260826;2
209;20260827;2
21;20260822;1
21;20260906;1
21;20260913;1
210;20260916;1
212;20260921;1
213;20260908;1
216;20260919;1
216;20260920;1
219;20260913;1
219;20260919;2
22;20260822;1
22;20260823;1
220;20260830;2
222;20260831;2
222;20260901;2
222;20260902;2
222;20260903;2
223;20260906;1
223;20260913;1
227;20260901;1
228;20260906;2
229;20260829;2
229;20260830;2
23;20260826;2
23;20260827;2
23;20260908;2
230;20260823;1
230;20260824;1
230;20260902;1
230;20260903;1
233;20260914;2
234;20260825;1
234;20260905;1
234;20260906;1
234;20260907;1
235;20260828;1
235;20260919;1
235;20260920;1
235;20260921;1
237;20260827;1
237;20260829;1
237;20260906;1
237;20260910;1
239;20260828;2
239;20260831;2
241;20260909;2
241;20260910;2
241;20260911;2
242;20260901;1
242;20260906;1
242;20260907;1
242;20260921;1
246;20260912;2
246;20260913;2
247;20260910;2
247;20260911;2
249;20260906;1
249;20260919;2
25;20260828;2
250;20260829;2
250;20260830;2
250;20260909;2
250;20260910;2
250;20260911;2
250;20260912;2
250;20260913;2
253;20260824;1
253;20260825;1
253;20260827;1
253;20260910;1
253;20260912;1
255;20260826;2
255;20260827;2
256;20260830;1
257;20260828;1
257;20260829;1
257;20260830;1
257;20260831;1
257;20260913;1
257;20260914;1
257;20260915;1
257;20260916;1
257;20260917;1
258;20260912;2
26;20260825;1
26;20260826;1
26;20260827;1
260;20260919;1
260;20260920;1
260;20260921;1
261;20260831;1
263;20260919;2
263;20260920;2
264;20260909;2
264;20260910;2
264;20260911;2
264;20260912;2
264;20260913;2
272;20260916;2
272;20260920;2
273;20260921;1
273;20260913;2
276;20260904;1
276;20260913;1
277;20260828;1
277;20260829;1
277;20260831;1
277;20260918;1
277;20260919;1
279;20260907;2
279;20260908;2
279;20260909;2
279;20260910;2
279;20260911;2
279;20260912;2
28;20260908;1
28;20260917;1
28;20260919;2
282;20260822;1
282;20260823;1
283;20260831;2
287;20260903;1
287;20260904;1
29;20260822;1
29;20260831;1
291;20260916;1
291;20260917;1
292;20260912;1
293;20260828;1
293;20260905;2
295;20260830;1
295;20260907;1
296;20260909;1
296;20260912;1
296;20260915;1
297;20260901;1
3;20260913;1
3;20260916;1
3;20260917;1
3;20260921;1
30;20260822;1
30;20260912;1
30;20260913;1
302;20260823;1
303;20260908;1
303;20260914;1
304;20260829;2
304;20260830;2
304;20260908;2
306;20260917;2
307;20260831;2
309;20260921;1
31;20260825;1
31;20260907;1
31;20260918;1
31;20260920;1
31;20260921;1
311;20260901;1
311;20260906;1
311;20260907;1
311;20260908;1
311;20260917;1
312;20260913;1
314;20260909;2
316;20260914;1
316;20260921;1
319;20260830;2
320;20260911;1
320;20260913;1
320;20260919;2
321;20260822;1
321;20260823;1
326;20260919;1
326;20260920;1
326;20260831;2
327;20260831;2
328;20260822;1
328;20260823;1
332;20260827;1
332;20260830;1
336;20260914;2
337;20260919;2
337;20260920;2
341;20260919;2
343;20260829;2
344;20260919;1
344;20260920;1
344;20260903;2
349;20260904;2
351;20260824;1
351;20260825;1
351;20260826;1
351;20260906;1
351;20260920;1
351;20260921;1
351;20260918;2
353;20260823;1
353;20260824;1
354;20260822;1
354;20260823;1
354;20260831;2
354;20260901;2
354;20260902;2
354;20260903;2
355;20260903;1
357;20260829;2
359;20260830;2
36;20260912;1
36;20260913;1
360;20260918;2
361;20260920;1
362;20260907;1
366;20260911;1
366;20260912;1
366;20260913;1
366;20260915;1
367;20260823;1
367;20260908;1
367;20260915;1
367;20260902;2
367;20260903;2
369;20260901;1
372;20260830;2
372;20260831;2
374;20260917;2
374;20260918;2
375;20260829;1
376;20260905;2
376;20260906;2
378;20260905;2
378;20260906;2
38;20260917;1
38;20260904;2
38;20260905;2
38;20260915;2
38;20260916;2
381;20260901;1
381;20260902;1
381;20260907;1
381;20260913;1
382;20260822;1
382;20260824;1
382;20260830;1
382;20260905;1
385;20260829;2
385;20260830;2
385;20260907;2
385;20260908;2
385;20260909;2
387;20260826;1
387;20260903;1
387;20260905;1
387;20260906;1
387;20260915;1
387;20260916;1
387;20260921;1
39;20260829;2
39;20260830;2
390;20260824;1
390;20260921;1
394;20260825;1
394;20260829;2
396;20260920;1
398;20260822;1
398;20260823;1
398;20260824;1
398;20260825;1
398;20260826;1
398;20260827;1
398;20260828;1
398;20260914;1
398;20260915;1
398;20260916;1
398;20260917;1
398;20260918;1
398;20260920;1
4;20260822;1
400;20260829;1
400;20260910;1
401;20260822;1
401;20260823;1
401;20260831;1
401;20260901;1
401;20260902;1
401;20260903;1
401;20260904;1
401;20260906;1
404;20260829;2
404;20260919;2
404;20260920;2
405;20260907;1
405;20260908;1
405;20260916;1
406;20260903;2
406;20260904;2
407;20260829;1
407;20260912;1
408;20260905;2
408;20260906;2
409;20260909;1
411;20260822;1
411;20260904;1
411;20260911;1
414;20260828;2
417;20260829;2
418;20260904;2
418;20260905;2
418;20260914;2
418;20260915;2
418;20260916;2
420;20260831;2
420;20260901;2
420;20260902;2
420;20260903;2
420;20260904;2
420;20260907;2
421;20260914;2
425;20260822;1
425;20260823;1
425;20260919;1
425;20260920;1
425;20260831;2
425;20260901;2
425;20260902;2
425;20260903;2
427;20260921;1
428;20260919;1
428;20260920;1
429;20260822;1
430;20260918;2
430;20260919;2
430;20260920;2
432;20260905;1
432;20260921;1
433;20260908;1
433;20260918;1
440;20260911;2
445;20260901;1
448;20260920;2
450;20260909;2
450;20260910;2
450;20260911;2
450;20260912;2
450;20260913;2
451;20260825;1
451;20260831;1
451;20260829;2
452;20260905;1
452;20260912;1
452;20260914;1
452;20260915;1
452;20260916;1
452;20260917;1
452;20260921;1
455;20260906;2
456;20260831;1
456;20260903;1
456;20260917;1
457;20260823;1
457;20260920;1
458;20260822;1
458;20260830;1
458;20260901;1
46;20260901;1
460;20260906;2
461;20260830;2
461;20260831;2
461;20260901;2
461;20260902;2
461;20260903;2
461;20260904;2
462;20260915;1
462;20260916;1
464;20260902;1
468;20260829;2
468;20260919;2
47;20260822;1
47;20260907;1
470;20260911;1
470;20260915;1
472;20260824;1
472;20260827;1
472;20260905;1
475;20260912;1
477;20260829;2
477;20260830;2
479;20260920;1
482;20260905;2
482;20260906;2
483;20260822;1
483;20260823;1
483;20260825;1
483;20260826;1
487;20260916;2
487;20260919;2
487;20260920;2
488;20260829;2
488;20260830;2
49;20260823;1
49;20260824;1
49;20260825;1
49;20260826;1
49;20260904;1
49;20260911;1
49;20260915;1
49;20260919;1
49;20260920;1
491;20260910;1
491;20260920;1
491;20260921;1
492;20260913;2
492;20260920;2
493;20260914;1
494;20260905;1
494;20260906;1
494;20260915;1
494;20260916;1
494;20260917;1
494;20260918;1
494;20260920;1
494;20260921;1
495;20260831;2
495;20260901;2
495;20260902;2
495;20260903;2
495;20260904;2
497;20260828;2
497;20260907;2
497;20260908;2
497;20260909;2
497;20260910;2
5;20260829;2
5;20260912;2
50;20260902;1
50;20260907;2
50;20260908;2
50;20260910;2
501;20260908;1
509;20260906;1
509;20260911;1
509;20260913;1
509;20260920;1
509;20260921;1
51;20260919;1
51;20260920;1
510;20260904;1
511;20260915;1
512;20260912;1
512;20260913;1
512;20260916;1
512;20260918;1
512;20260914;2
513;20260904;2
517;20260912;1
518;20260907;2
518;20260908;2
518;20260909;2
518;20260911;2
519;20260822;1
519;20260912;1
52;20260903;1
521;20260915;1
522;20260918;1
524;20260909;2
524;20260910;2
524;20260911;2
525;20260831;2
525;20260901;2
525;20260902;2
525;20260903;2
528;20260904;2
529;20260912;1
529;20260906;2
53;20260902;2
537;20260823;1
539;20260902;1
541;20260822;1
541;20260903;1
541;20260830;2
541;20260831;2
542;20260903;1
544;20260823;1
544;20260918;1
544;20260906;2
544;20260909;2
546;20260822;1
546;20260823;1
546;20260901;1
546;20260903;1
551;20260905;1
551;20260906;1
551;20260914;1
551;20260915;1
551;20260916;1
551;20260917;1
551;20260918;1
551;20260920;1
552;20260911;1
552;20260919;2
553;20260906;1
555;20260904;2
556;20260830;1
559;20260908;2
561;20260910;1
561;20260918;1
563;20260913;1
564;20260905;2
565;20260829;1
565;20260905;1
565;20260903;2
567;20260822;1
567;20260919;1
567;20260915;2
567;20260916;2
567;20260917;2
569;20260830;1
569;20260913;1
569;20260916;1
569;20260920;1
57;20260901;1
571;20260904;1
571;20260829;2
571;20260830;2
573;20260918;1
573;20260912;2
573;20260913;2
575;20260912;1
575;20260913;1
579;20260824;1
579;20260829;1
579;20260830;1
579;20260831;1
579;20260908;1
579;20260909;1
58;20260913;1
580;20260824;1
580;20260825;1
580;20260901;1
583;20260917;1
585;20260825;1
585;20260826;1
585;20260905;1
585;20260830;2
585;20260831;2
588;20260831;1
59;20260919;1
590;20260907;1
590;20260908;1
590;20260909;1
590;20260920;1
592;20260916;1
592;20260830;2
593;20260913;1
593;20260905;2
595;20260919;1
595;20260920;1
595;20260904;2
597;20260915;1
598;20260905;1
599;20260906;1
602;20260828;2
602;20260829;2
602;20260830;2
602;20260831;2
602;20260901;2
602;20260902;2
602;20260903;2
603;20260919;2
604;20260915;1
604;20260916;1
604;20260917;1
604;20260918;1
605;20260905;1
605;20260920;1
606;20260822;1
606;20260823;1
606;20260825;2
606;20260827;2
607;20260921;1
608;20260822;1
612;20260829;1
613;20260822;1
613;20260823;1
613;20260902;1
613;20260915;1
613;20260916;1
613;20260917;1
613;20260921;1
613;20260907;2
613;20260908;2
614;20260911;1
615;20260919;1
616;20260822;1
616;20260823;1
616;20260827;1
616;20260917;1
616;20260911;2
618;20260825;1
618;20260826;1
618;20260827;1
618;20260915;1
618;20260916;1
618;20260917;1
618;20260904;2
618;20260905;2
618;20260906;2
618;20260907;2
619;20260920;1
621;20260907;1
621;20260908;1
621;20260909;1
621;20260910;1
621;20260911;1
622;20260830;1
622;20260831;1
625;20260822;1
625;20260904;1
625;20260830;2
630;20260829;2
630;20260830;2
633;20260823;1
633;20260920;1
635;20260822;1
635;20260823;1
635;20260831;2
635;20260903;2
636;20260830;1
637;20260902;2
637;20260915;2
64;20260822;1
64;20260823;1
643;20260908;1
643;20260909;1
643;20260914;1
643;20260920;1
645;20260824;1
646;20260919;1
647;20260822;1
647;20260919;1
647;20260920;1
650;20260912;2
652;20260913;1
652;20260920;1
652;20260829;2
653;20260822;1
653;20260826;1
653;20260831;1
653;20260907;1
653;20260908;1
653;20260909;1
655;20260828;2
655;20260829;2
656;20260828;1
657;20260828;2
657;20260829;2
657;20260830;2
66;20260913;1
66;20260914;1
66;20260915;1
66;20260921;1
660;20260919;1
660;20260920;1
661;20260828;2
661;20260830;2
665;20260919;2
666;20260906;2
667;20260822;1
667;20260823;1
667;20260918;1
667;20260831;2
667;20260901;2
667;20260902;2
667;20260903;2
668;20260903;2
668;20260905;2
668;20260906;2
669;20260904;1
669;20260905;1
669;20260911;1
669;20260827;2
669;20260901;2
669;20260906;2
669;20260920;2
67;20260825;1
670;20260904;2
672;20260830;1
672;20260920;1
673;20260909;1
673;20260920;1
676;20260910;1
678;20260915;1
678;20260907;2
679;20260828;2
679;20260916;2
68;20260905;2
682;20260822;1
682;20260823;1
682;20260904;1
683;20260905;1
684;20260907;1
684;20260920;1
685;20260825;1
685;20260911;1
685;20260915;1
685;20260918;1
685;20260830;2
685;20260909;2
686;20260826;2
686;20260827;2
686;20260828;2
686;20260829;2
686;20260830;2
687;20260912;2
688;20260829;1
688;20260830;1
688;20260912;1
688;20260913;1
688;20260914;1
688;20260915;1
688;20260916;1
688;20260917;1
688;20260918;1
69;20260917;1
69;20260918;1
69;20260912;2
691;20260910;1
691;20260906;2
691;20260915;2
692;20260825;1
692;20260829;2
692;20260830;2
695;20260902;2
696;20260822;1
696;20260904;1
696;20260921;1
696;20260903;2
697;20260912;1
698;20260913;1
699;20260901;1
699;20260907;1
7;20260822;1
7;20260909;1
702;20260822;1
704;20260920;1
704;20260831;2
705;20260905;1
705;20260906;1
705;20260913;1
705;20260914;1
705;20260915;1
705;20260916;1
705;20260921;1
706;20260829;2
708;20260908;1
708;20260909;1
708;20260917;1
709;20260822;1
709;20260823;1
71;20260823;1
710;20260823;1
712;20260915;1
713;20260917;1
713;20260831;2
714;20260822;1
714;20260823;1
714;20260920;1
714;20260921;1
714;20260827;2
714;20260908;2
716;20260905;1
716;20260906;1
717;20260828;2
717;20260829;2
717;20260830;2
720;20260910;1
720;20260921;1
723;20260831;2
723;20260901;2
723;20260902;2
723;20260903;2
725;20260822;1
725;20260825;1
725;20260901;1
725;20260902;1
725;20260903;1
725;20260916;1
725;20260907;2
725;20260920;2
727;20260830;1
727;20260913;1
727;20260916;1
728;20260822;1
728;20260914;1
728;20260915;1
728;20260916;1
728;20260919;1
729;20260825;1
729;20260831;1
731;20260902;1
732;20260907;1
733;20260905;1
733;20260906;1
735;20260903;2
737;20260905;1
737;20260908;1
737;20260904;2
737;20260909;2
738;20260919;2
738;20260920;2
739;20260831;2
739;20260905;2
740;20260912;1
740;20260913;1
742;20260822;1
742;20260823;1
742;20260919;1
742;20260920;1
742;20260918;2
743;20260909;2
743;20260910;2
743;20260913;2
745;20260825;1
745;20260915;1
745;20260831;2
745;20260902;2
745;20260903;2
746;20260823;1
747;20260822;1
747;20260823;1
747;20260824;1
747;20260901;1
749;20260830;1
749;20260921;1
75;20260920;1
75;20260921;1
75;20260911;2
750;20260908;2
751;20260915;1
753;20260909;2
753;20260910;2
753;20260911;2
754;20260910;2
756;20260909;1
761;20260831;1
763;20260830;1
763;20260831;1
763;20260911;1
763;20260912;1
764;20260822;1
764;20260831;1
766;20260824;1
766;20260825;1
768;20260911;1
768;20260919;2
769;20260825;1
77;20260904;2
77;20260914;2
77;20260915;2
77;20260916;2
770;20260908;1
770;20260909;1
770;20260920;1
774;20260913;1
775;20260904;1
775;20260905;1
775;20260912;1
775;20260913;1
775;20260914;1
775;20260916;1
775;20260917;1
775;20260920;1
778;20260910;1
778;20260911;1
779;20260831;1
779;20260906;1
779;20260909;1
78;20260825;2
78;20260909;2
781;20260822;1
781;20260823;1
781;20260831;2
781;20260901;2
781;20260902;2
781;20260903;2
783;20260822;1
783;20260823;1
783;20260828;1
783;20260911;1
783;20260912;1
783;20260913;1
783;20260903;2
785;20260822;1
785;20260907;1
79;20260829;2
79;20260830;2
79;20260831;2
79;20260905;2
79;20260906;2
790;20260915;2
790;20260918;2
790;20260919;2
796;20260904;2
797;20260823;1
797;20260825;1
797;20260911;1
797;20260918;1
797;20260920;1
797;20260910;2
797;20260914;2
797;20260916;2
798;20260919;2
8;20260914;1
8;20260915;1
8;20260921;1
80;20260912;1
80;20260921;1
80;20260920;2
801;20260830;2
801;20260904;2
803;20260826;1
804;20260905;1
804;20260912;1
804;20260914;1
804;20260915;1
804;20260916;1
804;20260917;1
804;20260918;1
804;20260921;1
809;20260829;1
810;20260822;1
810;20260917;1
810;20260918;1
810;20260921;1
812;20260913;1
812;20260921;1
813;20260822;1
813;20260828;1
813;20260903;1
813;20260917;1
813;20260831;2
813;20260902;2
813;20260906;2
82;20260822;1
82;20260823;1
82;20260831;2
820;20260824;2
820;20260909;2
820;20260910;2
820;20260911;2
820;20260912;2
820;20260913;2
820;20260919;2
821;20260828;1
826;20260914;1
826;20260921;1
827;20260903;2
828;20260822;1
828;20260914;1
828;20260916;1
828;20260917;1
828;20260918;1
832;20260912;1
832;20260910;2
836;20260825;1
836;20260907;1
838;20260824;1
838;20260825;1
839;20260917;1
839;20260918;1
839;20260919;1
839;20260920;1
840;20260822;1
840;20260823;1
840;20260825;2
842;20260824;1
842;20260902;1
842;20260908;1
842;20260919;1
842;20260917;2
845;20260825;1
847;20260911;2
848;20260830;1
849;20260919;1
849;20260920;1
849;20260921;1
849;20260828;2
849;20260829;2
849;20260830;2
849;20260831;2
849;20260913;2
849;20260914;2
849;20260915;2
849;20260916;2
849;20260917;2
85;20260913;1
850;20260822;1
850;20260829;1
850;20260830;1
852;20260903;1
857;20260825;1
859;20260919;1
86;20260829;2
861;20260829;1
861;20260830;1
862;20260830;2
862;20260831;2
862;20260901;2
862;20260902;2
862;20260903;2
862;20260904;2
865;20260831;1
867;20260822;1
867;20260823;1
867;20260920;1
867;20260921;1
872;20260822;1
872;20260831;2
872;20260901;2
872;20260902;2
872;20260903;2
874;20260902;1
874;20260918;1
874;20260920;1
881;20260917;2
881;20260919;2
881;20260920;2
882;20260913;1
882;20260919;2
883;20260914;2
886;20260823;1
886;20260825;1
890;20260911;1
891;20260904;1
893;20260901;1
893;20260902;1
893;20260903;1
899;20260921;1
90;20260906;1
900;20260905;2
905;20260824;1
905;20260825;1
907;20260830;2
907;20260831;2
908;20260901;2
911;20260921;1
913;20260905;1
913;20260913;1
913;20260914;1
913;20260916;1
913;20260917;1
914;20260822;1
914;20260823;1
914;20260825;1
914;20260901;1
914;20260902;1
914;20260903;1
916;20260917;1
916;20260919;1
916;20260920;1
916;20260911;2
917;20260822;1
917;20260831;2
917;20260902;2
917;20260906;2
919;20260822;1
919;20260823;1
919;20260831;2
919;20260901;2
919;20260902;2
919;20260903;2
919;20260904;2
929;20260920;1
929;20260921;1
931;20260910;1
932;20260914;1
932;20260920;1
932;20260911;2
932;20260912;2
932;20260915;2
934;20260912;1
934;20260913;1
935;20260904;1
935;20260905;1
935;20260911;1
935;20260827;2
935;20260901;2
939;20260919;1
939;20260920;1
94;20260919;1
94;20260831;2
942;20260910;1
942;20260911;1
942;20260829;2
942;20260830;2
942;20260901;2
942;20260902;2
945;20260826;2
945;20260827;2
945;20260828;2
945;20260829;2
945;20260830;2
946;20260827;2
946;20260828;2
946;20260829;2
946;20260830;2
946;20260908;2
950;20260905;1
950;20260921;1
951;20260910;1
951;20260911;1
951;20260913;1
951;20260916;1
954;20260902;2
954;20260914;2
954;20260915;2
954;20260918;2
954;20260920;2
957;20260904;1
957;20260906;1
96;20260905;1
960;20260822;1
960;20260823;1
961;20260916;2
961;20260917;2
961;20260919;2
961;20260920;2
966;20260904;1
97;20260826;2
97;20260827;2
97;20260828;2
970;20260919;1
970;20260920;1
971;20260824;2
973;20260827;1
973;20260831;1
973;20260901;1
973;20260907;1
973;20260905;2
973;20260912;2
974;20260907;1
975;20260919;2
975;20260920;2
978;20260913;2
979;20260919;2
979;20260920;2
982;20260905;1
982;20260906;1
982;20260912;1
982;20260913;1
982;20260915;1
982;20260916;1
982;20260917;1
982;20260918;1
982;20260921;1
986;20260910;2
987;20260822;1
987;20260823;1
987;20260824;1
987;20260831;1
987;20260901;1
987;20260902;1
990;20260822;1
990;20260830;1
990;20260901;1
991;20260824;1
995;20260830;1
995;20260919;1
996;20260909;1
996;20260913;1
996;20260919;2
