linie;knoten;richtung;abfahrten_tag;minuten;haeufigste_minute;anteil_haeufigste;top2_anteil;streuung;takt_bewertung
IC 56;Hannover Hbf;Leipzig;5.77;36(3.3), 37(1.6), 35(0.8), 19(0.0);36;0.57;0.85;1.4;Zwei-Lagen-Takt (120 min)
ICE 78;Frankfurt(Main)Hbf;Arnhem Centraal;6.68;34(3.6), 39(1.4), 38(1.2), 37(0.5);34;0.55;0.75;2.9;Zwei-Lagen-Takt (120 min)
ICE 78;Köln Hbf;Arnhem Centraal;7.0;49(3.8), 53(3.2);49;0.55;1.0;2.7;Zwei-Lagen-Takt (120 min)
ICE 78;Duisburg Hbf;Arnhem Centraal;7.0;25(7.0);25;1.0;1.0;0.0;60-min-Takt stabil
ECE 88;München Hbf;Lindau-Reutin;5.1;32(2.1), 31(1.0), 48(1.0), 36(0.5), 34(0.4), 33(0.1);32;0.41;0.61;7.2;kein systematischer Takt
ICE 55;Duisburg Hbf;Dortmund;1.0;56(0.5), 29(0.5), 10(0.0);56;0.52;0.97;18.3;Zwei-Lagen-Takt (120 min)
ICE 79;Köln Hbf;Frankfurt;7.81;18(5.8), 19(2.0), 25(0.0);18;0.74;1.0;0.7;60-min-Takt stabil
ICE 78;Duisburg Hbf;Frankfurt;6.0;33(6.0);33;1.0;1.0;0.0;60-min-Takt stabil
ICE 78;Köln Hbf;Frankfurt;6.0;18(3.3), 53(1.8), 49(0.5), 51(0.5), 17(0.0);18;0.54;0.84;17.5;Zwei-Lagen-Takt (120 min)
ICE 42;Hamburg Hbf;München;7.0;45(6.9), 10(0.1);45;0.99;1.0;2.4;60-min-Takt stabil
ICE 42;Bremen Hbf;München;7.0;44(6.9), 07(0.1);44;0.99;1.0;2.2;60-min-Takt stabil
ICE 42;Münster(Westf)Hbf;München;7.87;02(6.9), 03(1.0);2;0.88;1.0;0.4;60-min-Takt stabil
ICE 42;Dortmund Hbf;München;7.42;36(7.3), 37(0.1), 29(0.1), 35(0.0);36;0.98;0.99;0.7;60-min-Takt stabil
ICE 42;Köln Hbf;München;8.9;54(7.2), 48(1.0), 55(0.2), 08(0.1), 24(0.1), 00(0.1);54;0.81;0.92;4.5;60-min-Takt stabil
ICE 42;Mannheim Hbf;München;9.0;33(8.0), 04(0.5), 24(0.1), 09(0.1), 50(0.0), 20(0.0);33;0.89;0.94;8.0;60-min-Takt stabil
ICE 42;Stuttgart Hbf;München;9.0;17(8.0), 39(0.6), 25(0.0), 29(0.0), 24(0.0), 16(0.0);17;0.89;0.96;6.8;60-min-Takt stabil
ICE 33;Münster(Westf)Hbf;Westerland;1.74;28(1.0), 50(0.7), 09(0.1);28;0.57;0.96;14.2;Zwei-Lagen-Takt (120 min)
ICE 33;Bremen Hbf;Westerland;1.74;51(1.0), 13(0.7), 23(0.1);51;0.57;0.96;14.7;Zwei-Lagen-Takt (120 min)
ICE 22;Stuttgart Hbf;Hamburg;4.45;22(3.5), 23(1.0);22;0.78;1.0;0.5;60-min-Takt stabil
ICE 22;Mannheim Hbf;Hamburg;4.45;03(4.5);3;1.0;1.0;0.0;60-min-Takt stabil
ICE 22;Frankfurt(Main)Hbf;Hamburg;4.06;46(3.6), 41(0.4), 21(0.1);46;0.88;0.98;3.5;60-min-Takt stabil
ICE 22;Kassel-Wilhelmshöhe;Hamburg;4.94;13(4.1), 12(0.4), 16(0.2), 15(0.1), 18(0.1), 17(0.1);13;0.83;0.9;2.0;60-min-Takt stabil
ICE 22;Hannover Hbf;Hamburg;5.94;08(4.8), 27(1.0), 13(0.1), 44(0.0), 39(0.0), 40(0.0);8;0.8;0.97;8.5;60-min-Takt stabil
ICE 43;Karlsruhe Hbf;Hamburg;6.0;59(6.0);59;1.0;1.0;0.0;60-min-Takt stabil
ICE 43;Mannheim Hbf;Hamburg;6.0;33(6.0);33;1.0;1.0;0.0;60-min-Takt stabil
ICE 43;Köln Hbf;Hamburg;8.0;11(8.0);11;1.0;1.0;0.0;60-min-Takt stabil
ICE 43;Dortmund Hbf;Hamburg;3.65;28(3.2), 27(0.5);28;0.88;1.0;0.4;60-min-Takt stabil
ICE 43;Münster(Westf)Hbf;Hamburg;8.0;56(4.5), 57(3.5), 59(0.0);56;0.56;1.0;0.7;Zwei-Lagen-Takt (120 min)
ICE 43;Bremen Hbf;Hamburg;8.0;17(4.3), 18(2.7), 20(0.9), 21(0.0), 23(0.0);17;0.54;0.88;1.3;Zwei-Lagen-Takt (120 min)
ICE 82;Frankfurt(Main)Hbf;Saarbrücken;2.65;53(1.8), 54(0.7), 22(0.1), 55(0.0), 38(0.0);53;0.7;0.95;4.9;60-min-Takt stabil
ICE 82;Mannheim Hbf;Saarbrücken;2.65;40(2.4), 41(0.1), 21(0.1), 08(0.0), 31(0.0);40;0.91;0.95;4.4;60-min-Takt stabil
ICE 19;Berlin Hbf;Köln;7.16;04(6.8), 10(0.2), 02(0.2), 26(0.0);4;0.95;0.97;1.8;60-min-Takt stabil
ICE 19;Hannover Hbf;Köln;7.77;40(7.0), 43(0.8), 02(0.0);40;0.9;1.0;1.7;60-min-Takt stabil
ICE 43;Hamburg Hbf;Basel;5.58;45(3.7), 41(0.9), 42(0.9);45;0.66;0.83;2.0;60-min-Takt stabil
ICE 43;Bremen Hbf;Basel;5.58;45(2.8), 44(1.9), 40(0.9);45;0.5;0.83;2.1;Zwei-Lagen-Takt (120 min)
ICE 43;Münster(Westf)Hbf;Basel;5.58;02(5.6);2;1.0;1.0;0.0;60-min-Takt stabil
ICE 43;Dortmund Hbf;Basel;3.68;32(2.7), 24(0.5), 15(0.5);32;0.75;0.88;6.6;60-min-Takt stabil
ICE 43;Köln Hbf;Basel;6.52;54(6.5);54;1.0;1.0;0.0;60-min-Takt stabil
ICE 43;Mannheim Hbf;Basel;6.52;37(6.5);37;1.0;1.0;0.0;60-min-Takt stabil
ICE 43;Karlsruhe Hbf;Basel;6.52;01(6.5), 05(0.0);1;1.0;1.0;0.3;60-min-Takt stabil
ICE 18;Berlin Hbf;München;1.0;28(0.9), 12(0.0), 32(0.0);28;0.94;0.97;3.0;60-min-Takt stabil
ICE 18;Nürnberg Hbf;München;4.35;59(2.0), 48(0.7), 16(0.7), 13(0.6), 08(0.3), 57(0.0);59;0.46;0.61;10.1;kein systematischer Takt
IC 61;Leipzig Hbf;Karlsruhe;1.52;50(1.5);50;1.0;1.0;0.0;60-min-Takt stabil
IC 61;Nürnberg Hbf;Karlsruhe;5.84;40(1.5), 41(1.5), 42(1.5), 37(0.5), 35(0.5), 38(0.2);40;0.26;0.52;2.1;kein systematischer Takt
IC 61;Stuttgart Hbf;Karlsruhe;5.84;59(5.2), 09(0.3), 33(0.2), 24(0.1), 53(0.1);59;0.9;0.94;6.1;60-min-Takt stabil
ICE 43;Duisburg Hbf;Basel;3.32;11(2.4), 10(1.0);11;0.71;1.0;0.5;60-min-Takt stabil
ICE 50;Frankfurt(Main)Hbf;Dresden;7.0;19(6.8), 53(0.1), 18(0.1);19;0.97;0.99;3.5;60-min-Takt stabil
ICE 50;Fulda;Dresden;7.0;15(6.7), 27(0.1), 39(0.1), 28(0.1), 38(0.1);15;0.96;0.97;3.6;60-min-Takt stabil
ICE 50;Erfurt Hbf;Dresden;7.0;49(6.7), 01(0.1), 13(0.1), 02(0.1), 12(0.1);49;0.96;0.97;3.6;60-min-Takt stabil
ICE 50;Leipzig Hbf;Dresden;7.9;38(6.6), 37(1.0), 50(0.1), 02(0.1), 51(0.1), 01(0.1);38;0.84;0.97;3.4;60-min-Takt stabil
ICE 15;Berlin Hbf;Frankfurt;3.32;05(3.3);5;1.0;1.0;0.0;60-min-Takt stabil
ICE 15;Erfurt Hbf;Frankfurt;3.32;50(3.3);50;1.0;1.0;0.0;60-min-Takt stabil
ICE 62;München Hbf;Frankfurt;2.77;47(1.7), 43(0.8), 48(0.3);47;0.63;0.91;2.1;60-min-Takt stabil
ICE 47;Köln Hbf;München;1.39;25(0.8), 18(0.5);25;0.6;1.0;4.4;60-min-Takt stabil
ICE 47;Mannheim Hbf;München;7.23;56(7.2);56;1.0;1.0;0.0;60-min-Takt stabil
ICE 47;Stuttgart Hbf;München;2.13;43(2.1);43;1.0;1.0;0.0;60-min-Takt stabil
ICE 41;München Hbf;Köln;6.58;45(3.5), 44(1.7), 46(0.5), 42(0.5), 41(0.4);45;0.54;0.8;1.4;Zwei-Lagen-Takt (120 min)
ICE 41;Nürnberg Hbf;Köln;6.58;00(6.1), 59(0.5);0;0.93;1.0;0.3;60-min-Takt stabil
ICE 41;Würzburg Hbf;Köln;6.58;55(6.6);55;1.0;1.0;0.0;60-min-Takt stabil
ICE 11;Stuttgart Hbf;Hamburg;1.45;49(1.5);49;1.0;1.0;0.0;60-min-Takt stabil
ICE 11;Mannheim Hbf;Hamburg;1.45;29(1.5);29;1.0;1.0;0.0;60-min-Takt stabil
ICE 11;Frankfurt(Main)Hbf;Hamburg;1.48;15(1.5);15;1.0;1.0;0.0;60-min-Takt stabil
ICE 11;Fulda;Hamburg;1.74;12(1.7);12;1.0;1.0;0.0;60-min-Takt stabil
ICE 11;Erfurt Hbf;Hamburg;1.74;29(1.7);29;1.0;1.0;0.0;60-min-Takt stabil
ICE 11;Leipzig Hbf;Hamburg;1.74;16(1.7);16;1.0;1.0;0.0;60-min-Takt stabil
ICE 11;Berlin Hbf;Hamburg;1.74;33(1.2), 34(0.6);33;0.67;1.0;0.6;60-min-Takt stabil
IC 35;Münster(Westf)Hbf;Düsseldorf;2.52;30(2.4), 33(0.1);30;0.95;1.0;0.7;60-min-Takt stabil
IC 35;Duisburg Hbf;Düsseldorf;2.52;32(2.1), 46(0.2), 47(0.1), 40(0.1), 55(0.1), 49(0.0);32;0.83;0.9;6.3;60-min-Takt stabil
ICE 22;Frankfurt(Main)Hbf;Kiel;3.48;46(3.0), 41(0.5);46;0.85;1.0;1.9;60-min-Takt stabil
ICE 22;Kassel-Wilhelmshöhe;Kiel;4.06;13(3.5), 12(0.5), 15(0.1), 09(0.0);13;0.85;0.97;0.6;60-min-Takt stabil
ICE 22;Hannover Hbf;Kiel;4.06;08(4.0), 05(0.0);8;0.99;1.0;0.3;60-min-Takt stabil
ICE 22;Hamburg Hbf;Kiel;4.06;33(3.5), 39(0.3), 47(0.3), 30(0.0);33;0.85;0.92;4.1;60-min-Takt stabil
ICE 42;München Hbf;Hamburg;6.97;28(5.0), 33(0.9), 01(0.8), 34(0.1), 39(0.0), 25(0.0);28;0.72;0.85;9.7;60-min-Takt stabil
ICE 42;Stuttgart Hbf;Hamburg;7.97;49(7.0), 21(0.7), 22(0.3);49;0.88;0.96;9.7;60-min-Takt stabil
ICE 42;Mannheim Hbf;Hamburg;7.97;34(6.9), 01(0.9), 33(0.1), 37(0.0), 47(0.0);34;0.87;0.98;9.1;60-min-Takt stabil
ICE 42;Köln Hbf;Hamburg;9.81;11(7.7), 09(0.5), 10(0.3), 00(0.3), 55(0.2), 12(0.1);11;0.79;0.84;5.7;60-min-Takt stabil
ICE 42;Dortmund Hbf;Hamburg;8.68;25(6.9), 24(0.5), 31(0.2), 35(0.2), 48(0.1), 46(0.1);25;0.8;0.86;5.6;60-min-Takt stabil
ICE 42;Münster(Westf)Hbf;Hamburg;9.94;56(8.7), 14(0.5), 26(0.1), 18(0.1), 48(0.1), 36(0.1);56;0.88;0.93;6.6;60-min-Takt stabil
ICE 42;Bremen Hbf;Hamburg;9.97;17(7.7), 22(0.8), 53(0.8), 23(0.2), 28(0.1), 57(0.1);17;0.77;0.85;7.5;60-min-Takt stabil
EC 62;München Hbf;Salzburg;2.0;16(1.0), 15(1.0);16;0.5;1.0;0.7;Zwei-Lagen-Takt (120 min)
ICE 25;Hannover Hbf;München;15.65;27(13.0), 25(1.6), 03(0.8), 04(0.1), 05(0.1), 41(0.0);27;0.83;0.93;5.9;60-min-Takt stabil
ICE 25;Kassel-Wilhelmshöhe;München;14.65;23(13.0), 25(1.0), 26(0.6), 37(0.0);23;0.89;0.96;1.0;60-min-Takt stabil
ICE 25;Fulda;München;14.68;56(13.6), 57(0.8), 58(0.2), 10(0.0), 37(0.0);56;0.93;0.98;1.2;60-min-Takt stabil
ICE 25;Würzburg Hbf;München;15.55;29(11.4), 30(3.2), 54(0.5), 02(0.2), 53(0.1), 01(0.0);29;0.73;0.94;6.0;60-min-Takt stabil
ICE 25;Hamburg Hbf;München;11.0;01(10.0), 28(1.0), 15(0.0), 29(0.0);1;0.91;0.99;8.2;60-min-Takt stabil
ICE 25;Nürnberg Hbf;München;15.42;29(13.3), 30(0.7), 52(0.4), 00(0.2), 35(0.1), 36(0.1);29;0.86;0.9;6.4;60-min-Takt stabil
ICE 29;München Hbf;Berlin;15.68;21(5.7), 17(4.0), 19(3.0), 18(2.0), 22(1.0);21;0.36;0.62;2.5;kein systematischer Takt
ICE 29;Nürnberg Hbf;Berlin;16.0;36(16.0);36;1.0;1.0;0.0;60-min-Takt stabil
ICE 29;Erfurt Hbf;Berlin;16.0;46(16.0);46;1.0;1.0;0.0;60-min-Takt stabil
ICE 29;Berlin Hbf;Berlin;15.87;27(8.9), 26(6.0), 29(0.8), 57(0.1), 50(0.0), 08(0.0);27;0.56;0.94;2.7;Zwei-Lagen-Takt (120 min)
ICE 77;Hannover Hbf;Berlin;6.9;04(6.6), 51(0.3), 30(0.1);4;0.95;0.99;3.6;60-min-Takt stabil
ICE 11;München Hbf;Berlin;5.84;45(4.1), 46(0.8), 42(0.6), 43(0.1), 06(0.1), 38(0.1);45;0.71;0.84;3.6;60-min-Takt stabil
ICE 11;Stuttgart Hbf;Berlin;6.55;49(5.5), 54(0.3), 51(0.2), 53(0.1), 09(0.1), 00(0.1);49;0.85;0.89;3.6;60-min-Takt stabil
ICE 11;Mannheim Hbf;Berlin;6.55;29(5.5), 15(0.8), 30(0.1), 24(0.0), 14(0.0), 00(0.0);29;0.85;0.98;5.5;60-min-Takt stabil
ICE 11;Frankfurt(Main)Hbf;Berlin;6.23;15(5.5), 31(0.5), 46(0.1), 40(0.0), 53(0.0);15;0.89;0.98;6.1;60-min-Takt stabil
ICE 11;Fulda;Berlin;6.26;12(6.2), 14(0.1);12;0.99;1.0;0.2;60-min-Takt stabil
ICE 11;Erfurt Hbf;Berlin;7.26;29(6.3), 07(0.8), 22(0.1), 16(0.0), 14(0.0), 33(0.0);29;0.86;0.98;7.6;60-min-Takt stabil
ICE 11;Leipzig Hbf;Berlin;6.19;16(6.2);16;1.0;1.0;0.0;60-min-Takt stabil
ICE 11;Berlin Hbf;Berlin;5.23;37(4.2), 10(0.8), 25(0.1), 19(0.0), 17(0.0), 36(0.0);37;0.81;0.97;11.1;60-min-Takt stabil
ICE 12;Karlsruhe Hbf;Berlin;7.71;59(7.5), 01(0.2);59;0.97;1.0;0.3;60-min-Takt stabil
ICE 12;Mannheim Hbf;Berlin;7.71;30(7.7), 32(0.0);30;1.0;1.0;0.1;60-min-Takt stabil
ICE 12;Fulda;Berlin;8.68;14(7.6), 16(1.0), 15(0.1), 30(0.0);14;0.88;0.99;1.2;60-min-Takt stabil
ICE 12;Kassel-Wilhelmshöhe;Berlin;8.35;46(7.7), 45(0.6), 52(0.0);46;0.92;1.0;0.5;60-min-Takt stabil
ICE 12;Berlin Hbf;Basel;7.0;31(2.8), 37(1.8), 32(0.9), 30(0.7), 34(0.6), 24(0.0);31;0.4;0.66;3.3;kein systematischer Takt
ICE 12;Kassel-Wilhelmshöhe;Basel;6.39;13(5.1), 14(0.9), 52(0.1), 54(0.1), 48(0.1), 55(0.0);13;0.8;0.94;4.6;60-min-Takt stabil
ICE 12;Fulda;Basel;6.9;46(6.0), 33(0.6), 55(0.1), 51(0.1), 31(0.0), 00(0.0);46;0.87;0.96;4.3;60-min-Takt stabil
ICE 12;Frankfurt(Main)Hbf;Basel;6.74;50(6.6), 48(0.1), 17(0.0), 57(0.0);50;0.98;0.99;1.9;60-min-Takt stabil
ICE 12;Mannheim Hbf;Basel;8.19;37(6.9), 36(0.7), 35(0.3), 34(0.2), 04(0.0), 44(0.0);37;0.84;0.93;1.9;60-min-Takt stabil
ICE 12;Karlsruhe Hbf;Basel;9.0;01(7.1), 56(0.8), 00(0.7), 58(0.2), 59(0.1), 28(0.0);1;0.78;0.87;2.3;60-min-Takt stabil
ICE 25;München Hbf;Hamburg;13.19;12(3.0), 06(2.5), 11(1.6), 10(0.9), 09(0.8), 05(0.8);12;0.23;0.42;10.3;kein systematischer Takt
ICE 25;Würzburg Hbf;Hamburg;13.1;30(6.0), 28(5.6), 17(0.9), 27(0.5);30;0.46;0.89;3.7;Zwei-Lagen-Takt (120 min)
ICE 25;Fulda;Hamburg;12.19;04(12.2), 03(0.0);4;1.0;1.0;0.1;60-min-Takt stabil
ICE 25;Kassel-Wilhelmshöhe;Hamburg;12.19;36(12.2), 35(0.0);36;1.0;1.0;0.1;60-min-Takt stabil
ICE 25;Hannover Hbf;Hamburg;13.19;36(12.1), 27(0.3), 26(0.3), 11(0.3), 48(0.0), 20(0.0);36;0.91;0.94;4.8;60-min-Takt stabil
ICE 83;Stuttgart Hbf;Strasbourg;1.23;52(0.5), 35(0.4), 43(0.4), 33(0.0);52;0.37;0.68;11.1;kein systematischer Takt
ICE 83;Karlsruhe Hbf;Strasbourg;1.81;32(1.5), 30(0.4);32;0.8;1.0;0.9;60-min-Takt stabil
ICE 29;Berlin Hbf;München;16.0;36(9.6), 37(6.4);36;0.6;1.0;0.6;60-min-Takt stabil
ICE 29;Erfurt Hbf;München;16.0;14(16.0), 47(0.0);14;1.0;1.0;1.2;60-min-Takt stabil
ICE 29;Nürnberg Hbf;München;15.97;25(14.3), 32(1.4), 44(0.1), 39(0.1), 58(0.0), 26(0.0);25;0.89;0.98;3.1;60-min-Takt stabil
ICE 60;München Hbf;Karlsruhe;2.71;02(1.5), 00(0.5), 59(0.4), 03(0.2), 58(0.2);2;0.54;0.74;1.7;Zwei-Lagen-Takt (120 min)
ICE 60;Stuttgart Hbf;Karlsruhe;1.61;12(0.5), 08(0.3), 09(0.3), 11(0.3), 10(0.2);12;0.28;0.48;2.4;kein systematischer Takt
ICE 47;München Hbf;Dortmund;3.61;20(2.4), 19(1.2), 53(0.0), 02(0.0), 11(0.0);20;0.65;0.97;3.2;60-min-Takt stabil
ICE 47;Stuttgart Hbf;Dortmund;1.55;26(1.5);26;1.0;1.0;0.0;60-min-Takt stabil
ICE 47;Mannheim Hbf;Dortmund;4.06;07(4.1);7;1.0;1.0;0.0;60-min-Takt stabil
ICE 47;Duisburg Hbf;Dortmund;4.06;10(2.7), 01(0.5), 40(0.5), 09(0.4);10;0.67;0.79;10.5;60-min-Takt stabil
ICE 11;Erfurt Hbf;München;8.0;30(6.0), 45(1.0), 29(1.0), 27(0.0);30;0.75;0.88;5.3;60-min-Takt stabil
ICE 11;Fulda;München;7.0;49(7.0);49;1.0;1.0;0.0;60-min-Takt stabil
ICE 11;Frankfurt(Main)Hbf;München;7.06;50(6.4), 25(0.7);50;0.9;1.0;7.9;60-min-Takt stabil
ICE 11;Mannheim Hbf;München;8.97;33(8.0), 25(0.9), 27(0.0), 24(0.0), 42(0.0);33;0.89;0.99;2.6;60-min-Takt stabil
ICE 11;Stuttgart Hbf;München;9.0;17(7.0), 16(1.0), 12(1.0), 44(0.0);17;0.78;0.89;2.3;60-min-Takt stabil
IC 57;Leipzig Hbf;Rostock;1.0;42(1.0);42;1.0;1.0;0.0;60-min-Takt stabil
ICE 13;Kassel-Wilhelmshöhe;Stuttgart;1.0;13(0.9), 11(0.1);13;0.87;1.0;0.7;60-min-Takt stabil
ICE 13;Fulda;Stuttgart;1.0;46(0.9), 44(0.1);46;0.87;1.0;0.7;60-min-Takt stabil
ICE 10;Duisburg Hbf;Berlin;14.58;08(6.4), 06(4.5), 07(1.8), 09(0.6), 10(0.4), 03(0.2);8;0.44;0.75;3.6;Zwei-Lagen-Takt (120 min)
ICE 10;Dortmund Hbf;Berlin;16.61;47(8.5), 46(2.4), 48(2.1), 49(1.6), 44(0.8), 14(0.2);47;0.51;0.66;4.9;kein systematischer Takt
ICE 10;Hannover Hbf;Berlin;26.19;31(22.9), 50(1.3), 09(0.9), 42(0.6), 32(0.1), 02(0.1);31;0.88;0.93;6.5;60-min-Takt stabil
ICE 10;Berlin Hbf;Berlin;24.19;15(12.8), 13(6.6), 24(1.2), 45(1.1), 16(0.8), 38(0.5);15;0.53;0.8;8.3;Zwei-Lagen-Takt (120 min)
ICE 33;Münster(Westf)Hbf;Greifswald;1.0;27(0.9), 28(0.1);27;0.94;1.0;0.3;60-min-Takt stabil
ICE 33;Bremen Hbf;Greifswald;1.0;53(1.0);53;1.0;1.0;0.0;60-min-Takt stabil
ICE 62;Stuttgart Hbf;München;1.0;59(0.5), 57(0.3), 58(0.2);59;0.52;0.77;1.1;Zwei-Lagen-Takt (120 min)
ICE 10;Köln Hbf;Berlin;11.42;35(4.1), 38(1.9), 26(1.6), 25(1.3), 34(0.6), 36(0.4);35;0.36;0.52;8.7;kein systematischer Takt
ICE 10;Berlin Hbf;Düsseldorf;9.68;47(7.9), 35(1.0), 28(0.8), 15(0.0);47;0.81;0.92;6.8;60-min-Takt stabil
ICE 10;Hannover Hbf;Düsseldorf;9.68;31(8.7), 21(0.7), 23(0.1), 13(0.1), 24(0.0);31;0.9;0.98;3.2;60-min-Takt stabil
ICE 10;Dortmund Hbf;Düsseldorf;9.58;15(5.6), 13(2.1), 14(1.0), 58(0.2), 05(0.1), 59(0.1);15;0.58;0.8;5.5;Zwei-Lagen-Takt (120 min)
ICE 10;Duisburg Hbf;Düsseldorf;9.0;50(4.0), 51(2.1), 52(1.1), 54(0.5), 49(0.3), 53(0.3);50;0.44;0.67;5.1;kein systematischer Takt
IC 55;Mannheim Hbf;Köln;2.13;39(2.1);39;1.0;1.0;0.0;60-min-Takt stabil
ICE 43;Hamburg Hbf;Köln;1.94;45(1.8), 05(0.1), 43(0.1), 04(0.0);45;0.92;0.95;4.4;60-min-Takt stabil
ICE 43;Bremen Hbf;Köln;1.94;44(1.8), 03(0.1), 42(0.1), 02(0.0);44;0.92;0.95;4.2;60-min-Takt stabil
ICE 43;Münster(Westf)Hbf;Köln;1.84;02(1.1), 03(0.7), 04(0.0);2;0.61;0.98;0.7;60-min-Takt stabil
ICE 43;Duisburg Hbf;Köln;1.03;11(0.5), 10(0.1), 13(0.1), 15(0.1), 12(0.1), 36(0.1);11;0.5;0.62;8.2;kein systematischer Takt
ICE 47;Duisburg Hbf;Arnhem Centraal;1.0;25(0.5), 04(0.5);25;0.55;1.0;14.1;Zwei-Lagen-Takt (120 min)
ICE 24;Hannover Hbf;Frankfurt;1.0;01(1.0);1;1.0;1.0;0.0;60-min-Takt stabil
ICE 24;Kassel-Wilhelmshöhe;Frankfurt;1.0;03(1.0);3;1.0;1.0;0.0;60-min-Takt stabil
ECE 75;Hamburg Hbf;Padborg st;3.32;53(1.9), 04(0.7), 52(0.7);53;0.57;0.79;5.1;Zwei-Lagen-Takt (120 min)
ICE 25;Nürnberg Hbf;Hamburg;11.94;28(5.0), 31(3.1), 32(2.2), 17(0.9), 30(0.7), 16(0.0);28;0.42;0.67;3.9;kein systematischer Takt
ICE 13;Karlsruhe Hbf;Berlin;2.0;40(2.0);40;1.0;1.0;0.0;60-min-Takt stabil
ICE 13;Fulda;Berlin;5.84;15(5.6), 02(0.1), 01(0.1), 18(0.1);15;0.96;0.98;2.4;60-min-Takt stabil
ICE 13;Kassel-Wilhelmshöhe;Berlin;6.84;48(5.6), 49(1.0), 35(0.1), 34(0.1);48;0.83;0.97;2.3;60-min-Takt stabil
ICE 22;Hamburg Hbf;Stuttgart;7.13;29(6.8), 27(0.3);29;0.96;1.0;0.4;60-min-Takt stabil
ICE 22;Hannover Hbf;Stuttgart;7.13;53(7.1);53;1.0;1.0;0.0;60-min-Takt stabil
ICE 22;Kassel-Wilhelmshöhe;Stuttgart;7.13;48(7.1);48;1.0;1.0;0.0;60-min-Takt stabil
ICE 22;Frankfurt(Main)Hbf;Stuttgart;6.26;20(5.6), 15(0.7);20;0.89;1.0;1.6;60-min-Takt stabil
ICE 22;Mannheim Hbf;Stuttgart;7.77;00(6.4), 59(0.9), 02(0.4), 01(0.1);0;0.82;0.93;0.6;60-min-Takt stabil
ICE 22;Stuttgart Hbf;Kiel;3.39;23(1.3), 22(1.3), 02(0.8);23;0.38;0.75;10.5;Zwei-Lagen-Takt (120 min)
ICE 22;Mannheim Hbf;Kiel;3.39;03(3.4);3;1.0;1.0;0.0;60-min-Takt stabil
ICE 20;Hamburg Hbf;Basel;4.23;29(4.2), 31(0.0);29;0.99;1.0;0.2;60-min-Takt stabil
ICE 20;Hannover Hbf;Basel;4.23;53(3.3), 54(0.9), 55(0.0);53;0.77;0.99;0.5;60-min-Takt stabil
ICE 20;Kassel-Wilhelmshöhe;Basel;4.23;48(4.2), 50(0.0);48;0.99;1.0;0.2;60-min-Takt stabil
ICE 20;Mannheim Hbf;Basel;4.16;00(4.1), 59(0.0);0;0.99;1.0;0.1;60-min-Takt stabil
ICE 20;Karlsruhe Hbf;Basel;4.23;26(4.1), 39(0.1), 27(0.0), 34(0.0), 30(0.0);26;0.96;0.98;1.8;60-min-Takt stabil
ICE 50;Dresden Hbf;Frankfurt;6.42;11(6.4), 10(0.1);11;0.99;1.0;0.1;60-min-Takt stabil
ICE 50;Leipzig Hbf;Frankfurt;7.29;27(6.4), 28(0.9), 26(0.1);27;0.87;0.99;0.4;60-min-Takt stabil
ICE 50;Erfurt Hbf;Frankfurt;7.32;16(7.0), 17(0.3), 15(0.1);16;0.96;0.99;0.2;60-min-Takt stabil
ICE 50;Fulda;Frankfurt;7.32;41(5.4), 42(1.9), 40(0.1);41;0.73;0.99;0.5;60-min-Takt stabil
ICE 50;Frankfurt(Main)Hbf;Frankfurt;6.32;43(5.9), 13(0.2), 12(0.1), 18(0.1), 17(0.1);43;0.93;0.96;7.6;60-min-Takt stabil
ICE 42;Duisburg Hbf;Hamburg;2.19;46(0.8), 47(0.6), 50(0.3), 07(0.1), 10(0.1), 17(0.0);46;0.37;0.65;9.1;kein systematischer Takt
ICE 79;Frankfurt(Main)Hbf;Bruxelles;7.87;34(5.1), 33(2.0), 14(0.8);34;0.65;0.9;6.3;60-min-Takt stabil
ICE 79;Köln Hbf;Bruxelles;8.1;43(5.1), 42(1.8), 41(1.0), 02(0.1), 40(0.1);43;0.63;0.85;2.6;60-min-Takt stabil
ICE 27;Dresden Hbf;Berlin;1.0;53(1.0);53;1.0;1.0;0.0;60-min-Takt stabil
ICE 43;Hamburg Hbf;Hamburg;5.68;22(4.1), 23(1.4), 24(0.2), 25(0.0);22;0.72;0.97;0.6;60-min-Takt stabil
ICE 41;Dortmund Hbf;München;3.19;14(0.5), 15(0.5), 19(0.5), 02(0.5), 00(0.4), 06(0.3);14;0.17;0.34;9.3;kein systematischer Takt
ICE 41;Frankfurt(Main)Hbf;München;13.52;57(12.0), 54(1.5);57;0.89;1.0;1.0;60-min-Takt stabil
ICE 41;Würzburg Hbf;München;16.97;04(13.0), 03(1.8), 05(1.7), 22(0.2), 16(0.1), 08(0.1);4;0.77;0.88;2.2;60-min-Takt stabil
ICE 41;Nürnberg Hbf;München;17.68;01(14.3), 59(1.0), 56(0.7), 10(0.6), 08(0.5), 25(0.2);1;0.81;0.87;4.3;60-min-Takt stabil
ICE 28;Hamburg Hbf;Nürnberg;1.29;34(1.3);34;1.0;1.0;0.0;60-min-Takt stabil
ICE 28;Berlin Hbf;Nürnberg;1.29;29(1.3);29;1.0;1.0;0.0;60-min-Takt stabil
ICE 28;Leipzig Hbf;Nürnberg;1.23;55(1.2);55;1.0;1.0;0.0;60-min-Takt stabil
ICE 28;Erfurt Hbf;Nürnberg;1.29;35(1.3), 48(0.0);35;0.97;1.0;2.1;60-min-Takt stabil
ICE 11;München Hbf;Hamburg;1.16;45(0.9), 42(0.3);45;0.75;1.0;1.5;60-min-Takt stabil
ICE 13;Kassel-Wilhelmshöhe;Frankfurt;3.71;13(2.5), 14(1.0), 11(0.1), 10(0.1);13;0.66;0.93;0.8;60-min-Takt stabil
ICE 13;Fulda;Frankfurt;3.71;45(2.5), 44(1.0), 43(0.1), 42(0.1);45;0.66;0.93;0.8;60-min-Takt stabil
IC 61;Karlsruhe Hbf;Leipzig;1.48;06(1.5);6;1.0;1.0;0.0;60-min-Takt stabil
IC 61;Stuttgart Hbf;Leipzig;1.94;08(1.0), 09(0.9);8;0.52;1.0;0.7;Zwei-Lagen-Takt (120 min)
IC 61;Nürnberg Hbf;Leipzig;1.94;24(1.9);24;1.0;1.0;0.0;60-min-Takt stabil
IC 87;Stuttgart Hbf;Schaffhausen;6.84;28(3.6), 16(1.5), 26(0.8), 22(0.8);28;0.53;0.75;6.1;Zwei-Lagen-Takt (120 min)
ICE 62;Frankfurt(Main)Hbf;München;2.48;11(1.6), 10(0.9);11;0.65;1.0;0.6;60-min-Takt stabil
ICE 15;Frankfurt(Main)Hbf;Berlin;1.68;02(1.7);2;1.0;1.0;0.0;60-min-Takt stabil
ICE 15;Erfurt Hbf;Berlin;1.68;10(1.7);10;1.0;1.0;0.0;60-min-Takt stabil
ICE 15;Berlin Hbf;Berlin;2.58;58(1.6), 05(0.9);58;0.64;1.0;4.2;60-min-Takt stabil
ICE 18;München Hbf;Nürnberg;2.71;12(2.0), 06(0.7);12;0.74;1.0;3.1;60-min-Takt stabil
IC 56;Bremen Hbf;Leipzig;4.94;09(4.9);9;1.0;1.0;0.0;60-min-Takt stabil
ICE 16;Hannover Hbf;Bremen;3.0;45(3.0);45;1.0;1.0;0.0;60-min-Takt stabil
IC 55;Mannheim Hbf;Hannover;1.23;39(1.2), 37(0.0);39;0.97;1.0;0.3;60-min-Takt stabil
IC 55;Köln Hbf;Hannover;1.23;11(1.1), 10(0.1), 09(0.0), 15(0.0);11;0.87;0.95;0.8;60-min-Takt stabil
IC 55;Dortmund Hbf;Hannover;1.32;28(1.3), 30(0.0), 50(0.0);28;0.95;0.98;3.4;60-min-Takt stabil
ICE 11;Berlin Hbf;München;7.0;27(7.0);27;1.0;1.0;0.0;60-min-Takt stabil
ECE 20;Karlsruhe Hbf;Hamburg;1.94;37(1.9);37;1.0;1.0;0.0;60-min-Takt stabil
ECE 20;Mannheim Hbf;Hamburg;1.94;03(1.9);3;1.0;1.0;0.0;60-min-Takt stabil
ECE 20;Frankfurt(Main)Hbf;Hamburg;1.55;46(1.5);46;1.0;1.0;0.0;60-min-Takt stabil
ECE 20;Kassel-Wilhelmshöhe;Hamburg;1.94;13(1.9);13;1.0;1.0;0.0;60-min-Takt stabil
ECE 20;Hannover Hbf;Hamburg;1.94;08(1.9);8;1.0;1.0;0.0;60-min-Takt stabil
ICE 60;Karlsruhe Hbf;München;3.26;05(2.9), 00(0.4);5;0.89;1.0;1.7;60-min-Takt stabil
ICE 60;Stuttgart Hbf;München;3.13;51(1.6), 08(0.7), 24(0.3), 57(0.3), 50(0.2);51;0.52;0.73;11.9;Zwei-Lagen-Takt (120 min)
IC 55;Mannheim Hbf;Dresden;1.55;39(1.5);39;1.0;1.0;0.0;60-min-Takt stabil
IC 55;Köln Hbf;Dresden;3.35;11(3.4);11;1.0;1.0;0.0;60-min-Takt stabil
IC 55;Dortmund Hbf;Dresden;3.58;28(3.6);28;1.0;1.0;0.0;60-min-Takt stabil
IC 55;Hannover Hbf;Dresden;5.39;37(4.6), 36(0.8);37;0.85;1.0;0.4;60-min-Takt stabil
IC 55;Leipzig Hbf;Dresden;7.68;25(7.4), 24(0.3);25;0.96;1.0;0.2;60-min-Takt stabil
ICE 33;Hamburg Hbf;Köln;2.0;10(1.1), 12(0.8), 11(0.1);10;0.55;0.94;1.3;Zwei-Lagen-Takt (120 min)
ICE 33;Bremen Hbf;Köln;2.06;11(1.6), 10(0.4), 09(0.1);11;0.77;0.97;0.6;60-min-Takt stabil
ICE 33;Münster(Westf)Hbf;Köln;2.06;29(1.9), 28(0.1);29;0.94;1.0;0.2;60-min-Takt stabil
ICE 33;Duisburg Hbf;Köln;2.03;37(1.6), 44(0.3), 43(0.1), 36(0.1);37;0.78;0.94;3.0;60-min-Takt stabil
ICE 42;Hamburg Hbf;Hamburg;6.74;21(5.1), 22(0.7), 53(0.5), 32(0.1), 57(0.1), 20(0.0);21;0.76;0.87;8.7;60-min-Takt stabil
ICE 10;Berlin Hbf;Köln;11.35;47(9.7), 35(0.8), 51(0.6), 17(0.1), 34(0.1), 59(0.0);47;0.86;0.93;4.5;60-min-Takt stabil
ICE 10;Hannover Hbf;Köln;11.39;31(10.4), 46(0.7), 23(0.1), 18(0.1), 57(0.0);31;0.92;0.98;4.3;60-min-Takt stabil
ICE 10;Dortmund Hbf;Köln;4.0;15(1.3), 14(1.0), 16(0.6), 53(0.5), 12(0.1), 08(0.1);15;0.31;0.56;9.4;kein systematischer Takt
ICE 10;Duisburg Hbf;Köln;3.42;59(0.9), 50(0.8), 53(0.6), 30(0.4), 46(0.1), 29(0.1);59;0.27;0.51;13.8;kein systematischer Takt
ICE 91;Dortmund Hbf;Nürnberg;4.65;21(1.2), 24(0.5), 20(0.5), 54(0.4), 55(0.4), 35(0.4);21;0.26;0.38;15.5;kein systematischer Takt
ICE 91;Frankfurt(Main)Hbf;Nürnberg;5.45;19(4.5), 20(0.5), 55(0.1), 56(0.1), 21(0.1), 50(0.1);19;0.82;0.91;6.6;60-min-Takt stabil
ICE 91;Würzburg Hbf;Nürnberg;5.45;34(2.7), 33(2.3), 02(0.3), 46(0.0), 18(0.0), 10(0.0);34;0.5;0.92;7.3;Zwei-Lagen-Takt (120 min)
ICE 11;Leipzig Hbf;München;6.94;49(5.0), 48(1.0), 58(0.9);49;0.72;0.87;3.3;60-min-Takt stabil
ICE 20;Hamburg Hbf;Frankfurt;1.06;27(1.0), 29(0.1);27;0.94;1.0;0.5;60-min-Takt stabil
ICE 20;Hannover Hbf;Frankfurt;1.06;53(1.0), 54(0.1);53;0.94;1.0;0.2;60-min-Takt stabil
ICE 20;Kassel-Wilhelmshöhe;Frankfurt;1.06;49(1.1);49;1.0;1.0;0.0;60-min-Takt stabil
ICE 41;München Hbf;Frankfurt;1.32;45(0.7), 11(0.2), 44(0.2), 00(0.1), 07(0.0), 10(0.0);45;0.56;0.73;12.7;Zwei-Lagen-Takt (120 min)
ICE 41;Nürnberg Hbf;Frankfurt;1.32;00(1.2), 28(0.0), 27(0.0), 01(0.0);0;0.93;0.95;6.1;60-min-Takt stabil
ICE 41;Würzburg Hbf;Frankfurt;1.32;56(1.0), 55(0.3), 52(0.0);56;0.73;0.98;0.8;60-min-Takt stabil
ICE 41;München Hbf;Düsseldorf;5.39;45(2.7), 44(1.1), 42(0.5), 46(0.5), 41(0.5);45;0.51;0.71;1.6;Zwei-Lagen-Takt (120 min)
ICE 41;Nürnberg Hbf;Düsseldorf;5.39;00(4.8), 59(0.5);0;0.9;1.0;0.3;60-min-Takt stabil
ICE 41;Würzburg Hbf;Düsseldorf;5.39;55(5.4);55;1.0;1.0;0.0;60-min-Takt stabil
ICE 43;Duisburg Hbf;Hamburg;4.39;47(4.4);47;1.0;1.0;0.0;60-min-Takt stabil
ICE 47;Duisburg Hbf;München;6.39;50(1.9), 56(0.9), 33(0.5), 46(0.5), 45(0.5), 49(0.5);50;0.3;0.44;7.3;kein systematischer Takt
ICE 10;Berlin Hbf;Dortmund;1.84;47(1.8), 28(0.0);47;0.98;1.0;2.5;60-min-Takt stabil
ICE 10;Hannover Hbf;Dortmund;1.84;31(1.8), 13(0.0);31;0.98;1.0;2.4;60-min-Takt stabil
ICE 41;München Hbf;Dortmund;3.55;45(1.5), 46(1.0), 44(1.0);45;0.44;0.72;0.8;Zwei-Lagen-Takt (120 min)
ICE 41;Nürnberg Hbf;Dortmund;3.55;00(2.5), 01(1.0);0;0.72;1.0;0.5;60-min-Takt stabil
ICE 41;Würzburg Hbf;Dortmund;3.55;55(3.5);55;1.0;1.0;0.0;60-min-Takt stabil
ICE 41;Frankfurt(Main)Hbf;Dortmund;2.81;08(2.0), 07(0.8);8;0.71;1.0;0.5;60-min-Takt stabil
ICE 82;Mannheim Hbf;Frankfurt;4.81;19(2.5), 21(1.1), 20(1.0), 36(0.1), 28(0.1), 38(0.1);19;0.51;0.73;3.6;Zwei-Lagen-Takt (120 min)
ICE 77;Berlin Hbf;Hengelo;5.94;16(4.7), 14(0.9), 04(0.1), 30(0.1), 28(0.0), 02(0.0);16;0.79;0.95;3.0;60-min-Takt stabil
ICE 77;Hannover Hbf;Hengelo;7.0;56(6.5), 10(0.2), 43(0.2), 38(0.0), 55(0.0);56;0.94;0.96;3.4;60-min-Takt stabil
ICE 62;Frankfurt(Main)Hbf;Salzburg;1.74;11(0.9), 10(0.9);11;0.5;1.0;0.7;Zwei-Lagen-Takt (120 min)
ICE 41;Frankfurt(Main)Hbf;Köln;6.13;08(3.5), 07(1.7), 41(0.5), 11(0.4), 26(0.0);8;0.57;0.86;7.5;Zwei-Lagen-Takt (120 min)
ICE 91;Nürnberg Hbf;Dortmund;4.65;32(4.6), 31(0.0);32;0.99;1.0;0.1;60-min-Takt stabil
ICE 91;Würzburg Hbf;Dortmund;4.65;26(4.6), 25(0.0);26;0.99;1.0;0.1;60-min-Takt stabil
ICE 91;Frankfurt(Main)Hbf;Dortmund;5.0;41(3.0), 43(1.0), 42(0.9), 44(0.1);41;0.61;0.81;1.1;60-min-Takt stabil
ICE 91;Köln Hbf;Dortmund;3.35;11(2.1), 14(0.5), 13(0.5), 52(0.2), 19(0.1), 56(0.0);11;0.62;0.78;5.2;60-min-Takt stabil
ICE 91;Duisburg Hbf;Dortmund;2.35;46(1.2), 53(0.5), 01(0.1), 49(0.1), 04(0.1), 27(0.1);46;0.52;0.75;7.9;Zwei-Lagen-Takt (120 min)
ICE 13;Kassel-Wilhelmshöhe;Karlsruhe;2.97;13(3.0);13;1.0;1.0;0.0;60-min-Takt stabil
ICE 13;Fulda;Karlsruhe;2.97;44(2.0), 45(1.0);44;0.66;1.0;0.6;60-min-Takt stabil
ICE 20;Karlsruhe Hbf;Hamburg;5.06;37(5.1);37;1.0;1.0;0.0;60-min-Takt stabil
ICE 20;Mannheim Hbf;Hamburg;5.06;03(5.1);3;1.0;1.0;0.0;60-min-Takt stabil
ICE 20;Frankfurt(Main)Hbf;Hamburg;4.65;46(4.6);46;1.0;1.0;0.0;60-min-Takt stabil
ICE 20;Kassel-Wilhelmshöhe;Hamburg;6.06;13(4.7), 14(1.0), 52(0.3), 12(0.0);13;0.78;0.95;4.6;60-min-Takt stabil
ICE 20;Hannover Hbf;Hamburg;6.06;08(5.7), 47(0.3), 09(0.0), 07(0.0);8;0.94;0.99;4.6;60-min-Takt stabil
ICE 42;Frankfurt(Main)Hbf;Hamburg;1.9;46(0.8), 22(0.7), 23(0.2), 47(0.0), 25(0.0), 39(0.0);46;0.42;0.8;16.5;Zwei-Lagen-Takt (120 min)
ICE 62;Stuttgart Hbf;Frankfurt;3.65;05(1.9), 04(0.6), 43(0.5), 54(0.4), 02(0.3);5;0.51;0.67;8.8;kein systematischer Takt
ICE 12;Frankfurt(Main)Hbf;Berlin;7.26;15(6.3), 35(1.0);15;0.86;1.0;7.4;60-min-Takt stabil
ICE 25;München Hbf;Hannover;2.32;13(0.8), 12(0.8), 07(0.3), 11(0.3), 08(0.1), 10(0.0);13;0.36;0.69;2.5;kein systematischer Takt
ICE 25;Nürnberg Hbf;Hannover;2.32;30(1.1), 31(1.0), 32(0.2);30;0.49;0.92;0.9;Zwei-Lagen-Takt (120 min)
ICE 25;Würzburg Hbf;Hannover;2.32;28(1.9), 27(0.4);28;0.83;1.0;0.4;60-min-Takt stabil
ICE 25;Fulda;Hannover;2.32;04(1.4), 03(0.9), 06(0.0);4;0.6;0.99;0.7;Zwei-Lagen-Takt (120 min)
ICE 25;Kassel-Wilhelmshöhe;Hannover;2.32;36(1.4), 35(0.9), 57(0.0);36;0.6;0.99;2.6;Zwei-Lagen-Takt (120 min)
ICE 19;Köln Hbf;Berlin;7.45;44(4.1), 19(1.5), 45(1.0), 36(0.2), 20(0.2), 29(0.1);44;0.55;0.74;12.2;Zwei-Lagen-Takt (120 min)
ICE 19;Hannover Hbf;Berlin;7.45;22(6.7), 23(0.7), 41(0.0);22;0.9;1.0;1.3;60-min-Takt stabil
ICE 19;Berlin Hbf;Berlin;7.45;59(7.1), 02(0.3), 21(0.0), 00(0.0);59;0.96;0.99;1.6;60-min-Takt stabil
ICE 26;Frankfurt(Main)Hbf;Bremen;2.0;26(1.0), 27(1.0);26;0.5;1.0;0.7;Zwei-Lagen-Takt (120 min)
ICE 26;Kassel-Wilhelmshöhe;Bremen;2.0;29(2.0);29;1.0;1.0;0.0;60-min-Takt stabil
ICE 26;Hannover Hbf;Bremen;3.26;45(3.3);45;1.0;1.0;0.0;60-min-Takt stabil
ICE 28;Berlin Hbf;Hamburg;7.32;37(6.5), 29(0.8);37;0.89;1.0;2.7;60-min-Takt stabil
ICE 28;Hamburg Hbf;Hamburg;4.87;28(4.2), 29(0.6), 43(0.0);28;0.87;0.99;1.3;60-min-Takt stabil
ICE 49;Frankfurt(Main)Hbf;Köln;7.68;11(5.0), 12(1.0), 03(1.0), 01(0.7);11;0.65;0.78;4.2;60-min-Takt stabil
ICE 41;Köln Hbf;München;6.71;35(4.1), 21(0.8), 28(0.8), 34(0.5), 45(0.4), 17(0.1);35;0.61;0.74;6.4;60-min-Takt stabil
IC 56;Leipzig Hbf;Emden;3.06;42(2.3), 16(0.3), 21(0.2), 20(0.2), 50(0.0), 22(0.0);42;0.76;0.84;11.1;60-min-Takt stabil
IC 56;Hannover Hbf;Emden;4.1;45(3.9), 01(0.2);45;0.96;1.0;3.2;60-min-Takt stabil
IC 56;Bremen Hbf;Emden;4.1;53(3.9), 11(0.2);53;0.96;1.0;3.6;60-min-Takt stabil
ICE 28;Hamburg Hbf;München;5.68;34(5.4), 32(0.3);34;0.95;1.0;0.5;60-min-Takt stabil
ICE 28;Berlin Hbf;München;6.68;29(6.4), 27(0.3);29;0.96;1.0;0.4;60-min-Takt stabil
ICE 28;Leipzig Hbf;München;7.61;55(5.4), 53(1.3), 41(0.9);55;0.71;0.88;5.0;60-min-Takt stabil
ICE 28;Erfurt Hbf;München;7.68;35(6.4), 24(1.0), 33(0.3);35;0.83;0.96;4.0;60-min-Takt stabil
ICE 28;Nürnberg Hbf;München;7.68;55(6.4), 12(1.0), 53(0.3);55;0.83;0.96;6.1;60-min-Takt stabil
EC 97;Leipzig Hbf;Horka;1.94;55(1.4), 37(0.3), 33(0.3);55;0.73;0.87;10.4;60-min-Takt stabil
IC 35;Duisburg Hbf;Emden Außenhafen;1.32;23(0.5), 26(0.5), 46(0.2), 43(0.1);23;0.41;0.76;10.9;Zwei-Lagen-Takt (120 min)
IC 35;Münster(Westf)Hbf;Emden Außenhafen;1.32;30(0.9), 54(0.3), 41(0.1), 11(0.1);30;0.71;0.9;11.7;60-min-Takt stabil
ICE 12;Berlin Hbf;Karlsruhe;1.06;37(1.0), 30(0.1);37;0.94;1.0;1.7;60-min-Takt stabil
ICE 12;Kassel-Wilhelmshöhe;Karlsruhe;1.06;13(1.1);13;1.0;1.0;0.0;60-min-Takt stabil
ICE 12;Fulda;Karlsruhe;1.06;46(1.1);46;1.0;1.0;0.0;60-min-Takt stabil
ECE 20;Hamburg Hbf;Basel;1.9;29(1.9);29;1.0;1.0;0.0;60-min-Takt stabil
ECE 20;Hannover Hbf;Basel;1.9;53(1.9);53;1.0;1.0;0.0;60-min-Takt stabil
ECE 20;Kassel-Wilhelmshöhe;Basel;1.9;48(1.9);48;1.0;1.0;0.0;60-min-Takt stabil
ECE 20;Frankfurt(Main)Hbf;Basel;1.48;20(1.5);20;1.0;1.0;0.0;60-min-Takt stabil
ECE 20;Mannheim Hbf;Basel;1.9;00(1.9);0;1.0;1.0;0.0;60-min-Takt stabil
ECE 20;Karlsruhe Hbf;Basel;1.9;26(1.9);26;1.0;1.0;0.0;60-min-Takt stabil
IC 56;Bremen Hbf;Berlin;1.9;09(1.9);9;1.0;1.0;0.0;60-min-Takt stabil
IC 56;Hannover Hbf;Berlin;1.9;36(1.5), 37(0.4);36;0.8;1.0;0.5;60-min-Takt stabil
ICE 62;München Hbf;Salzburg;1.26;16(1.3);16;1.0;1.0;0.0;60-min-Takt stabil
IC 87;Stuttgart Hbf;Oberndorf;1.65;16(0.8), 28(0.3), 27(0.2), 17(0.2), 25(0.2);16;0.51;0.71;6.9;Zwei-Lagen-Takt (120 min)
ICE 16;Bremen Hbf;Hannover;4.0;15(4.0);15;1.0;1.0;0.0;60-min-Takt stabil
EC 90;München Hbf;Simbach;2.9;21(2.9);21;1.0;1.0;0.0;60-min-Takt stabil
ICE 26;Bremen Hbf;Hannover;1.39;15(1.2), 12(0.2);15;0.84;1.0;1.2;60-min-Takt stabil
ICE 20;Frankfurt(Main)Hbf;Basel;3.26;20(3.2), 22(0.0);20;0.99;1.0;0.2;60-min-Takt stabil
ICE 62;Mannheim Hbf;Dortmund;1.0;55(1.0);55;1.0;1.0;0.0;60-min-Takt stabil
ICE 41;Duisburg Hbf;Dortmund;2.1;53(1.0), 52(0.7), 58(0.1), 19(0.1), 04(0.1), 02(0.0);53;0.49;0.85;6.1;Zwei-Lagen-Takt (120 min)
ICE 11;Mannheim Hbf;Frankfurt;1.0;29(0.8), 38(0.1), 51(0.1), 42(0.0), 07(0.0);29;0.77;0.87;7.8;60-min-Takt stabil
ICE 43;Karlsruhe Hbf;Köln;1.1;59(1.1);59;1.0;1.0;0.0;60-min-Takt stabil
ICE 43;Mannheim Hbf;Köln;1.1;33(1.1);33;1.0;1.0;0.0;60-min-Takt stabil
ICE 12;Berlin Hbf;Berlin;2.58;42(1.9), 41(0.6);42;0.75;1.0;0.5;60-min-Takt stabil
ICE 18;Berlin Hbf;Hamburg;4.55;09(3.5), 08(0.7), 34(0.3);9;0.78;0.94;6.3;60-min-Takt stabil
ICE 4;Hamburg Hbf;Frankfurt;1.68;21(0.8), 23(0.8);21;0.5;1.0;1.4;Zwei-Lagen-Takt (120 min)
ICE 4;Hannover Hbf;Frankfurt;1.68;41(1.2), 39(0.5);41;0.71;1.0;1.1;60-min-Takt stabil
ICE 14;Hannover Hbf;Essen;1.13;56(1.1);56;1.0;1.0;0.0;60-min-Takt stabil
ICE 14;Dortmund Hbf;Essen;1.13;49(1.1);49;1.0;1.0;0.0;60-min-Takt stabil
IC 55;Dortmund Hbf;Heidelberg;1.65;36(1.5), 35(0.2);36;0.88;1.0;0.3;60-min-Takt stabil
IC 55;Köln Hbf;Heidelberg;2.48;53(2.5);53;1.0;1.0;0.0;60-min-Takt stabil
IC 55;Mannheim Hbf;Heidelberg;2.48;23(2.5);23;1.0;1.0;0.0;60-min-Takt stabil
ICE 18;Hamburg Hbf;Hamburg;4.26;14(3.4), 13(0.7), 35(0.0), 50(0.0), 43(0.0), 58(0.0);14;0.8;0.97;4.0;60-min-Takt stabil
ICE 4;Frankfurt(Main)Hbf;Hamburg;1.55;02(1.5);2;1.0;1.0;0.0;60-min-Takt stabil
ICE 4;Hannover Hbf;Hamburg;1.55;19(1.2), 20(0.4);19;0.75;1.0;0.5;60-min-Takt stabil
ICE 10;Berlin Hbf;Hannover;1.58;47(0.8), 40(0.4), 38(0.2), 34(0.1), 36(0.0), 30(0.0);47;0.53;0.78;6.4;Zwei-Lagen-Takt (120 min)
IC 55;Hannover Hbf;Dortmund;1.1;40(1.1);40;1.0;1.0;0.0;60-min-Takt stabil
ICE 41;Duisburg Hbf;München;2.26;06(1.6), 44(0.4), 03(0.1), 34(0.1), 49(0.0), 43(0.0);6;0.73;0.89;11.0;60-min-Takt stabil
ICE 14;Dortmund Hbf;Berlin;3.03;10(1.2), 11(1.1), 09(0.7);10;0.4;0.78;0.8;Zwei-Lagen-Takt (120 min)
ICE 14;Hannover Hbf;Berlin;4.39;04(4.4);4;1.0;1.0;0.0;60-min-Takt stabil
ICE 28;Nürnberg Hbf;Leipzig;1.0;05(1.0);5;1.0;1.0;0.0;60-min-Takt stabil
ICE 28;Erfurt Hbf;Leipzig;1.0;25(1.0), 28(0.0);25;0.97;1.0;0.5;60-min-Takt stabil
ICE 62;Münster(Westf)Hbf;Salzburg;1.0;06(0.5), 30(0.4), 18(0.1);6;0.55;0.94;15.2;Zwei-Lagen-Takt (120 min)
ICE 62;Duisburg Hbf;Salzburg;1.0;18(0.5), 49(0.4), 50(0.1);18;0.55;0.94;19.4;Zwei-Lagen-Takt (120 min)
IC 35;Duisburg Hbf;Emden;1.84;23(1.0), 26(0.8);23;0.54;1.0;2.0;Zwei-Lagen-Takt (120 min)
IC 35;Münster(Westf)Hbf;Emden;1.84;30(1.7), 44(0.1), 42(0.0);30;0.95;0.98;3.1;60-min-Takt stabil
ICE 49;Köln Hbf;Frankfurt;7.35;29(5.7), 33(1.0), 27(0.7);29;0.77;0.91;1.6;60-min-Takt stabil
ICE 82;Karlsruhe Hbf;Frankfurt;2.1;54(2.0), 52(0.1), 53(0.0);54;0.95;0.98;0.4;60-min-Takt stabil
ICE 28;Nürnberg Hbf;Hamburg;5.32;05(4.5), 37(0.8);5;0.84;1.0;11.1;60-min-Takt stabil
ICE 28;Erfurt Hbf;Hamburg;6.0;25(6.0);25;1.0;1.0;0.0;60-min-Takt stabil
ICE 28;Leipzig Hbf;Hamburg;6.42;12(6.4);12;1.0;1.0;0.0;60-min-Takt stabil
ICE 82;Frankfurt(Main)Hbf;Strasbourg;1.97;53(1.0), 01(0.9), 37(0.0), 26(0.0);53;0.49;0.97;6.8;Zwei-Lagen-Takt (120 min)
ICE 82;Mannheim Hbf;Strasbourg;1.97;40(1.0), 39(0.8), 34(0.1), 28(0.0), 17(0.0);40;0.51;0.93;3.6;Zwei-Lagen-Takt (120 min)
ICE 82;Karlsruhe Hbf;Strasbourg;1.97;08(1.1), 06(0.8), 56(0.0), 50(0.0);8;0.54;0.97;3.1;Zwei-Lagen-Takt (120 min)
ICE 18;Hamburg Hbf;Berlin;5.06;51(5.1);51;1.0;1.0;0.0;60-min-Takt stabil
ICE 18;Berlin Hbf;Berlin;3.42;55(1.6), 33(1.0), 38(0.7), 25(0.1), 14(0.0);55;0.47;0.75;14.8;Zwei-Lagen-Takt (120 min)
IC 55;Hannover Hbf;Köln;1.16;40(1.1), 39(0.0);40;0.97;1.0;0.2;60-min-Takt stabil
IC 55;Dortmund Hbf;Köln;1.16;36(0.6), 35(0.5), 44(0.0);36;0.56;0.97;1.5;Zwei-Lagen-Takt (120 min)
ICE 47;München Hbf;Essen;1.61;19(0.8), 20(0.7), 47(0.0), 03(0.0), 01(0.0);19;0.52;0.94;5.3;Zwei-Lagen-Takt (120 min)
ICE 47;Mannheim Hbf;Essen;1.61;07(1.6);7;1.0;1.0;0.0;60-min-Takt stabil
ICE 47;Duisburg Hbf;Essen;1.61;00(1.2), 01(0.4);0;0.76;1.0;0.5;60-min-Takt stabil
IC 35;Duisburg Hbf;Norddeich Mole;3.16;26(1.4), 23(1.2), 24(0.5);26;0.45;0.83;2.0;Zwei-Lagen-Takt (120 min)
IC 35;Münster(Westf)Hbf;Norddeich Mole;3.16;30(2.9), 43(0.2), 42(0.1);30;0.93;0.98;3.4;60-min-Takt stabil
ICE 28;München Hbf;Berlin;1.84;47(1.0), 46(0.8);47;0.54;1.0;0.7;Zwei-Lagen-Takt (120 min)
ICE 28;Nürnberg Hbf;Berlin;1.84;05(1.8);5;1.0;1.0;0.0;60-min-Takt stabil
ICE 28;Erfurt Hbf;Berlin;1.84;25(1.8);25;1.0;1.0;0.0;60-min-Takt stabil
ICE 28;Leipzig Hbf;Berlin;1.84;12(1.8);12;1.0;1.0;0.0;60-min-Takt stabil
ICE 4;Frankfurt(Main)Hbf;Frankfurt;1.16;02(0.8), 03(0.4);2;0.67;1.0;0.6;60-min-Takt stabil
ICE 13;Berlin Hbf;Berlin;1.13;45(0.9), 42(0.2);45;0.8;1.0;1.3;60-min-Takt stabil
IC 61;Nürnberg Hbf;Stuttgart;1.97;41(0.6), 40(0.5), 42(0.5), 37(0.2), 35(0.2), 38(0.1);41;0.31;0.56;2.2;kein systematischer Takt
IC 35;Köln Hbf;Norddeich Mole;1.74;46(1.6), 41(0.1);46;0.94;1.0;1.2;60-min-Takt stabil
ICE 91;Duisburg Hbf;Nürnberg;3.19;11(2.2), 12(0.5), 10(0.3), 09(0.1);11;0.69;0.86;0.7;60-min-Takt stabil
ICE 91;Köln Hbf;Nürnberg;3.29;53(3.2), 52(0.1);53;0.96;1.0;0.2;60-min-Takt stabil
ICE 12;Karlsruhe Hbf;Frankfurt;1.29;59(1.2), 02(0.1), 01(0.0);59;0.93;0.97;0.7;60-min-Takt stabil
ICE 12;Mannheim Hbf;Frankfurt;1.29;30(1.2), 31(0.1), 32(0.0), 25(0.0);30;0.9;0.95;0.9;60-min-Takt stabil
IC 55;Köln Hbf;Karlsruhe;1.58;53(1.6);53;1.0;1.0;0.0;60-min-Takt stabil
IC 55;Mannheim Hbf;Karlsruhe;1.58;23(1.6);23;1.0;1.0;0.0;60-min-Takt stabil
ICE 41;Frankfurt(Main)Hbf;Düsseldorf;5.26;08(3.5), 07(1.3), 41(0.5);8;0.66;0.9;8.7;60-min-Takt stabil
ICE 14;Hannover Hbf;Köln;1.16;56(1.2);56;1.0;1.0;0.0;60-min-Takt stabil
ICE 14;Dortmund Hbf;Köln;1.16;49(1.2);49;1.0;1.0;0.0;60-min-Takt stabil
ICE 11;Hamburg Hbf;München;1.45;13(1.5);13;1.0;1.0;0.0;60-min-Takt stabil
ICE 82;Berlin Hbf;Frankfurt;1.0;06(1.0);6;1.0;1.0;0.0;60-min-Takt stabil
ICE 82;Erfurt Hbf;Frankfurt;1.0;50(1.0);50;1.0;1.0;0.0;60-min-Takt stabil
ICE 83;Karlsruhe Hbf;Stuttgart;1.23;27(1.1), 28(0.1);27;0.89;1.0;0.3;60-min-Takt stabil
ICE 47;Dortmund Hbf;München;4.16;53(1.6), 54(1.0), 55(0.5), 47(0.5), 11(0.4), 16(0.1);53;0.4;0.64;7.2;kein systematischer Takt
IC 55;Dresden Hbf;Magdeburg;1.45;22(1.5);22;1.0;1.0;0.0;60-min-Takt stabil
IC 55;Leipzig Hbf;Magdeburg;1.52;41(1.3), 40(0.2);41;0.87;1.0;0.4;60-min-Takt stabil
ICE 18;Leipzig Hbf;Berlin;1.65;11(0.9), 16(0.7), 18(0.0);11;0.55;0.98;3.4;Zwei-Lagen-Takt (120 min)
ICE 15;Berlin Hbf;Ostseebad Binz;4.0;58(4.0);58;1.0;1.0;0.0;60-min-Takt stabil
ICE 20;Karlsruhe Hbf;Frankfurt;1.0;37(1.0);37;1.0;1.0;0.0;60-min-Takt stabil
ICE 20;Mannheim Hbf;Frankfurt;1.0;03(1.0);3;1.0;1.0;0.0;60-min-Takt stabil
ICE 14;Duisburg Hbf;Berlin;1.26;34(0.6), 32(0.5), 30(0.1);34;0.46;0.9;1.8;Zwei-Lagen-Takt (120 min)
IC 56;Bremen Hbf;Hannover;1.0;09(1.0);9;1.0;1.0;0.0;60-min-Takt stabil
ICE 28;München Hbf;Hamburg;4.48;48(2.5), 49(2.0);48;0.55;1.0;0.7;Zwei-Lagen-Takt (120 min)
IC 61;Karlsruhe Hbf;Nürnberg;3.06;06(3.1);6;1.0;1.0;0.0;60-min-Takt stabil
IC 61;Stuttgart Hbf;Nürnberg;4.84;09(2.0), 08(2.0), 05(0.8);9;0.41;0.83;1.8;Zwei-Lagen-Takt (120 min)
ICE 62;Dortmund Hbf;Friedrichshafen Stadt;1.0;17(0.5), 30(0.5);17;0.55;1.0;8.7;Zwei-Lagen-Takt (120 min)
ICE 62;Mannheim Hbf;Friedrichshafen Stadt;1.0;54(1.0);54;1.0;1.0;0.0;60-min-Takt stabil
IC 55;Hannover Hbf;Heidelberg;1.23;40(0.9), 39(0.4);40;0.71;1.0;0.5;60-min-Takt stabil
ICE 27;Hamburg Hbf;Berlin;1.0;34(0.7), 14(0.3);34;0.71;1.0;10.8;60-min-Takt stabil
IC 56;Hannover Hbf;Norddeich Mole;1.84;45(1.8);45;1.0;1.0;0.0;60-min-Takt stabil
IC 56;Bremen Hbf;Norddeich Mole;2.68;53(2.7);53;1.0;1.0;0.0;60-min-Takt stabil
ICE 15;Frankfurt(Main)Hbf;Ostseebad Binz;2.35;02(2.4);2;1.0;1.0;0.0;60-min-Takt stabil
ICE 15;Erfurt Hbf;Ostseebad Binz;3.19;10(3.2);10;1.0;1.0;0.0;60-min-Takt stabil
ICE 33;Hamburg Hbf;Ostseebad Binz;2.84;08(2.1), 09(0.7);8;0.75;1.0;0.5;60-min-Takt stabil
ICE 1;Nürnberg Hbf;Hamburg;1.06;28(1.1);28;1.0;1.0;0.0;60-min-Takt stabil
ICE 1;Würzburg Hbf;Hamburg;1.06;23(0.5), 24(0.5);23;0.52;1.0;0.7;Zwei-Lagen-Takt (120 min)
ICE 1;Frankfurt(Main)Hbf;Hamburg;1.06;43(1.1);43;1.0;1.0;0.0;60-min-Takt stabil
ICE 1;Köln Hbf;Hamburg;1.06;14(0.5), 09(0.5);14;0.52;1.0;3.5;Zwei-Lagen-Takt (120 min)
ICE 1;Duisburg Hbf;Hamburg;1.06;50(0.5), 45(0.5);50;0.52;1.0;3.5;Zwei-Lagen-Takt (120 min)
ICE 1;Hamburg Hbf;Hamburg;1.06;52(1.1);52;1.0;1.0;0.0;60-min-Takt stabil
ICE 33;Bremen Hbf;Düsseldorf;1.23;11(0.9), 20(0.2), 10(0.1);11;0.74;0.92;3.9;60-min-Takt stabil
ICE 33;Münster(Westf)Hbf;Düsseldorf;1.23;29(1.0), 38(0.2), 39(0.1);29;0.82;0.95;4.0;60-min-Takt stabil
ICE 91;Nürnberg Hbf;Hamburg;1.71;26(1.0), 28(0.7);26;0.58;1.0;1.3;Zwei-Lagen-Takt (120 min)
ICE 91;Erfurt Hbf;Hamburg;1.71;02(1.7);2;1.0;1.0;0.0;60-min-Takt stabil
ICE 91;Leipzig Hbf;Hamburg;1.71;51(1.7);51;1.0;1.0;0.0;60-min-Takt stabil
ICE 91;Berlin Hbf;Hamburg;1.71;09(1.7);9;1.0;1.0;0.0;60-min-Takt stabil
ICE 91;Hamburg Hbf;Hamburg;1.42;14(1.4);14;1.0;1.0;0.0;60-min-Takt stabil
IC 55;Dresden Hbf;Hannover;1.9;22(1.9);22;1.0;1.0;0.0;60-min-Takt stabil
IC 55;Leipzig Hbf;Hannover;1.97;41(1.7), 40(0.3), 39(0.0);41;0.85;0.98;0.4;60-min-Takt stabil
IC 35;Münster(Westf)Hbf;Köln;3.45;30(3.3), 33(0.2);30;0.94;1.0;0.7;60-min-Takt stabil
IC 35;Duisburg Hbf;Köln;3.26;32(3.3);32;1.0;1.0;0.0;60-min-Takt stabil
IC 17;Dresden Hbf;Rostock;4.84;35(4.8);35;1.0;1.0;0.0;60-min-Takt stabil
ICE 77;Münster(Westf)Hbf;Berlin;1.0;24(1.0);24;1.0;1.0;0.0;60-min-Takt stabil
IC 51;Dortmund Hbf;Gera;1.77;42(1.8);42;1.0;1.0;0.0;60-min-Takt stabil
IC 51;Kassel-Wilhelmshöhe;Gera;2.58;57(1.0), 59(0.8), 48(0.8);57;0.38;0.69;5.2;kein systematischer Takt
IC 51;Erfurt Hbf;Gera;2.58;44(2.6);44;1.0;1.0;0.0;60-min-Takt stabil
IC 51;Erfurt Hbf;Dortmund;1.48;18(1.3), 24(0.2);18;0.89;1.0;2.0;60-min-Takt stabil
IC 51;Kassel-Wilhelmshöhe;Dortmund;1.48;02(1.5);2;1.0;1.0;0.0;60-min-Takt stabil
ICE 24;München Hbf;Hamburg;1.0;52(1.0);52;1.0;1.0;0.0;60-min-Takt stabil
ICE 24;Würzburg Hbf;Hamburg;1.0;19(1.0);19;1.0;1.0;0.0;60-min-Takt stabil
ICE 24;Kassel-Wilhelmshöhe;Hamburg;1.0;24(1.0);24;1.0;1.0;0.0;60-min-Takt stabil
ICE 24;Hannover Hbf;Hamburg;1.0;22(1.0);22;1.0;1.0;0.0;60-min-Takt stabil
ICE 26;Bremen Hbf;Frankfurt;1.0;15(1.0);15;1.0;1.0;0.0;60-min-Takt stabil
ICE 26;Hannover Hbf;Frankfurt;1.0;17(1.0);17;1.0;1.0;0.0;60-min-Takt stabil
ICE 26;Kassel-Wilhelmshöhe;Frankfurt;1.0;30(1.0);30;1.0;1.0;0.0;60-min-Takt stabil
IC 87;Stuttgart Hbf;Singen;1.87;17(1.4), 16(0.5);17;0.72;1.0;0.5;60-min-Takt stabil
ICE 14;Hannover Hbf;Münster;1.1;56(1.1);56;1.0;1.0;0.0;60-min-Takt stabil
IC 55;Dresden Hbf;Stuttgart;1.13;22(1.1);22;1.0;1.0;0.0;60-min-Takt stabil
IC 55;Leipzig Hbf;Stuttgart;1.26;41(0.9), 40(0.3);41;0.74;1.0;0.5;60-min-Takt stabil
IC 55;Hannover Hbf;Stuttgart;1.58;40(1.3), 39(0.3);40;0.8;1.0;0.5;60-min-Takt stabil
IC 55;Dortmund Hbf;Stuttgart;1.9;36(1.6), 35(0.3);36;0.83;1.0;0.4;60-min-Takt stabil
IC 55;Köln Hbf;Stuttgart;1.9;53(1.9);53;1.0;1.0;0.0;60-min-Takt stabil
IC 55;Mannheim Hbf;Stuttgart;1.9;23(1.9);23;1.0;1.0;0.0;60-min-Takt stabil
IC 35;Köln Hbf;Emden;1.0;46(1.0);46;1.0;1.0;0.0;60-min-Takt stabil
IC 55;Karlsruhe Hbf;Köln;1.29;52(0.8), 53(0.5);52;0.6;1.0;0.6;60-min-Takt stabil
ICE 82;Frankfurt(Main)Hbf;Berlin;1.0;02(1.0);2;1.0;1.0;0.0;60-min-Takt stabil
ICE 82;Erfurt Hbf;Berlin;1.0;10(1.0);10;1.0;1.0;0.0;60-min-Takt stabil
ICE 82;Berlin Hbf;Berlin;1.0;58(1.0);58;1.0;1.0;0.0;60-min-Takt stabil
ICE 90;München Hbf;Salzburg;2.0;09(1.0), 03(1.0);9;0.5;1.0;4.2;Zwei-Lagen-Takt (120 min)
ICE 14;Münster(Westf)Hbf;Berlin;1.35;25(1.4);25;1.0;1.0;0.0;60-min-Takt stabil
ICE 13;Stuttgart Hbf;Berlin;1.0;28(0.7), 36(0.3);28;0.68;1.0;4.5;60-min-Takt stabil
ICE 25;München Hbf;Rostock;1.0;10(1.0), 09(0.0);10;0.97;1.0;0.2;60-min-Takt stabil
ICE 25;Nürnberg Hbf;Rostock;1.0;32(1.0), 31(0.0);32;0.97;1.0;0.2;60-min-Takt stabil
ICE 25;Würzburg Hbf;Rostock;1.0;28(1.0), 27(0.0);28;0.97;1.0;0.2;60-min-Takt stabil
ICE 25;Fulda;Rostock;1.0;04(1.0), 03(0.0);4;0.97;1.0;0.2;60-min-Takt stabil
ICE 25;Kassel-Wilhelmshöhe;Rostock;1.0;36(1.0), 35(0.0);36;0.97;1.0;0.2;60-min-Takt stabil
ICE 25;Hannover Hbf;Rostock;1.0;36(1.0), 35(0.0);36;0.97;1.0;0.2;60-min-Takt stabil
ICE 91;Berlin Hbf;Nürnberg;1.0;55(1.0);55;1.0;1.0;0.0;60-min-Takt stabil
ICE 91;Leipzig Hbf;Nürnberg;1.0;18(1.0);18;1.0;1.0;0.0;60-min-Takt stabil
ICE 91;Erfurt Hbf;Nürnberg;1.0;59(1.0);59;1.0;1.0;0.0;60-min-Takt stabil
ICE 62;Frankfurt(Main)Hbf;Stuttgart;2.71;11(1.0), 10(0.9), 19(0.7), 03(0.2);11;0.36;0.68;4.6;kein systematischer Takt
ICE 3;Frankfurt(Main)Hbf;Berlin;1.23;02(1.2);2;1.0;1.0;0.0;60-min-Takt stabil
ICE 6;Stuttgart Hbf;Berlin;1.0;03(1.0);3;1.0;1.0;0.0;60-min-Takt stabil
ICE 6;Nürnberg Hbf;Berlin;1.0;03(1.0);3;1.0;1.0;0.0;60-min-Takt stabil
ICE 6;Berlin Hbf;Berlin;1.0;52(1.0);52;1.0;1.0;0.0;60-min-Takt stabil
ICE 91;Berlin Hbf;Kufstein;1.0;56(1.0);56;1.0;1.0;0.0;60-min-Takt stabil
ICE 91;Leipzig Hbf;Kufstein;1.0;18(1.0);18;1.0;1.0;0.0;60-min-Takt stabil
ICE 91;Erfurt Hbf;Kufstein;1.0;59(1.0);59;1.0;1.0;0.0;60-min-Takt stabil
ICE 91;Nürnberg Hbf;Kufstein;1.0;36(1.0);36;1.0;1.0;0.0;60-min-Takt stabil
ICE 91;München Hbf;Kufstein;1.0;24(1.0);24;1.0;1.0;0.0;60-min-Takt stabil
ICE 16;Hannover Hbf;Oldenburg;1.0;45(1.0);45;1.0;1.0;0.0;60-min-Takt stabil
ICE 16;Bremen Hbf;Oldenburg;1.0;50(1.0);50;1.0;1.0;0.0;60-min-Takt stabil
ICE 62;Mannheim Hbf;Münster;1.0;53(1.0);53;1.0;1.0;0.0;60-min-Takt stabil
ICE 62;Duisburg Hbf;Münster;1.0;40(0.5), 02(0.5);40;0.55;1.0;14.8;Zwei-Lagen-Takt (120 min)
ICE 33;Hannover Hbf;Ostseebad Binz;1.0;31(1.0);31;1.0;1.0;0.0;60-min-Takt stabil
ICE 6;Berlin Hbf;Stuttgart;1.0;12(1.0);12;1.0;1.0;0.0;60-min-Takt stabil
ICE 6;Nürnberg Hbf;Stuttgart;1.0;01(1.0);1;1.0;1.0;0.0;60-min-Takt stabil
ICE 28;Berlin Hbf;Berlin;1.0;38(1.0);38;1.0;1.0;0.0;60-min-Takt stabil
