station_id;name;knotenminute;knotenzeit;ankunft;abfahrt;gewicht;grad;off_a1;off_d1;off_a2;off_d2
613345;Berlin Hbf;0;:00 / :30;Ri1 :58 · Ri2 :55;Ri1 :05 · Ri2 :02;502.0;8;2;5;5;2
477761;Bremen Hbf;15;:15 / :45;Ri1 :13 · Ri2 :13;Ri1 :17 · Ri2 :17;228.3;3;2;2;2;2
640892;Dortmund Hbf;0;:00 / :30;Ri1 :58 · Ri2 :57;Ri1 :03 · Ri2 :02;345.9;7;2;3;3;2
224643;Dresden Hbf;15;:15 / :45;Ri1 :10 · Ri2 :13;Ri1 :17 · Ri2 :20;51.5;2;5;2;2;5
549058;Duisburg Hbf;13;:13 / :43;Ri1 :08 · Ri2 :11;Ri1 :17 · Ri2 :18;317.4;7;5;4;2;5
416646;Erfurt Hbf;16;:16 / :46;Ri1 :12 · Ri2 :14;Ri1 :18 · Ri2 :18;504.6;7;4;2;2;2
176697;Frankfurt(Main)Hbf;14;:14 / :44;Ri1 :09 · Ri2 :12;Ri1 :16 · Ri2 :19;625.2;13;5;2;2;5
216930;Fulda;14;:14 / :44;Ri1 :12 · Ri2 :09;Ri1 :19 · Ri2 :16;393.1;8;2;5;5;2
428519;Hamburg Hbf;15;:15 / :45;Ri1 :13 · Ri2 :13;Ri1 :17 · Ri2 :17;298.4;4;2;2;2;2
93866;Hannover Hbf;29;:29 / :59;Ri1 :26 · Ri2 :27;Ri1 :31 · Ri2 :34;714.7;11;3;2;2;5
497089;Karlsruhe Hbf;27;:27 / :57;Ri1 :22 · Ri2 :25;Ri1 :30 · Ri2 :29;162.6;5;5;3;2;2
19112;Kassel-Wilhelmshöhe;29;:29 / :59;Ri1 :24 · Ri2 :24;Ri1 :34 · Ri2 :34;414.4;8;5;5;5;5
517455;Köln Hbf;29;:29 / :59;Ri1 :24 · Ri2 :24;Ri1 :34 · Ri2 :34;495.2;7;5;5;5;5
53188;Leipzig Hbf;0;:00 / :30;Ri1 :58 · Ri2 :55;Ri1 :05 · Ri2 :02;288.9;5;2;5;5;2
582139;Mannheim Hbf;0;:00 / :30;Ri1 :56 · Ri2 :58;Ri1 :05 · Ri2 :02;566.5;10;4;5;2;2
9941;München Hbf;24;:24 / :54;Ri1 :19 · Ri2 :19;Ri1 :29 · Ri2 :29;426.4;6;5;5;5;5
325703;Münster(Westf)Hbf;15;:15 / :45;Ri1 :10 · Ri2 :13;Ri1 :17 · Ri2 :20;210.9;5;5;2;2;5
99055;Nürnberg Hbf;26;:26 / :56;Ri1 :21 · Ri2 :24;Ri1 :31 · Ri2 :28;610.1;6;5;5;2;2
668361;Stuttgart Hbf;17;:17 / :47;Ri1 :15 · Ri2 :15;Ri1 :19 · Ri2 :20;297.9;6;2;2;2;3
631640;Würzburg Hbf;29;:29 / :59;Ri1 :27 · Ri2 :27;Ri1 :31 · Ri2 :31;321.9;8;2;2;2;2
