a;b;t_basis;t_soll_r1;t_soll_r2;zuschlag_r1;zuschlag_r2;reserve_r1;reserve_r2;gewicht;f_sprinter;f_ice;f_ic;massnahme
Frankfurt(Main)Hbf;Köln Hbf;68;68;68;0;0;0.0;0.0;143.58064516129014;1.7096774193548379;68.29032258064507;1.8709677419354835;taktkonform
Frankfurt(Main)Hbf;Würzburg Hbf;71;71;71;0;0;0.0;0.0;80.90322580645166;0.0;40.45161290322583;0.0;taktkonform
Nürnberg Hbf;Würzburg Hbf;53;56;53;3;0;5.7;0.0;154.51612903225765;0.0;77.25806451612883;0.0;taktkonform
Karlsruhe Hbf;Mannheim Hbf;23;26;23;3;0;13.0;0.0;115.03225806451604;0.0;55.9354838709677;3.161290322580644;taktkonform
Duisburg Hbf;Mannheim Hbf;122;129;129;7;7;5.7;5.7;30.322580645161306;0.0;15.161290322580653;0.0;taktkonform
Dortmund Hbf;Duisburg Hbf;35;35;39;0;4;0.0;11.4;110.64516129032242;1.483870967741935;52.8709677419354;0.45161290322580644;taktkonform
Hannover Hbf;Leipzig Hbf;153;177;175;24;22;15.7;14.4;22.74193548387097;0.0;0.0;22.74193548387097;Überschussreserve bis 16 %
Duisburg Hbf;Köln Hbf;37;37;37;0;0;0.0;0.0;112.70967741935473;3.6451612903225796;47.516129032258014;6.741935483870967;taktkonform
Köln Hbf;Mannheim Hbf;92;112;112;20;20;21.7;21.7;93.225806451613;0.0;40.70967741935488;11.806451612903233;Überschussreserve bis 22 %
Bremen Hbf;Hamburg Hbf;56;56;56;0;0;0.0;0.0;88.22580645161295;6.999999999999995;33.612903225806484;0.0;taktkonform
Bremen Hbf;Münster(Westf)Hbf;75;83;83;8;8;10.7;10.7;92.83870967741936;6.7096774193548345;36.35483870967742;0.0;taktkonform
Dortmund Hbf;Münster(Westf)Hbf;34;37;37;3;3;8.8;8.8;55.64516129032262;3.5806451612903207;21.935483870967765;1.032258064516129;taktkonform
Dortmund Hbf;Köln Hbf;70;81;83;11;13;15.7;18.6;67.8064516129033;2.3548387096774186;24.58064516129036;11.580645161290331;Überschussreserve bis 19 %
Mannheim Hbf;Stuttgart Hbf;38;40;38;2;0;5.3;0.0;132.93548387096752;0.0;64.5806451612902;3.774193548387096;taktkonform
München Hbf;Stuttgart Hbf;132;136;149;4;17;3.0;12.9;98.12903225806438;0.0;49.06451612903219;0.0;taktkonform
Bremen Hbf;Hannover Hbf;63;69;69;6;6;9.5;9.5;47.25806451612906;0.0;15.483870967741943;16.290322580645174;taktkonform
Hannover Hbf;Kassel-Wilhelmshöhe;53;53;53;0;0;0.0;0.0;148.19354838709648;2.0645161290322576;70.99999999999986;0.0;taktkonform
Frankfurt(Main)Hbf;Kassel-Wilhelmshöhe;85;98;98;13;13;15.3;15.3;66.87096774193553;1.387096774193548;31.354838709677445;0.0;Überschussreserve bis 15 %
Frankfurt(Main)Hbf;Mannheim Hbf;40;40;40;0;0;0.0;0.0;142.9677419354837;0.0;71.48387096774185;0.0;taktkonform
Hamburg Hbf;Hannover Hbf;69;69;69;0;0;0.0;0.0;137.1612903225806;5.290322580645159;60.64516129032257;0.0;taktkonform
Berlin Hbf;Hannover Hbf;102;111;111;9;9;8.8;8.8;170.7741935483867;8.193548387096778;73.09677419354819;0.0;taktkonform
Hannover Hbf;Köln Hbf;166;173;173;7;7;4.2;4.2;68.93548387096783;8.193548387096778;22.161290322580683;0.03225806451612903;taktkonform
Berlin Hbf;Leipzig Hbf;75;83;83;8;8;10.7;10.7;85.48387096774195;3.096774193548387;38.09677419354839;0.0;taktkonform
Leipzig Hbf;Nürnberg Hbf;220;226;237;6;17;2.7;7.7;7.29032258064516;0.0;1.6774193548387093;3.9354838709677415;taktkonform
München Hbf;Nürnberg Hbf;74;82;81;8;7;10.8;9.5;278.2903225806447;31.58064516129033;91.77419354838688;0.0;taktkonform
Nürnberg Hbf;Stuttgart Hbf;131;134;154;3;23;2.3;17.6;21.645161290322598;1.9999999999999998;0.0;15.645161290322598;Überschussreserve bis 18 %
Karlsruhe Hbf;Stuttgart Hbf;45;45;65;0;20;0.0;44.4;26.677419354838705;0.0;7.1290322580645125;12.419354838709678;Überschussreserve bis 44 %
Köln Hbf;Münster(Westf)Hbf;100;126;124;26;24;26.0;24.0;3.677419354838709;0.7096774193548386;0.6774193548387095;0.1935483870967742;Überschussreserve bis 26 %
Duisburg Hbf;Münster(Westf)Hbf;64;83;81;19;17;29.7;26.6;48.548387096774235;2.387096774193548;14.483870967741954;12.41935483870968;Überschussreserve bis 30 %
Frankfurt(Main)Hbf;Fulda;56;56;56;0;0;0.0;0.0;98.6774193548386;3.9032258064516125;43.483870967741886;0.0;taktkonform
Erfurt Hbf;Fulda;84;84;88;0;4;0.0;4.8;70.0645161290324;2.064516129032258;31.935483870967815;0.0;taktkonform
Erfurt Hbf;Leipzig Hbf;39;40;42;1;3;2.6;7.7;123.61290322580632;3.096774193548387;57.161290322580584;0.0;taktkonform
Dresden Hbf;Leipzig Hbf;71;71;71;0;0;0.0;0.0;49.741935483870975;0.0;16.70967741935484;16.322580645161295;taktkonform
Berlin Hbf;Erfurt Hbf;97;97;97;0;0;0.0;0.0;127.99999999999999;35.35483870967741;10.967741935483877;0.0;taktkonform
Erfurt Hbf;Frankfurt(Main)Hbf;126;141;145;15;19;11.9;15.1;30.16129032258064;4.548387096774194;8.25806451612903;0.0;Überschussreserve bis 15 %
Berlin Hbf;Kassel-Wilhelmshöhe;167;169;171;2;4;1.2;2.4;36.90322580645164;1.032258064516129;16.903225806451626;0.0;taktkonform
Fulda;Kassel-Wilhelmshöhe;30;35;35;5;5;16.7;16.7;131.48387096774184;6.064516129032256;56.64516129032254;0.0;Überschussreserve bis 17 %
Frankfurt(Main)Hbf;München Hbf;236;243;253;7;17;3.0;7.2;9.290322580645158;0.0;4.645161290322579;0.0;taktkonform
Köln Hbf;Würzburg Hbf;138;143;143;5;5;3.6;3.6;5.290322580645158;0.0;2.645161290322579;0.0;taktkonform
Berlin Hbf;Hamburg Hbf;118;128;128;10;10;8.5;8.5;66.25806451612908;0.5806451612903226;32.25806451612906;0.0;taktkonform
Fulda;Würzburg Hbf;34;38;38;4;4;11.8;11.8;62.0000000000001;0.0;31.00000000000005;0.0;taktkonform
München Hbf;Würzburg Hbf;142;148;168;6;26;4.2;18.3;9.677419354838705;0.0;4.838709677419352;0.0;Überschussreserve bis 18 %
Erfurt Hbf;Nürnberg Hbf;76;93;76;17;0;22.4;0.0;142.19354838709683;32.19354838709678;22.80645161290323;0.0;Überschussreserve bis 22 %
Fulda;Mannheim Hbf;94;97;97;3;3;3.2;3.2;11.09677419354838;0.0;5.54838709677419;0.0;taktkonform
Fulda;Stuttgart Hbf;157;176;169;19;12;12.1;7.6;4.0;0.0;2.0;0.0;taktkonform
Dortmund Hbf;Hannover Hbf;113;113;113;0;0;0.0;0.0;90.06451612903219;0.0;39.35483870967738;11.354838709677427;taktkonform
Mannheim Hbf;München Hbf;161;164;179;3;18;1.9;11.2;25.548387096774206;0.0;12.774193548387103;0.0;taktkonform
Fulda;Karlsruhe Hbf;130;153;130;23;0;17.7;0.0;11.935483870967735;0.0;5.967741935483867;0.0;Überschussreserve bis 18 %
Kassel-Wilhelmshöhe;Mannheim Hbf;125;142;142;17;17;13.6;13.6;11.870967741935475;0.0;5.9354838709677376;0.0;taktkonform
Hannover Hbf;Würzburg Hbf;116;116;116;0;0;0.0;0.0;5.61290322580645;0.0;2.806451612903225;0.0;taktkonform
Berlin Hbf;Dresden Hbf;113;125;125;12;12;10.6;10.6;1.741935483870968;0.0;0.870967741935484;0.0;taktkonform
Dortmund Hbf;Frankfurt(Main)Hbf;139;156;158;17;19;12.2;13.7;11.677419354838703;0.0;5.838709677419351;0.0;taktkonform
Frankfurt(Main)Hbf;Stuttgart Hbf;98;119;112;21;14;21.4;14.3;14.516129032258062;0.0;7.258064516129031;0.0;Überschussreserve bis 21 %
Erfurt Hbf;Kassel-Wilhelmshöhe;88;96;100;8;12;9.1;13.6;9.35483870967742;0.0;1.935483870967742;5.483870967741935;taktkonform
Dortmund Hbf;Kassel-Wilhelmshöhe;131;141;143;10;12;7.6;9.2;7.741935483870968;0.0;1.935483870967742;3.8709677419354835;taktkonform
Karlsruhe Hbf;München Hbf;164;169;176;5;12;3.0;7.3;5.483870967741934;0.0;2.741935483870967;0.0;taktkonform
Dortmund Hbf;Mannheim Hbf;167;173;175;6;8;3.6;4.8;2.290322580645161;0.0;1.064516129032258;0.16129032258064516;taktkonform
Hannover Hbf;Münster(Westf)Hbf;93;99;97;6;4;6.5;4.3;10.225806451612902;0.0;5.096774193548386;0.03225806451612903;taktkonform
Frankfurt(Main)Hbf;Karlsruhe Hbf;66;66;73;0;7;0.0;10.6;3.4838709677419346;0.0;1.7419354838709673;0.0;taktkonform
Frankfurt(Main)Hbf;Hannover Hbf;135;160;158;25;23;18.5;17.0;9.903225806451609;3.258064516129031;0.06451612903225806;0.0;Überschussreserve bis 18 %
Duisburg Hbf;Würzburg Hbf;174;190;190;16;16;9.2;9.2;1.9354838709677415;0.0;0.9677419354838708;0.0;taktkonform
Fulda;Hannover Hbf;141;157;155;16;14;11.3;9.9;3.838709677419354;0.6129032258064516;0.9999999999999997;0.0;taktkonform
Erfurt Hbf;Mannheim Hbf;217;218;222;1;5;0.5;2.3;1.2258064516129028;0.0;0.6129032258064514;0.0;taktkonform
Berlin Hbf;Frankfurt(Main)Hbf;236;244;246;8;10;3.4;4.2;6.677419354838709;1.8387096774193545;0.5806451612903225;0.0;taktkonform
Duisburg Hbf;Frankfurt(Main)Hbf;101;112;112;11;11;10.9;10.9;6.516129032258064;0.12903225806451613;3.064516129032258;0.0;taktkonform
Duisburg Hbf;Hamburg Hbf;181;206;204;25;23;13.8;12.7;6.709677419354838;0.0;3.354838709677419;0.0;taktkonform
Kassel-Wilhelmshöhe;Würzburg Hbf;63;83;83;20;20;31.7;31.7;2.0;0.0;1.0;0.0;Überschussreserve bis 32 %
Berlin Hbf;Nürnberg Hbf;163;166;177;3;14;1.8;8.6;6.129032258064515;1.9999999999999998;0.06451612903225806;0.0;taktkonform
