a_id;b_id;a;b;km;t_min;t_median;t_max;n_trassen;fahrten_tag;produkte
436294;517455;Bonn Hbf;Köln Hbf;25.2;19;22;28;234;27.42;IC,ICE,ICE-SPRINTER
436294;61534;Bonn Hbf;Koblenz Hbf;55.0;30;31;45;268;31.03;IC,ICE
61534;634086;Koblenz Hbf;Bingen(Rhein) Hbf;47.4;33;35;36;59;3.65;IC,ICE,ICE-SPRINTER
176697;634086;Frankfurt(Main)Hbf;Bingen(Rhein) Hbf;57.7;35;50;55;28;1.45;IC,ICE,ICE-SPRINTER
176697;576155;Frankfurt(Main)Hbf;Hanau Hbf;19.0;11;15;19;222;29.65;ICE,ICE-SPRINTER
576155;631640;Hanau Hbf;Würzburg Hbf;80.3;44;51;96;100;9.9;ICE
631640;99055;Würzburg Hbf;Nürnberg Hbf;91.6;51;54;79;557;77.26;ICE
297876;464157;Basel Bad Bf;Basel SBB;2.6;7;7;9;270;45.71;IC,ICE
297876;526634;Basel Bad Bf;Freiburg(Breisgau) Hbf;50.8;17;27;36;272;46.13;ICE
526634;550478;Freiburg(Breisgau) Hbf;Baden-Baden;92.0;43;43;43;84;12.19;ICE
497089;550478;Karlsruhe Hbf;Baden-Baden;27.4;16;17;20;147;19.32;ICE
497089;582139;Karlsruhe Hbf;Mannheim Hbf;54.2;21;23;33;365;55.94;ICE
38672;582139;Frankfurt(M) Flughafen Fernbf;Mannheim Hbf;64.2;30;34;61;465;55.35;ICE
273099;38672;Siegburg/Bonn;Frankfurt(M) Flughafen Fernbf;127.1;31;41;53;299;39.68;ICE
273099;95437;Siegburg/Bonn;Köln Messe/Deutz;22.9;12;13;19;91;14.55;ICE
691821;95437;Düsseldorf Hbf;Köln Messe/Deutz;33.4;18;22;92;211;31.94;ICE,ICE-SPRINTER
609947;691821;Düsseldorf Flughafen;Düsseldorf Hbf;8.0;4;7;11;178;28.71;IC,ICE,ICE-SPRINTER
549058;609947;Duisburg Hbf;Düsseldorf Flughafen;15.3;7;9;14;174;28.0;IC,ICE,ICE-SPRINTER
549058;622042;Duisburg Hbf;Oberhausen Hbf;7.3;5;7;10;298;45.87;IC,ICE,ICE-SPRINTER
595938;622042;Gelsenkirchen Hbf;Oberhausen Hbf;17.7;9;12;19;200;29.81;IC,ICE,ICE-SPRINTER
239328;595938;Herne-Wanne-Eickel Hbf;Gelsenkirchen Hbf;5.3;4;5;7;157;24.26;IC,ICE,ICE-SPRINTER
239328;640892;Herne-Wanne-Eickel Hbf;Dortmund Hbf;20.4;15;19;25;107;12.0;ICE
464794;93866;Magdeburg Hbf;Hannover Hbf;131.3;75;106;115;36;3.23;IC,ICE
464794;608769;Magdeburg Hbf;Köthen;48.9;26;29;33;158;30.0;IC
531677;608769;Halle(Saale)Hbf;Köthen;30.6;16;18;23;158;30.0;IC
531677;53188;Halle(Saale)Hbf;Leipzig Hbf;31.0;17;19;21;59;14.61;IC
176697;38672;Frankfurt(Main)Hbf;Frankfurt(M) Flughafen Fernbf;8.9;6;11;16;577;104.16;IC,ICE,ICE-SPRINTER
273099;517455;Siegburg/Bonn;Köln Hbf;23.9;12;15;25;255;42.39;ICE
517455;549058;Köln Hbf;Duisburg Hbf;55.6;37;77;87;84;8.1;ICE,ICE-SPRINTER
471479;622042;Emmerich(Gr);Oberhausen Hbf;68.3;42;42;58;41;7.87;ICE
471479;575362;Emmerich(Gr);Arnhem Centraal;18.7;10;11;16;97;14.87;ICE
42071;472499;Rzepin;Frankfurt(Oder)(Gr);16.5;14;16;22;151;23.35;IC
354957;472499;Frankfurt(Oder);Frankfurt(Oder)(Gr);2.7;2;3;3;151;23.35;IC
170179;9941;Buchloe;München Hbf;63.5;39;49;69;64;10.13;ICE
170179;460148;Buchloe;Memmingen;39.7;21;22;22;64;10.13;ICE
167729;460148;Lindau-Reutin;Memmingen;60.2;48;48;49;64;10.13;ICE
231011;368193;Kolding st;Padborg st;74.5;41;41;53;52;13.65;ICE,SONSTIGE
111314;231011;Odense st;Kolding st;57.9;36;38;58;46;13.42;ICE,SONSTIGE
111314;468296;Odense st;Ringsted st;88.5;38;41;76;52;13.65;ICE,SONSTIGE
274287;468296;Koebenhavn H;Ringsted st;55.5;26;28;48;52;13.65;ICE,SONSTIGE
644690;695368;Golling-Abtenau;Salzburg Hbf;25.2;19;19;19;41;14.0;IC,ICE,SONSTIGE
422140;644690;Bischofshofen;Golling-Abtenau;20.8;20;22;22;41;14.0;IC,ICE,SONSTIGE
228870;422140;St. Johann im Pongau;Bischofshofen;8.0;7;8;8;41;14.0;IC,ICE,SONSTIGE
228870;447324;St. Johann im Pongau;Schwarzach-St.Veit;4.5;5;5;5;41;14.0;IC,ICE,SONSTIGE
447324;573454;Schwarzach-St.Veit;Bad Gastein;23.1;23;23;23;39;12.0;IC,ICE,SONSTIGE
401728;573454;Mallnitz-Obervellach;Bad Gastein;14.9;13;13;13;41;14.0;IC,ICE,SONSTIGE
401728;98544;Mallnitz-Obervellach;Spittal-Millstätter See;31.4;21;21;23;41;14.0;IC,ICE,SONSTIGE
584165;98544;Villach Hbf;Spittal-Millstätter See;33.8;22;22;25;45;16.0;IC,ICE,SONSTIGE
333235;584165;Velden am Wörther See;Villach Hbf;15.0;9;11;11;38;11.0;IC,ICE,SONSTIGE
133722;333235;Pörtschach am Wörther See;Velden am Wörther See;8.0;5;5;5;11;4.0;IC,ICE,SONSTIGE
133722;485693;Pörtschach am Wörther See;Klagenfurt Hbf;13.0;8;8;9;11;4.0;IC,ICE,SONSTIGE
128231;485693;Kühnsdorf-Klopeiner See;Klagenfurt Hbf;23.5;9;10;10;9;2.0;ICE
128231;338037;Kühnsdorf-Klopeiner See;Graz Hbf;78.3;36;36;38;9;2.0;ICE
517030;64889;Sonthofen;Oberstdorf;11.4;19;19;21;5;0.87;ICE
190242;517030;Kempten(Allgäu)Hbf;Sonthofen;22.3;39;39;41;5;0.87;ICE
190242;460148;Kempten(Allgäu)Hbf;Memmingen;32.0;23;28;28;5;0.87;ICE
253250;460148;Ulm Hbf;Memmingen;48.4;28;31;31;5;0.87;ICE
253250;540195;Ulm Hbf;Esslingen(Neckar);62.8;31;36;79;210;28.13;ICE
424397;540195;Vaihingen(Enz);Esslingen(Neckar);34.2;22;24;52;123;16.13;ICE
424397;635340;Vaihingen(Enz);Heidelberg Hbf;54.6;25;28;43;36;6.94;IC,ICE
582139;635340;Mannheim Hbf;Heidelberg Hbf;17.1;9;12;15;209;21.1;IC,ICE
176337;582139;Mainz Hbf;Mannheim Hbf;60.0;35;39;46;106;15.03;IC,ICE
176337;61534;Mainz Hbf;Koblenz Hbf;61.6;48;51;56;183;23.52;IC,ICE
517455;691821;Köln Hbf;Düsseldorf Hbf;32.9;18;25;72;377;51.03;IC,ICE,ICE-SPRINTER
549058;691821;Duisburg Hbf;Düsseldorf Hbf;23.4;11;13;28;452;67.65;IC,ICE,ICE-SPRINTER
549058;595938;Duisburg Hbf;Gelsenkirchen Hbf;24.1;14;18;32;163;30.58;IC,ICE,ICE-SPRINTER
595938;640892;Gelsenkirchen Hbf;Dortmund Hbf;24.7;17;21;25;113;20.65;ICE,ICE-SPRINTER
468938;96724;Winterthur;Zürich HB;19.4;22;22;22;5;0.84;IC
468938;8389;Winterthur;St. Gallen(CH);49.3;32;32;32;73;16.39;IC
63619;8389;St. Margrethen SG;St. Gallen(CH);20.5;17;17;18;73;16.39;IC
257676;619269;Bruxelles Midi;Bruxelles-Nord;3.3;6;7;7;88;16.19;ICE
14372;619269;Liège-Guillemins;Bruxelles-Nord;88.8;37;39;42;85;15.84;ICE
117544;14372;Aachen Süd(Gr);Liège-Guillemins;35.8;18;20;24;103;18.29;ICE
117544;22625;Aachen Süd(Gr);Aachen Hbf;5.1;3;3;4;104;18.39;ICE
22625;517455;Aachen Hbf;Köln Hbf;63.9;33;36;54;102;18.23;ICE
38672;517455;Frankfurt(M) Flughafen Fernbf;Köln Hbf;150.9;49;55;173;345;50.48;ICE
468143;471479;Emmerich;Emmerich(Gr);11.1;6;6;6;54;6.87;ICE
468143;622042;Emmerich;Oberhausen Hbf;57.3;31;31;31;55;7.0;ICE
428519;9066;Hamburg Hbf;Hamburg-Harburg;10.7;9;10;13;516;66.39;IC,ICE,ICE-SPRINTER
477761;9066;Bremen Hbf;Hamburg-Harburg;88.6;35;44;58;388;41.61;ICE,ICE-SPRINTER
477761;639669;Bremen Hbf;Osnabrück Hbf;103.4;44;51;71;323;38.55;ICE,ICE-SPRINTER
325703;639669;Münster(Westf)Hbf;Osnabrück Hbf;45.6;21;24;34;400;47.97;ICE,ICE-SPRINTER
325703;640892;Münster(Westf)Hbf;Dortmund Hbf;50.3;27;29;54;231;25.03;IC,ICE,ICE-SPRINTER
158073;640892;Hagen Hbf;Dortmund Hbf;17.3;19;21;34;201;26.77;IC,ICE,ICE-SPRINTER
158073;476721;Hagen Hbf;Wuppertal Hbf;24.7;15;16;28;357;57.13;IC,ICE,ICE-SPRINTER
437604;476721;Solingen Hbf;Wuppertal Hbf;14.5;11;12;17;192;28.06;IC,ICE
437604;517455;Solingen Hbf;Köln Hbf;24.4;17;19;40;281;37.16;IC,ICE,ICE-SPRINTER
582139;668361;Mannheim Hbf;Stuttgart Hbf;93.1;36;38;94;448;56.58;ICE
253250;668361;Ulm Hbf;Stuttgart Hbf;72.8;40;49;118;464;49.87;ICE
253250;456179;Ulm Hbf;Augsburg Hbf;66.8;39;41;67;465;56.58;ICE
456179;545038;Augsburg Hbf;München-Pasing;48.9;19;22;64;421;54.55;ICE,ICE-SPRINTER
545038;9941;München-Pasing;München Hbf;7.1;6;7;16;400;50.84;ICE,ICE-SPRINTER
164260;365415;Antwerpen Centraal;Brussels Airport - Zaventem;35.6;23;24;25;10;1.68;ICE
365415;40708;Brussels Airport - Zaventem;Leuven;16.4;12;12;14;10;1.68;ICE
14372;40708;Liège-Guillemins;Leuven;66.3;25;26;28;17;2.19;ICE
477761;93866;Bremen Hbf;Hannover Hbf;100.4;59;60;60;53;15.48;ICE
168530;93866;Göttingen;Hannover Hbf;94.3;32;32;83;553;72.0;ICE,ICE-SPRINTER
168530;19112;Göttingen;Kassel-Wilhelmshöhe;41.5;12;19;49;713;104.71;ICE,ICE-SPRINTER
19112;291712;Kassel-Wilhelmshöhe;Wabern(Bz Kassel);24.1;18;20;21;46;6.71;ICE
291712;607310;Wabern(Bz Kassel);Treysa;24.6;15;15;16;46;6.71;ICE
537395;607310;Marburg(Lahn);Treysa;30.6;22;22;24;46;6.71;ICE
428469;537395;Gießen;Marburg(Lahn);27.9;15;16;17;46;6.71;ICE
176697;428469;Frankfurt(Main)Hbf;Gießen;52.5;39;40;40;15;2.61;ICE
176697;226858;Frankfurt(Main)Hbf;Darmstadt Hbf;26.1;14;17;22;107;19.16;ICE
226858;659606;Darmstadt Hbf;Bensheim;21.3;10;12;20;185;26.52;ICE
194868;659606;Weinheim(Bergstr)Hbf;Bensheim;14.7;9;9;10;179;25.23;ICE
194868;635340;Weinheim(Bergstr)Hbf;Heidelberg Hbf;16.7;12;14;16;156;23.74;ICE
174196;337329;Bohumin(Gr);Chalupki;1.2;2;2;2;34;8.0;IC,SONSTIGE
270382;337329;Rybnik(PL);Chalupki;24.8;28;29;29;16;4.0;IC,SONSTIGE
270382;319073;Rybnik(PL);Katowice;38.3;49;55;70;16;4.0;IC,SONSTIGE
165995;319073;Sosnowiec Glowny;Katowice;8.1;13;13;16;12;3.35;IC,SONSTIGE
165995;521333;Sosnowiec Glowny;Dabrowa Gornicza;7.1;6;9;12;12;3.35;IC,SONSTIGE
521333;568518;Dabrowa Gornicza;Zawiercie;23.8;15;15;16;12;3.35;IC,SONSTIGE
344531;568518;Wloszczowa Polnoc;Zawiercie;55.9;29;30;33;16;4.0;IC,SONSTIGE
247162;344531;Opoczno Poludnie;Wloszczowa Polnoc;59.1;26;27;37;16;4.0;IC,SONSTIGE
247162;692027;Opoczno Poludnie;Warszawa Zachodnia;108.3;50;51;55;16;4.0;IC,SONSTIGE
644330;692027;Warszawa Centralna;Warszawa Zachodnia;2.8;3;4;4;66;19.35;IC,SONSTIGE
39653;644330;Warszawa Wschodnia;Warszawa Centralna;4.2;6;6;6;66;19.35;IC,SONSTIGE
556408;96724;Schaffhausen;Zürich HB;36.3;34;36;46;128;31.48;IC,ICE,SONSTIGE
480653;550099;Interlaken Ost;Interlaken West;1.6;4;4;6;25;5.39;ICE
112969;550099;Spiez;Interlaken West;13.1;16;19;19;25;5.39;ICE
112969;25598;Spiez;Thun;8.5;9;10;11;55;9.81;ICE
25598;510671;Thun;Bern;26.0;19;20;22;54;9.77;ICE
149885;510671;Olten;Bern;57.1;26;27;45;72;11.0;IC,ICE
149885;653982;Olten;Liestal;19.8;16;16;17;60;9.97;ICE
464157;653982;Basel SBB;Liestal;12.7;10;10;11;60;9.97;ICE
267257;595938;Essen Hbf;Gelsenkirchen Hbf;8.5;9;10;14;30;3.81;IC,ICE
325703;595938;Münster(Westf)Hbf;Gelsenkirchen Hbf;62.2;36;44;76;81;10.32;IC,ICE,ICE-SPRINTER
9066;97193;Hamburg-Harburg;Itzehoe;60.8;54;63;86;22;2.61;ICE
404628;97193;Heide(Holst);Itzehoe;40.2;32;34;45;41;6.52;ICE
350746;404628;Husum;Heide(Holst);31.1;22;24;25;41;6.52;ICE
273219;350746;Niebüll;Husum;38.1;24;26;28;41;6.52;ICE
273219;468987;Niebüll;Westerland(Sylt);36.0;31;34;66;40;6.45;ICE
176697;582139;Frankfurt(Main)Hbf;Mannheim Hbf;71.1;34;39;71;413;68.84;ICE
176697;19112;Frankfurt(Main)Hbf;Kassel-Wilhelmshöhe;145.0;85;86;135;159;25.97;ICE,ICE-SPRINTER
243815;93866;Celle;Hannover Hbf;34.8;14;19;46;174;22.58;ICE,ICE-SPRINTER
243815;428519;Celle;Hamburg Hbf;103.7;58;59;85;102;12.68;ICE,ICE-SPRINTER
90261;99055;Regensburg Hbf;Nürnberg Hbf;88.2;59;60;136;28;3.32;IC,ICE
176337;38672;Mainz Hbf;Frankfurt(M) Flughafen Fernbf;23.0;15;19;25;123;13.68;IC,ICE,ICE-SPRINTER
436294;510314;Bonn Hbf;Köln Süd;24.2;15;16;24;66;4.84;IC,ICE,ICE-SPRINTER
510314;691821;Köln Süd;Düsseldorf Hbf;34.1;39;49;62;51;3.9;ICE,ICE-SPRINTER
526634;598255;Freiburg(Breisgau) Hbf;Offenburg;53.9;25;30;41;198;33.48;ICE
550478;598255;Baden-Baden;Offenburg;39.2;12;14;18;63;7.13;ICE
437604;640892;Solingen Hbf;Dortmund Hbf;50.8;44;50;90;119;12.13;IC,ICE,ICE-SPRINTER
513044;582139;Kaiserslautern Hbf;Mannheim Hbf;50.8;37;39;46;26;5.35;ICE
180380;513044;Saarbrücken Hbf;Kaiserslautern Hbf;60.4;36;36;41;20;5.06;ICE
391201;613345;Berlin Südkreuz;Berlin Hbf;5.5;4;5;9;750;152.94;ICE,ICE-SPRINTER
446591;613345;Berlin-Spandau;Berlin Hbf;11.7;7;11;19;462;84.9;IC,ICE,ICE-SPRINTER
446591;93866;Berlin-Spandau;Hannover Hbf;234.8;81;86;89;180;35.77;ICE,ICE-SPRINTER
158073;93866;Hagen Hbf;Hannover Hbf;192.9;125;132;164;57;5.0;ICE
476721;517455;Wuppertal Hbf;Köln Hbf;37.1;26;30;87;155;29.61;ICE,ICE-SPRINTER
176209;391201;Lutherstadt Wittenberg Hbf;Berlin Südkreuz;82.9;32;35;42;263;42.65;ICE,ICE-SPRINTER
176209;53188;Lutherstadt Wittenberg Hbf;Leipzig Hbf;61.2;29;31;36;138;21.84;ICE,ICE-SPRINTER
53188;651630;Leipzig Hbf;Naumburg(Saale)Hbf;45.5;35;39;58;40;3.87;IC,ICE
306204;651630;Jena Paradies;Naumburg(Saale)Hbf;30.3;25;27;27;50;5.74;IC,ICE
306204;486352;Jena Paradies;Jena-Göschwitz;4.6;4;5;5;50;5.74;IC,ICE
486352;671861;Jena-Göschwitz;Saalfeld(Saale);30.2;26;26;26;23;1.74;ICE
390604;671861;Lichtenfels;Saalfeld(Saale);60.3;57;60;66;23;1.74;ICE
390604;431744;Lichtenfels;Bamberg;29.6;15;19;30;51;6.42;IC,ICE
431744;51519;Bamberg;Erlangen;34.7;18;20;26;117;25.45;IC,ICE,ICE-SPRINTER
51519;99055;Erlangen;Nürnberg Hbf;17.7;12;14;25;117;25.45;IC,ICE,ICE-SPRINTER
656122;99055;Donauwörth;Nürnberg Hbf;84.5;44;50;84;61;8.06;IC,ICE
456179;656122;Augsburg Hbf;Donauwörth;39.7;16;20;31;81;13.06;ICE,ICE-SPRINTER
309710;486352;Rudolstadt(Thür);Jena-Göschwitz;25.7;20;20;20;27;4.0;IC
309710;671861;Rudolstadt(Thür);Saalfeld(Saale);7.9;8;9;9;27;4.0;IC
314586;671861;Ludwigsstadt;Saalfeld(Saale);18.2;28;28;28;27;4.0;IC
212568;314586;Kronach;Ludwigsstadt;27.8;22;22;23;27;4.0;IC
212568;390604;Kronach;Lichtenfels;21.3;13;13;13;27;4.0;IC
83632;99055;Ansbach;Nürnberg Hbf;40.1;24;27;38;90;15.45;IC
320394;83632;Crailsheim;Ansbach;41.4;23;25;29;67;10.52;IC
206566;320394;Ellwangen;Crailsheim;19.9;14;15;15;64;10.23;IC
203191;206566;Aalen Hbf;Ellwangen;13.9;10;10;11;64;10.23;IC
203191;632424;Aalen Hbf;Schwäbisch Gmünd;23.0;14;15;17;65;10.32;IC
632424;668361;Schwäbisch Gmünd;Stuttgart Hbf;44.4;29;35;36;60;9.06;IC
424397;668361;Vaihingen(Enz);Stuttgart Hbf;24.5;14;16;34;102;17.94;IC,ICE
424397;86349;Vaihingen(Enz);Mühlacker;8.2;5;6;7;59;10.16;IC
634943;86349;Pforzheim Hbf;Mühlacker;12.3;8;9;9;65;11.68;IC
497089;634943;Karlsruhe Hbf;Pforzheim Hbf;24.6;19;20;22;65;11.68;IC
331094;396514;Hamburg Dammtor;Hamburg-Altona;3.8;5;7;8;250;36.61;ICE,ICE-SPRINTER
331094;428519;Hamburg Dammtor;Hamburg Hbf;1.5;3;4;5;409;59.03;ICE,ICE-SPRINTER
325703;440288;Münster(Westf)Hbf;Recklinghausen Hbf;48.1;28;29;34;101;21.81;IC,ICE
440288;595938;Recklinghausen Hbf;Gelsenkirchen Hbf;14.2;10;13;17;56;8.81;IC,ICE
622042;691821;Oberhausen Hbf;Düsseldorf Hbf;28.6;20;21;32;15;0.71;ICE
517455;667068;Köln Hbf;Frankfurt(M) Flughafen Regionalbf;151.1;106;112;119;2;0.06;ICE
176697;667068;Frankfurt(Main)Hbf;Frankfurt(M) Flughafen Regionalbf;9.0;9;16;18;33;4.61;IC,ICE,ICE-SPRINTER
635340;668361;Heidelberg Hbf;Stuttgart Hbf;78.1;39;53;75;144;12.06;ICE
253250;3558;Ulm Hbf;Günzburg;22.9;12;13;15;192;18.1;ICE
3558;456179;Günzburg;Augsburg Hbf;46.0;29;30;39;195;19.1;ICE
176697;216930;Frankfurt(Main)Hbf;Fulda;88.0;54;55;91;164;32.52;ICE,ICE-SPRINTER
216930;657659;Fulda;Bad Hersfeld;35.1;24;25;26;66;16.0;ICE,ICE-SPRINTER
621598;657659;Eisenach Hbf;Bad Hersfeld;44.8;26;27;27;66;16.0;ICE,ICE-SPRINTER
606270;621598;Gotha;Eisenach Hbf;27.0;13;14;15;82;22.32;IC,ICE,ICE-SPRINTER
416646;606270;Erfurt Hbf;Gotha;23.0;13;15;17;82;22.32;IC,ICE,ICE-SPRINTER
416646;53188;Erfurt Hbf;Leipzig Hbf;102.6;36;40;80;287;60.06;ICE,ICE-SPRINTER
290554;53188;Riesa;Leipzig Hbf;63.1;29;33;40;121;24.0;IC,ICE
290554;553920;Riesa;Dresden-Neustadt;41.6;24;28;31;114;21.16;IC,ICE
224643;553920;Dresden Hbf;Dresden-Neustadt;2.9;4;5;7;185;44.48;IC,ICE
26993;604565;Decin hl.n.;Usti nad Labem hl.n.;16.8;14;15;16;44;18.9;IC,SONSTIGE
17941;604565;Praha-Holesovice;Usti nad Labem hl.n.;67.2;59;62;66;42;16.9;IC,SONSTIGE
17941;653775;Praha-Holesovice;Praha hl.n.;3.0;8;8;10;36;14.39;IC,SONSTIGE
351181;653775;Pardubice hl.n.;Praha hl.n.;94.4;62;62;62;3;1.42;SONSTIGE
1001;351181;Brno hl.n.;Pardubice hl.n.;112.1;94;96;98;6;3.1;SONSTIGE
1001;57233;Brno hl.n.;Breclav;52.7;29;29;31;14;6.52;SONSTIGE
304116;57233;Kuty(Gr);Breclav;9.2;6;7;7;12;5.68;SONSTIGE
304116;32495;Kuty(Gr);Kuty;6.5;5;5;5;12;5.68;SONSTIGE
308105;32495;Bratislava hl.st.;Kuty;56.1;53;53;55;12;5.68;SONSTIGE
308105;637192;Bratislava hl.st.;Nove Zamky;81.4;52;52;52;12;5.68;SONSTIGE
269485;637192;Sturovo;Nove Zamky;43.5;25;25;25;12;5.68;SONSTIGE
269485;83946;Sturovo;Szob(Gr);12.6;9;12;16;12;5.68;SONSTIGE
82096;83946;Vac;Szob(Gr);22.0;20;23;29;9;4.0;SONSTIGE
619325;82096;Budapest-Nyugati;Vac;30.8;26;27;32;12;5.68;SONSTIGE
399757;552264;Bergen auf Rügen;Ostseebad Binz;11.9;20;22;38;72;16.55;IC,ICE
399757;446029;Bergen auf Rügen;Stralsund Hbf;25.3;22;24;31;73;16.65;IC,ICE
436196;446029;Greifswald;Stralsund Hbf;30.6;19;21;30;48;9.81;IC,ICE
436196;641311;Greifswald;Züssow;17.6;11;11;16;38;7.81;IC,ICE
544415;641311;Pasewalk;Züssow;58.6;35;35;39;11;2.29;ICE
241671;544415;Eberswalde Hbf;Pasewalk;76.9;48;48;48;11;2.29;ICE
127712;241671;Berlin Gesundbrunnen;Eberswalde Hbf;41.9;24;28;28;35;7.42;ICE
127712;613345;Berlin Gesundbrunnen;Berlin Hbf;3.0;4;5;10;246;58.94;IC,ICE,ICE-SPRINTER
391201;531677;Berlin Südkreuz;Halle(Saale)Hbf;145.7;58;61;63;121;45.03;ICE,ICE-SPRINTER
416646;531677;Erfurt Hbf;Halle(Saale)Hbf;86.8;27;30;60;160;46.48;ICE,ICE-SPRINTER
176697;416646;Frankfurt(Main)Hbf;Erfurt Hbf;193.4;126;126;155;42;11.42;ICE,ICE-SPRINTER
446591;85219;Berlin-Spandau;Wolfsburg Hbf;163.6;50;52;70;270;49.32;ICE,ICE-SPRINTER
337616;85219;Braunschweig Hbf;Wolfsburg Hbf;25.8;16;17;20;161;30.87;ICE,ICE-SPRINTER
180320;337616;Hildesheim Hbf;Braunschweig Hbf;41.2;21;22;27;177;32.45;ICE,ICE-SPRINTER
168530;180320;Göttingen;Hildesheim Hbf;69.4;27;29;55;178;32.48;ICE,ICE-SPRINTER
19112;216930;Kassel-Wilhelmshöhe;Fulda;85.9;28;30;61;395;62.71;ICE,ICE-SPRINTER
216930;576155;Fulda;Hanau Hbf;72.1;37;41;66;150;21.06;ICE,ICE-SPRINTER
497089;598255;Karlsruhe Hbf;Offenburg;66.5;24;30;41;175;28.94;ICE
112969;207594;Spiez;Visp;46.3;25;26;27;30;4.42;ICE
207594;228347;Visp;Brig;8.7;7;8;8;30;4.42;ICE
456179;9941;Augsburg Hbf;München Hbf;55.6;24;28;64;339;34.35;ICE,ICE-SPRINTER
540195;635340;Esslingen(Neckar);Heidelberg Hbf;86.8;45;46;54;46;7.74;ICE
99055;9941;Nürnberg Hbf;München Hbf;149.2;65;73;125;313;71.16;ICE,ICE-SPRINTER
631640;656913;Würzburg Hbf;Aschaffenburg Hbf;60.1;35;37;70;264;37.32;ICE
576155;656913;Hanau Hbf;Aschaffenburg Hbf;21.9;11;13;19;135;12.45;ICE
38672;576155;Frankfurt(M) Flughafen Fernbf;Hanau Hbf;26.7;18;29;35;89;7.39;ICE,ICE-SPRINTER
216930;621598;Fulda;Eisenach Hbf;65.4;46;49;51;136;18.0;ICE,ICE-SPRINTER
416646;621598;Erfurt Hbf;Eisenach Hbf;49.4;22;24;33;181;19.97;ICE,ICE-SPRINTER
232153;613345;Wittenberge;Berlin Hbf;120.5;48;50;51;75;17.03;ICE,ICE-SPRINTER
232153;348473;Wittenberge;Ludwigslust;40.9;15;21;51;84;20.87;IC,ICE,ICE-SPRINTER
348473;428519;Ludwigslust;Hamburg Hbf;101.5;46;54;55;44;5.03;ICE,ICE-SPRINTER
195950;315947;Norddeich Mole;Norddeich;0.3;1;1;4;48;11.48;IC
315947;63836;Norddeich;Norden;5.3;5;6;6;60;13.29;IC
161450;63836;Emden Hbf;Norden;24.4;21;22;28;27;6.29;IC
161450;549925;Emden Hbf;Leer(Ostfriesl);23.6;16;17;18;114;28.71;IC
499625;549925;Papenburg(Ems);Leer(Ostfriesl);16.6;10;10;12;44;11.97;IC
499625;645573;Papenburg(Ems);Meppen;44.2;24;26;26;44;11.97;IC
545852;645573;Lingen(Ems);Meppen;19.7;12;12;13;44;11.97;IC
354436;545852;Rheine;Lingen(Ems);28.1;17;17;18;44;11.97;IC
325703;354436;Münster(Westf)Hbf;Rheine;38.1;22;24;30;50;12.61;IC
239328;440288;Herne-Wanne-Eickel Hbf;Recklinghausen Hbf;9.8;6;7;8;38;11.77;IC,ICE
324344;331094;Neumünster;Hamburg Dammtor;57.3;42;42;51;31;4.1;ICE
324344;659783;Neumünster;Kiel Hbf;28.4;16;16;18;73;9.13;ICE
176697;61534;Frankfurt(Main)Hbf;Koblenz Hbf;81.1;68;85;89;58;5.0;IC,ICE
123366;9941;Rosenheim;München Hbf;52.9;40;41;48;25;7.94;IC,ICE
123366;683842;Rosenheim;Traunstein;38.8;32;33;34;50;10.0;IC,ICE
252148;683842;Freilassing;Traunstein;25.5;16;16;18;50;10.0;IC,ICE
252148;695368;Freilassing;Salzburg Hbf;5.8;6;6;7;50;10.0;IC,ICE
374368;468938;Zürich Flughafen;Winterthur;13.3;14;14;14;68;15.55;IC
374368;96724;Zürich Flughafen;Zürich HB;8.2;9;9;10;68;15.55;IC
58038;9066;Lüneburg;Hamburg-Harburg;36.6;15;17;46;212;34.23;IC,ICE,ICE-SPRINTER
58038;93866;Lüneburg;Hannover Hbf;107.2;49;53;62;172;28.32;ICE
216930;631640;Fulda;Würzburg Hbf;85.6;30;32;48;206;31.0;ICE
482842;631640;Ingolstadt Hbf;Würzburg Hbf;160.3;107;115;128;32;2.48;ICE
482842;9941;Ingolstadt Hbf;München Hbf;67.7;33;44;68;243;42.29;ICE,ICE-SPRINTER
355878;480131;Garmisch-Partenkirchen;Murnau;22.4;22;25;32;9;0.39;ICE
116047;480131;Weilheim(Oberbay);Murnau;18.5;13;21;23;9;0.39;ICE
116047;492332;Weilheim(Oberbay);Tutzing;11.9;9;11;13;6;0.29;ICE
492332;9941;Tutzing;München Hbf;33.5;37;43;49;6;0.29;ICE
482842;99055;Ingolstadt Hbf;Nürnberg Hbf;82.1;26;31;91;209;39.74;ICE,ICE-SPRINTER
416646;99055;Erfurt Hbf;Nürnberg Hbf;169.7;68;68;80;75;31.97;ICE,ICE-SPRINTER
464157;96724;Basel SBB;Zürich HB;73.9;52;53;87;84;15.48;IC,ICE,SONSTIGE
24890;79866;Utrecht Centraal;Amsterdam Centraal;35.3;23;26;40;113;16.61;IC,ICE
24890;396218;Utrecht Centraal;Amersfoort Centraal;19.4;12;13;15;33;1.9;ICE
20335;396218;Apeldoorn;Amersfoort Centraal;41.0;24;24;24;104;14.0;ICE
20335;678907;Apeldoorn;Deventer;14.1;9;10;10;104;14.0;ICE
65847;678907;Hengelo;Deventer;43.1;32;32;33;104;14.0;ICE
457953;65847;Bad Bentheim(Gr);Hengelo;17.6;11;11;14;81;14.0;ICE
457953;473292;Bad Bentheim(Gr);Bad Bentheim;8.0;5;5;7;81;14.0;ICE
354436;473292;Rheine;Bad Bentheim;19.1;12;12;12;81;14.0;ICE
354436;639669;Rheine;Osnabrück Hbf;42.7;25;27;27;57;13.1;ICE
346025;639669;Bünde(Westf);Osnabrück Hbf;35.7;20;21;22;60;14.97;ICE
346025;93866;Bünde(Westf);Hannover Hbf;81.7;45;45;46;60;14.97;ICE
24890;575362;Utrecht Centraal;Arnhem Centraal;55.4;27;30;33;106;16.32;IC,ICE
127712;327376;Berlin Gesundbrunnen;Berlin-Lichtenberg;8.4;10;10;20;60;15.35;IC
327376;354957;Berlin-Lichtenberg;Frankfurt(Oder);73.7;48;51;67;94;19.39;IC
517455;607447;Köln Hbf;Montabaur;82.4;30;33;34;11;4.03;ICE
426722;607447;Limburg Süd;Montabaur;20.4;9;10;11;90;25.84;ICE
396218;574035;Amersfoort Centraal;Hilversum;15.4;11;11;11;59;11.32;ICE
574035;79866;Hilversum;Amsterdam Centraal;25.6;19;20;26;59;11.32;ICE
167729;351575;Lindau-Reutin;Bregenz;6.1;6;6;6;73;16.39;IC
351575;63619;Bregenz;St. Margrethen SG;9.4;8;9;9;73;16.39;IC
266187;679686;Tuttlingen;Singen(Hohentwiel);24.9;22;24;26;55;14.45;IC
556408;679686;Schaffhausen;Singen(Hohentwiel);17.0;13;13;22;118;32.06;IC,ICE
381506;582139;Frankfurt(Main)Süd;Mannheim Hbf;70.7;32;41;54;161;11.35;ICE
381506;576155;Frankfurt(Main)Süd;Hanau Hbf;17.5;8;11;21;51;4.58;ICE,ICE-SPRINTER
85219;93866;Wolfsburg Hbf;Hannover Hbf;71.3;30;35;54;292;51.35;ICE,ICE-SPRINTER
216930;381506;Fulda;Frankfurt(Main)Süd;87.1;50;53;74;96;13.68;ICE,ICE-SPRINTER
424397;497089;Vaihingen(Enz);Karlsruhe Hbf;40.9;26;27;40;7;1.23;IC,ICE
360176;497089;Kehl(Gr);Karlsruhe Hbf;64.0;36;41;57;38;7.61;ICE
360176;412384;Kehl(Gr);Strasbourg;5.0;3;3;10;39;7.68;ICE
241020;266187;Rottweil;Tuttlingen;23.7;16;16;17;30;11.74;IC
241020;348071;Rottweil;Horb;30.9;27;27;28;28;10.9;IC
341519;348071;Böblingen;Horb;35.9;23;24;24;15;4.52;IC
341519;668361;Böblingen;Stuttgart Hbf;17.0;20;21;21;30;8.06;IC
428519;58038;Hamburg Hbf;Lüneburg;43.4;19;24;33;34;4.9;ICE,ICE-SPRINTER
58038;621690;Lüneburg;Uelzen;32.4;14;15;20;60;8.87;IC,ICE,ICE-SPRINTER
621690;93866;Uelzen;Hannover Hbf;85.7;37;39;58;126;16.84;ICE,ICE-SPRINTER
490386;668361;Bruchsal;Stuttgart Hbf;57.5;25;27;38;35;4.71;IC,ICE
490386;497089;Bruchsal;Karlsruhe Hbf;20.0;11;14;20;89;12.32;IC,ICE
38672;95437;Frankfurt(M) Flughafen Fernbf;Köln Messe/Deutz;150.0;47;49;57;144;20.45;ICE
329017;464794;Stendal Hbf;Magdeburg Hbf;53.9;30;35;46;22;6.71;IC
232153;329017;Wittenberge;Stendal Hbf;45.9;31;33;35;8;3.81;IC
348473;351643;Ludwigslust;Schwerin Hbf;33.9;23;24;25;8;3.81;IC
315898;351643;Bad Kleinen;Schwerin Hbf;15.2;9;10;11;13;5.23;IC,ICE
181656;315898;Bützow;Bad Kleinen;35.7;22;23;24;13;5.23;IC,ICE
157968;181656;Rostock Hbf;Bützow;28.2;18;20;22;47;15.23;IC,ICE
337692;446591;Berlin-Charlottenburg;Berlin-Spandau;7.9;5;7;14;93;18.55;IC,ICE,ICE-SPRINTER
329017;446591;Stendal Hbf;Berlin-Spandau;90.9;32;34;49;111;20.77;IC,ICE,ICE-SPRINTER
329017;85219;Stendal Hbf;Wolfsburg Hbf;74.5;24;26;31;105;18.97;ICE,ICE-SPRINTER
226858;576155;Darmstadt Hbf;Hanau Hbf;34.9;28;31;36;22;1.55;ICE
458602;635340;Wiesloch-Walldorf;Heidelberg Hbf;12.5;7;8;9;45;7.97;IC,ICE
458602;668361;Wiesloch-Walldorf;Stuttgart Hbf;67.8;36;37;50;18;3.65;IC,ICE
335130;412384;Paris Est;Strasbourg;395.5;103;105;124;28;7.68;ICE
267257;549058;Essen Hbf;Duisburg Hbf;16.7;10;12;20;212;22.52;IC,ICE,ICE-SPRINTER
240005;267257;Bochum Hbf;Essen Hbf;14.8;8;10;14;166;18.48;IC,ICE,ICE-SPRINTER
240005;640892;Bochum Hbf;Dortmund Hbf;16.9;10;11;17;218;22.32;IC,ICE,ICE-SPRINTER
267162;640892;Hamm(Westf)Hbf;Dortmund Hbf;29.9;14;18;42;339;54.61;IC,ICE,ICE-SPRINTER
267162;588749;Hamm(Westf)Hbf;Bielefeld Hbf;63.3;25;27;36;184;43.23;ICE
588749;93866;Bielefeld Hbf;Hannover Hbf;91.0;49;50;53;145;39.32;ICE,ICE-SPRINTER
351643;428519;Schwerin Hbf;Hamburg Hbf;92.9;54;55;67;22;8.29;ICE
181656;351643;Bützow;Schwerin Hbf;44.9;29;29;30;34;10.0;ICE
157968;16971;Rostock Hbf;Ribnitz-Damgarten West;26.8;18;19;32;38;10.81;IC,ICE
16971;300365;Ribnitz-Damgarten West;Velgast;24.2;12;17;19;37;10.48;IC,ICE
300365;446029;Velgast;Stralsund Hbf;18.2;12;12;14;37;10.48;IC,ICE
38672;87362;Frankfurt(M) Flughafen Fernbf;Wiesbaden Hbf;23.4;33;33;33;19;1.45;ICE
497089;635340;Karlsruhe Hbf;Heidelberg Hbf;49.7;27;28;35;17;1.77;IC,ICE
267162;325703;Hamm(Westf)Hbf;Münster(Westf)Hbf;33.1;18;19;22;38;1.84;ICE,ICE-SPRINTER
256667;436294;Remagen;Bonn Hbf;19.8;11;13;14;38;1.84;ICE,ICE-SPRINTER
136937;256667;Andernach;Remagen;20.1;11;11;13;37;1.81;ICE-SPRINTER
136937;61534;Andernach;Koblenz Hbf;16.0;11;11;16;37;1.81;ICE-SPRINTER
158073;267162;Hagen Hbf;Hamm(Westf)Hbf;42.5;28;30;32;72;14.81;IC,ICE
267162;378725;Hamm(Westf)Hbf;Altenbeken;78.8;68;68;68;2;0.06;ICE
378725;93866;Altenbeken;Hannover Hbf;87.1;58;58;58;2;0.06;ICE
161450;601951;Emden Hbf;Emden Außenhafen;2.8;6;6;7;18;4.65;IC
161450;354436;Emden Hbf;Rheine;122.6;76;76;76;3;0.32;IC
267162;93866;Hamm(Westf)Hbf;Hannover Hbf;153.4;105;118;127;62;2.84;ICE
235276;83946;Szob;Szob(Gr);1.4;1;1;1;3;1.68;SONSTIGE
235276;642408;Szob;Nagymaros-Visegrad;8.0;10;11;12;3;1.68;SONSTIGE
642408;82096;Nagymaros-Visegrad;Vac;13.1;13;13;14;3;1.68;SONSTIGE
176337;87362;Mainz Hbf;Wiesbaden Hbf;7.8;9;10;12;27;4.52;ICE
176337;312313;Mainz Hbf;Worms Hbf;41.3;26;26;26;4;1.0;ICE
312313;582139;Worms Hbf;Mannheim Hbf;19.1;15;15;15;4;1.0;ICE
157968;355645;Rostock Hbf;Waren(Müritz);71.7;37;39;43;35;15.06;IC,ICE
355645;382078;Waren(Müritz);Neustrelitz Hbf;31.7;16;17;18;35;15.06;IC,ICE
382078;591256;Neustrelitz Hbf;Oranienburg;68.3;33;33;35;34;14.9;IC,ICE
559973;591256;Berlin Ostkreuz;Oranienburg;31.6;28;31;31;27;13.68;IC
559973;5734;Berlin Ostkreuz;Flughafen BER;15.7;17;19;24;19;12.94;IC
174282;5734;Elsterwerda;Flughafen BER;100.6;56;56;57;19;12.94;IC
174282;553920;Elsterwerda;Dresden-Neustadt;46.5;26;28;41;33;14.19;IC,ICE
424397;582139;Vaihingen(Enz);Mannheim Hbf;68.9;26;26;39;104;13.03;ICE
428469;565892;Gießen;Friedberg(Hess);28.3;16;17;18;31;4.1;ICE
176697;565892;Frankfurt(Main)Hbf;Friedberg(Hess);26.1;20;22;25;31;4.1;ICE
354436;446591;Rheine;Berlin-Spandau;391.9;254;254;254;1;0.03;ICE
10831;428519;Schleswig;Hamburg Hbf;109.6;83;92;102;16;6.61;ICE
10831;305446;Schleswig;Flensburg(Gr);36.8;24;25;69;36;10.71;ICE,SONSTIGE
305446;368193;Flensburg(Gr);Padborg st;1.1;1;1;2;80;29.42;IC,ICE,SONSTIGE
464794;567911;Magdeburg Hbf;Helmstedt;43.2;24;25;26;51;13.32;IC
337616;567911;Braunschweig Hbf;Helmstedt;32.3;19;20;22;51;13.32;IC
337616;93866;Braunschweig Hbf;Hannover Hbf;55.9;31;32;43;163;27.94;IC,ICE
334578;93866;Nienburg(Weser);Hannover Hbf;46.3;26;27;27;77;16.16;IC
334578;532185;Nienburg(Weser);Verden(Aller);30.6;14;14;16;77;16.16;IC
477761;532185;Bremen Hbf;Verden(Aller);33.6;19;19;21;78;16.29;IC
477761;500697;Bremen Hbf;Delmenhorst;12.8;9;10;11;89;19.03;IC,ICE
477894;500697;Hude;Delmenhorst;12.9;7;7;8;74;16.87;IC
477894;83956;Hude;Oldenburg(Oldb)Hbf;16.4;9;9;13;74;16.87;IC
660675;83956;Bad Zwischenahn;Oldenburg(Oldb)Hbf;15.2;9;10;11;69;16.55;IC
403644;660675;Westerstede-Ocholt;Bad Zwischenahn;8.1;6;6;7;69;16.55;IC
403644;77452;Westerstede-Ocholt;Augustfehn;8.7;6;6;7;69;16.55;IC
549925;77452;Leer(Ostfriesl);Augustfehn;19.6;13;14;15;69;16.55;IC
487028;497089;Neu-Edingen/Friedrichsfeld;Karlsruhe Hbf;52.2;29;29;35;25;2.39;ICE
194868;487028;Weinheim(Bergstr)Hbf;Neu-Edingen/Friedrichsfeld;13.2;7;8;9;26;2.42;ICE
226858;381506;Darmstadt Hbf;Frankfurt(Main)Süd;25.6;16;16;25;40;6.48;ICE
19112;381506;Kassel-Wilhelmshöhe;Frankfurt(Main)Süd;145.1;79;81;131;96;6.52;ICE,ICE-SPRINTER
324344;428519;Neumünster;Hamburg Hbf;58.2;50;51;84;42;5.03;ICE
428519;621690;Hamburg Hbf;Uelzen;74.3;37;39;63;126;16.87;ICE,ICE-SPRINTER
375141;639669;Diepholz;Osnabrück Hbf;42.8;23;24;28;74;4.9;ICE,ICE-SPRINTER
375141;477761;Diepholz;Bremen Hbf;60.7;27;30;32;74;4.9;ICE,ICE-SPRINTER
53188;553920;Leipzig Hbf;Dresden-Neustadt;99.6;58;63;110;36;11.87;IC,ICE
243815;621690;Celle;Uelzen;51.0;19;22;23;56;7.68;ICE
168530;631640;Göttingen;Würzburg Hbf;192.9;134;166;194;26;1.81;ICE
391201;553920;Berlin Südkreuz;Dresden-Neustadt;158.9;80;100;115;4;0.87;ICE
437604;95437;Solingen Hbf;Köln Messe/Deutz;24.5;14;18;30;33;3.23;ICE,ICE-SPRINTER
541903;95437;Köln/Bonn Flughafen;Köln Messe/Deutz;12.3;9;9;16;11;1.42;ICE
273099;541903;Siegburg/Bonn;Köln/Bonn Flughafen;11.1;9;11;14;29;4.42;ICE
273099;607447;Siegburg/Bonn;Montabaur;58.6;18;20;23;79;21.81;ICE
38672;426722;Frankfurt(M) Flughafen Fernbf;Limburg Süd;49.8;18;19;21;80;23.13;ICE
176697;656913;Frankfurt(Main)Hbf;Aschaffenburg Hbf;37.1;27;28;29;130;24.87;ICE
428519;613345;Hamburg Hbf;Berlin Hbf;252.1;107;108;138;56;15.65;ICE
170193;176209;Bitterfeld;Lutherstadt Wittenberg Hbf;36.2;14;15;17;121;20.68;ICE,ICE-SPRINTER
170193;53188;Bitterfeld;Leipzig Hbf;31.2;17;17;20;94;19.74;IC,ICE,ICE-SPRINTER
416646;431744;Erfurt Hbf;Bamberg;119.5;36;41;74;57;16.19;ICE,ICE-SPRINTER
190482;338037;Weststeiermark;Graz Hbf;30.1;15;15;17;27;7.0;ICE,SONSTIGE
190482;32934;Weststeiermark;St. Paul im Lavanttal;35.1;15;15;16;27;7.0;ICE,SONSTIGE
32934;485693;St. Paul im Lavanttal;Klagenfurt Hbf;43.0;18;20;20;27;7.0;ICE,SONSTIGE
333235;485693;Velden am Wörther See;Klagenfurt Hbf;20.5;12;12;13;27;7.0;ICE,SONSTIGE
381506;38672;Frankfurt(Main)Süd;Frankfurt(M) Flughafen Fernbf;9.8;6;10;32;56;7.35;ICE,ICE-SPRINTER
231011;328829;Kolding st;Fredericia st;18.3;10;10;12;27;16.97;IC
231011;365906;Kolding st;Lunderskov st;11.3;7;7;7;27;16.97;IC
365906;446184;Lunderskov st;Vamdrup st;5.9;4;4;5;27;16.97;IC
260588;446184;Vojens st;Vamdrup st;20.0;10;10;10;27;16.97;IC
260588;463735;Vojens st;Roedekro st;20.0;9;9;10;27;16.97;IC
215972;463735;Tinglev st;Roedekro st;15.6;8;8;8;27;16.97;IC
215972;368193;Tinglev st;Padborg st;14.0;9;10;10;27;16.97;IC
305446;310614;Flensburg(Gr);Flensburg;6.5;8;9;9;37;18.13;IC,SONSTIGE
203191;668361;Aalen Hbf;Stuttgart Hbf;67.2;45;51;62;22;4.42;IC
203191;83632;Aalen Hbf;Ansbach;61.8;50;52;62;22;4.9;IC
651630;659092;Naumburg(Saale)Hbf;Weißenfels;13.0;9;9;9;11;2.0;IC
53188;659092;Leipzig Hbf;Weißenfels;32.6;29;29;42;10;1.94;IC
348071;668361;Horb;Stuttgart Hbf;52.7;45;46;48;18;7.35;IC
127712;354957;Berlin Gesundbrunnen;Frankfurt(Oder);81.8;57;73;81;5;0.19;IC
247025;335130;Forbach(F);Paris Est;332.8;98;100;101;11;2.71;ICE,ICE-SPRINTER
247025;69606;Forbach(F);Forbach(fr);4.2;4;4;4;11;2.71;ICE,ICE-SPRINTER
180380;69606;Saarbrücken Hbf;Forbach(fr);4.5;1;4;5;18;5.39;ICE,ICE-SPRINTER
327904;478341;Norrköping Central;Stockholm Central;134.9;87;88;88;5;0.52;SONSTIGE
327904;473516;Norrköping Central;Linköping Central;38.1;25;27;27;5;0.52;SONSTIGE
148477;473516;Nässjö Central;Linköping Central;101.1;58;58;61;5;0.52;SONSTIGE
148477;90097;Nässjö Central;Alvesta station;84.2;39;39;42;5;0.52;SONSTIGE
496137;90097;Hässleholm Central;Alvesta station;95.6;45;45;46;5;0.52;SONSTIGE
496137;675943;Hässleholm Central;Lund Central;61.9;32;32;36;5;0.52;SONSTIGE
560592;675943;Koebenhavns Lufthavn st;Lund Central;34.7;68;78;184;7;0.58;SONSTIGE
368193;560592;Padborg st;Koebenhavns Lufthavn st;227.1;174;200;211;7;0.58;SONSTIGE
305446;428519;Flensburg(Gr);Hamburg Hbf;146.5;130;139;156;7;0.58;SONSTIGE
127712;428519;Berlin Gesundbrunnen;Hamburg Hbf;252.2;112;142;176;6;1.03;ICE,SONSTIGE
19112;582139;Kassel-Wilhelmshöhe;Mannheim Hbf;215.3;128;128;128;3;0.13;ICE
243815;58038;Celle;Lüneburg;74.0;18;34;34;14;1.94;ICE,ICE-SPRINTER
174282;464720;Elsterwerda;Berlin-Schöneweide;110.6;65;72;74;5;0.48;IC
464720;559973;Berlin-Schöneweide;Berlin Ostkreuz;6.0;6;6;7;5;0.48;IC
241671;559973;Eberswalde Hbf;Berlin Ostkreuz;42.9;36;37;37;3;0.39;IC
169559;241671;Angermünde;Eberswalde Hbf;24.2;14;15;17;3;0.39;IC
169559;596419;Angermünde;Prenzlau;35.1;21;21;22;3;0.39;IC
544415;596419;Pasewalk;Prenzlau;23.0;14;14;16;19;4.06;IC,ICE
510360;544415;Anklam;Pasewalk;42.3;23;27;33;19;4.06;IC,ICE
510360;641311;Anklam;Züssow;16.5;9;10;11;27;5.52;IC,ICE
279667;399757;Prora;Bergen auf Rügen;9.8;18;18;18;1;0.1;IC
279667;552264;Prora;Ostseebad Binz;5.1;5;5;5;1;0.1;IC
476721;640892;Wuppertal Hbf;Dortmund Hbf;36.3;31;45;61;11;1.48;ICE,ICE-SPRINTER
476721;691821;Wuppertal Hbf;Düsseldorf Hbf;25.0;15;22;28;21;0.94;IC,ICE,ICE-SPRINTER
267162;670154;Hamm(Westf)Hbf;Gütersloh Hbf;47.2;19;23;30;116;17.81;IC,ICE
588749;670154;Bielefeld Hbf;Gütersloh Hbf;17.0;8;10;14;134;19.39;IC,ICE
588749;603461;Bielefeld Hbf;Herford;13.5;7;8;10;128;19.52;IC,ICE
4872;603461;Bad Oeynhausen;Herford;13.2;8;9;12;84;11.61;IC,ICE
450630;4872;Minden(Westf);Bad Oeynhausen;13.3;8;9;9;86;11.68;IC,ICE
450630;93866;Minden(Westf);Hannover Hbf;55.6;27;30;46;178;27.81;IC,ICE
170193;531677;Bitterfeld;Halle(Saale)Hbf;27.9;14;16;33;33;1.29;ICE,ICE-SPRINTER
176697;621598;Frankfurt(Main)Hbf;Eisenach Hbf;152.6;101;109;135;29;1.39;ICE
192145;526634;Ringsheim/Europa-Park;Freiburg(Breisgau) Hbf;28.5;15;16;16;7;1.81;ICE
192145;497089;Ringsheim/Europa-Park;Karlsruhe Hbf;94.9;45;47;47;7;1.81;ICE
19112;416646;Kassel-Wilhelmshöhe;Erfurt Hbf;117.2;76;81;84;8;1.94;ICE
19112;378725;Kassel-Wilhelmshöhe;Altenbeken;61.3;52;52;52;4;1.81;ICE
152171;378725;Paderborn Hbf;Altenbeken;15.2;11;12;13;18;5.81;IC,ICE
152171;642822;Paderborn Hbf;Lippstadt;27.4;14;15;15;14;5.68;IC,ICE
642822;665711;Lippstadt;Soest;19.7;8;9;10;14;5.68;IC,ICE
640892;665711;Dortmund Hbf;Soest;45.1;31;35;39;4;1.81;ICE
337616;464794;Braunschweig Hbf;Magdeburg Hbf;75.4;43;44;49;95;12.9;IC,ICE
422056;531677;Leipzig/Halle Flughafen;Halle(Saale)Hbf;17.4;10;10;11;99;15.35;IC
422056;53188;Leipzig/Halle Flughafen;Leipzig Hbf;14.0;10;11;12;99;15.35;IC
580296;79866;Woerden;Amsterdam Centraal;32.7;25;25;25;1;0.06;ICE
450630;588749;Minden(Westf);Bielefeld Hbf;39.9;21;22;27;72;14.29;ICE
424397;490386;Vaihingen(Enz);Bruchsal;33.2;13;14;16;20;2.74;ICE
396514;428519;Hamburg-Altona;Hamburg Hbf;4.8;9;11;12;75;19.71;IC,ICE,ICE-SPRINTER
419171;621690;Salzwedel;Uelzen;42.7;25;25;26;4;1.23;IC
329017;419171;Stendal Hbf;Salzwedel;55.1;25;25;26;4;1.23;IC
613345;85219;Berlin Hbf;Wolfsburg Hbf;175.2;65;66;78;81;13.97;ICE
240005;691821;Bochum Hbf;Düsseldorf Hbf;41.4;30;43;56;41;3.13;ICE
464794;613345;Magdeburg Hbf;Berlin Hbf;126.3;96;100;122;5;0.39;ICE
517455;95437;Köln Hbf;Köln Messe/Deutz;1.1;3;3;3;8;0.65;ICE-SPRINTER
267162;437604;Hamm(Westf)Hbf;Solingen Hbf;80.1;57;61;61;4;0.26;ICE-SPRINTER
267257;640892;Essen Hbf;Dortmund Hbf;31.7;22;27;41;28;2.45;ICE,ICE-SPRINTER
430638;622042;Oberhausen-Sterkrade;Oberhausen Hbf;4.2;5;5;5;2;0.13;ICE
430638;471479;Oberhausen-Sterkrade;Emmerich(Gr);65.1;36;36;36;2;0.13;ICE
428519;97193;Hamburg Hbf;Itzehoe;52.6;44;48;54;19;3.9;ICE
428519;477761;Hamburg Hbf;Bremen Hbf;94.9;55;56;57;9;1.84;ICE
329478;380319;Brzeg Dolny;Wroclaw Glowny;28.6;21;21;22;18;4.0;IC
329478;451231;Brzeg Dolny;Wolow;9.9;6;8;8;18;4.0;IC
451231;65970;Wolow;Scinawa;17.0;11;13;15;18;4.0;IC
65970;688618;Scinawa;Glogow;37.3;24;24;26;18;4.0;IC
340764;688618;Nowa Sol;Glogow;29.4;19;20;29;18;4.0;IC
254321;340764;Zielona Gora Glowna;Nowa Sol;21.2;12;14;14;18;4.0;IC
254321;42071;Zielona Gora Glowna;Rzepin;65.4;41;43;46;48;10.0;IC
192031;42071;Kostrzyn;Rzepin;29.1;22;22;25;18;4.0;IC
192031;444549;Kostrzyn;Mieszkowice;23.8;15;16;17;18;4.0;IC
444549;482440;Mieszkowice;Chojna;20.4;12;12;14;18;4.0;IC
392849;482440;Gryfino;Chojna;32.5;17;17;20;18;4.0;IC
23816;392849;Szczecin Glowny;Gryfino;18.7;14;15;16;18;4.0;IC
23816;31176;Szczecin Glowny;Szczecin Dabie;8.5;11;12;13;34;8.0;IC
31176;81166;Szczecin Dabie;Goleniow;21.8;14;15;17;26;6.0;IC
624762;81166;Wysoka Kamienska;Goleniow;29.5;15;16;18;26;6.0;IC
624762;673336;Wysoka Kamienska;Miedzyzdroje;27.1;18;20;22;26;6.0;IC
402680;673336;Swinoujscie;Miedzyzdroje;12.5;10;11;11;26;6.0;IC
329017;337692;Stendal Hbf;Berlin-Charlottenburg;98.3;42;42;42;6;0.71;ICE
401361;419752;Przemysl Glowny;Przemysl Zasanie;1.1;2;3;4;46;10.0;IC,SONSTIGE
281559;419752;Jaroslaw;Przemysl Zasanie;25.1;20;21;27;28;6.0;IC
281559;325540;Jaroslaw;Przeworsk;14.0;9;9;10;60;12.0;IC,SONSTIGE
302226;325540;Lancut;Przeworsk;19.7;12;13;13;60;12.0;IC,SONSTIGE
187569;302226;Rzeszow Glowny;Lancut;16.3;10;11;12;60;12.0;IC,SONSTIGE
187569;461066;Rzeszow Glowny;Debica;42.9;21;22;23;42;8.0;IC
251903;461066;Tarnow;Debica;31.3;15;15;17;60;12.0;IC,SONSTIGE
251903;471931;Tarnow;Bochnia;39.0;17;18;20;28;6.0;IC
471931;573067;Bochnia;Krakow Plaszow;33.2;16;16;26;60;12.0;IC,SONSTIGE
246292;573067;Krakow Glowny;Krakow Plaszow;4.1;4;5;5;60;12.0;IC,SONSTIGE
246292;319073;Krakow Glowny;Katowice;69.6;50;54;64;48;10.0;IC
319073;68632;Katowice;Zabrze;17.2;13;15;21;80;16.0;IC,SONSTIGE
350796;68632;Gliwice;Zabrze;7.8;6;6;7;80;16.0;IC,SONSTIGE
350796;610211;Gliwice;Kedzierzyn Kozle;33.9;25;27;31;74;15.03;IC,SONSTIGE
610211;684148;Kedzierzyn Kozle;Opole Glowne;40.4;20;22;24;62;12.0;IC
380319;684148;Wroclaw Glowny;Opole Glowne;79.0;38;39;42;48;10.0;IC
380319;577641;Wroclaw Glowny;Legnica;61.9;32;33;34;38;9.87;IC
175147;577641;Lubin;Legnica;20.3;14;15;21;30;6.0;IC
175147;688618;Lubin;Glogow;31.3;24;24;36;30;6.0;IC
254321;688618;Zielona Gora Glowna;Glogow;49.7;32;33;42;30;6.0;IC
285026;679686;Engen;Singen(Hohentwiel);12.0;8;9;14;37;10.52;IC
266187;285026;Tuttlingen;Engen;13.9;11;14;14;37;10.52;IC
419752;612371;Przemysl Zasanie;Radymno;16.7;13;13;16;18;4.0;IC,SONSTIGE
281559;612371;Jaroslaw;Radymno;13.4;9;9;10;18;4.0;IC,SONSTIGE
187569;189221;Rzeszow Glowny;Sedziszow Malopolski;22.6;13;13;15;18;4.0;IC,SONSTIGE
189221;311786;Sedziszow Malopolski;Ropczyce;8.0;5;6;6;18;4.0;IC,SONSTIGE
311786;461066;Ropczyce;Debica;12.9;7;7;8;18;4.0;IC,SONSTIGE
251903;586577;Tarnow;Brzesko Okocim;26.1;12;13;13;32;6.0;IC,SONSTIGE
471931;586577;Bochnia;Brzesko Okocim;12.9;6;7;8;32;6.0;IC,SONSTIGE
246292;675844;Krakow Glowny;Krzeszowice;23.5;14;18;23;32;6.0;IC,SONSTIGE
19534;675844;Trzebinia;Krzeszowice;13.1;7;8;9;32;6.0;IC,SONSTIGE
19534;546325;Trzebinia;Jaworzno Szczakowa;15.1;8;9;9;32;6.0;IC,SONSTIGE
546325;692224;Jaworzno Szczakowa;Myslowice;11.1;9;9;10;18;4.0;IC,SONSTIGE
319073;692224;Katowice;Myslowice;9.1;11;12;14;18;4.0;IC,SONSTIGE
610211;663551;Kedzierzyn Kozle;Raciborz;28.3;26;26;26;12;3.03;IC,SONSTIGE
337329;663551;Chalupki;Raciborz;19.3;14;14;14;18;4.0;IC,SONSTIGE
174196;536697;Bohumin(Gr);Bohumin;3.2;4;4;4;29;8.0;IC,SONSTIGE
536697;565766;Bohumin;Ostrava hl.n.;8.5;7;7;7;29;8.0;IC,SONSTIGE
565766;57233;Ostrava hl.n.;Breclav;157.6;101;102;102;29;8.0;IC,SONSTIGE
323161;57233;Breclav(Gr);Breclav;4.9;4;4;5;25;7.84;IC,SONSTIGE
135333;323161;Wien Hbf;Breclav(Gr);68.9;50;61;70;25;7.84;IC,SONSTIGE
456005;545038;München Ost;München-Pasing;10.9;15;17;17;21;3.71;ICE
123366;456005;Rosenheim;München Ost;49.2;30;34;40;39;6.68;ICE
181141;325087;Chelm Miasto;Chelm;2.5;3;3;4;8;2.0;IC
181141;296331;Chelm Miasto;Rejowiec;15.5;11;11;12;8;2.0;IC
296331;3332;Rejowiec;Swidnik Miasto;39.7;26;27;31;8;2.0;IC
3332;5569;Swidnik Miasto;Lublin;8.9;9;10;11;8;2.0;IC
457377;5569;Lublin Zachodni;Lublin;4.4;5;5;5;8;2.0;IC
368478;457377;Naleczow;Lublin Zachodni;23.3;13;13;14;8;2.0;IC
110363;368478;Pulawy Miasto;Naleczow;19.9;12;12;13;8;2.0;IC
110363;445070;Pulawy Miasto;Deblin;19.7;12;12;15;8;2.0;IC
412609;445070;Pilawa;Deblin;47.1;24;24;25;8;2.0;IC
39653;412609;Warszawa Wschodnia;Pilawa;46.3;41;47;47;8;2.0;IC
141628;692027;Zyrardow;Warszawa Zachodnia;39.9;21;21;23;8;2.0;IC
141628;543734;Zyrardow;Skierniewice;22.5;12;14;14;8;2.0;IC
504703;543734;Koluszki;Skierniewice;33.6;20;21;21;8;2.0;IC
436966;504703;Lodz Widzew;Koluszki;19.0;12;13;14;8;2.0;IC
436966;92390;Lodz Widzew;Lodz Chojny;5.8;7;7;9;8;2.0;IC
222222;92390;Pabianice;Lodz Chojny;13.2;15;15;16;8;2.0;IC
100888;222222;Lask;Pabianice;16.0;10;10;11;8;2.0;IC
100888;58792;Lask;Zdunska Wola;11.4;7;7;9;8;2.0;IC
329086;58792;Sieradz;Zdunska Wola;16.1;11;11;13;8;2.0;IC
329086;67505;Sieradz;Kalisz;47.2;33;35;38;8;2.0;IC
155586;67505;Pleszew;Kalisz;28.6;29;30;30;8;2.0;IC
155586;542190;Pleszew;Jarocin;18.5;12;12;13;8;2.0;IC
115202;542190;Sroda Wielkopolska;Jarocin;31.5;20;20;21;8;2.0;IC
115202;464435;Sroda Wielkopolska;Poznan Glowny;32.1;21;22;23;8;2.0;IC
464435;49031;Poznan Glowny;Szamotuly;31.4;17;17;18;8;2.0;IC
371953;49031;Wronki;Szamotuly;17.5;9;9;10;8;2.0;IC
371953;626975;Wronki;Krzyz;31.3;16;17;17;8;2.0;IC
524679;626975;Dobiegniew;Krzyz;20.8;12;12;13;8;2.0;IC
347970;524679;Choszczno;Dobiegniew;31.7;15;15;15;8;2.0;IC
347970;652315;Choszczno;Stargard;31.4;15;16;16;8;2.0;IC
31176;652315;Szczecin Dabie;Stargard;24.7;12;13;13;8;2.0;IC
180380;264321;Saarbrücken Hbf;Homburg(Saar)Hbf;26.9;19;20;29;42;5.74;ICE
264321;678634;Homburg(Saar)Hbf;Landstuhl;19.3;11;11;11;10;0.87;ICE
513044;678634;Kaiserslautern Hbf;Landstuhl;14.8;8;8;9;10;0.87;ICE
44915;513044;Neustadt(Weinstr)Hbf;Kaiserslautern Hbf;28.6;21;24;25;37;5.48;ICE
44915;502931;Neustadt(Weinstr)Hbf;Ludwigshafen(Rh)Hbf;25.4;14;16;16;10;0.87;ICE
502931;582139;Ludwigshafen(Rh)Hbf;Mannheim Hbf;2.6;3;4;4;15;1.26;IC,ICE
116047;9941;Weilheim(Oberbay);München Hbf;45.0;76;76;76;3;0.1;ICE
458602;490386;Wiesloch-Walldorf;Bruchsal;19.3;10;10;11;22;3.48;IC,ICE
194868;226858;Weinheim(Bergstr)Hbf;Darmstadt Hbf;35.6;21;21;21;5;1.0;ICE
640892;93866;Dortmund Hbf;Hannover Hbf;183.2;117;131;135;5;0.19;ICE
464794;688966;Magdeburg Hbf;Brandenburg Hbf;70.5;36;40;52;25;2.29;IC,ICE
688966;693694;Brandenburg Hbf;Potsdam Hbf;34.0;17;20;39;22;1.97;IC,ICE
451103;693694;Berlin-Wannsee;Potsdam Hbf;8.4;5;7;12;35;2.84;IC,ICE
451103;613345;Berlin-Wannsee;Berlin Hbf;17.2;17;17;18;20;1.26;IC,ICE
168530;610794;Göttingen;Hannover Messe/Laatzen;87.2;25;28;66;38;3.97;ICE
610794;93866;Hannover Messe/Laatzen;Hannover Hbf;7.5;5;7;8;31;3.74;ICE
456179;99055;Augsburg Hbf;Nürnberg Hbf;121.0;62;69;93;29;1.39;ICE,ICE-SPRINTER
631640;9941;Würzburg Hbf;München Hbf;219.3;150;150;150;2;0.06;ICE
42071;469977;Rzepin;Swiebodzin;50.6;22;24;26;65;17.35;IC
469977;503214;Swiebodzin;Zbaszynek;19.0;12;12;14;65;17.35;IC
464435;503214;Poznan Glowny;Zbaszynek;76.4;39;40;43;51;15.35;IC
429971;464435;Konin;Poznan Glowny;93.2;44;45;48;42;13.35;IC
202002;429971;Kutno;Konin;74.6;34;35;36;42;13.35;IC
202002;692027;Kutno;Warszawa Zachodnia;110.1;55;56;57;42;13.35;IC
262513;359711;Horka(Gr);Wegliniec;13.3;7;7;18;8;3.87;IC
359711;372447;Wegliniec;Boleslawiec;24.2;12;12;12;8;3.87;IC
227637;372447;Chojnow;Boleslawiec;25.6;12;13;13;8;3.87;IC
227637;577641;Chojnow;Legnica;17.6;10;10;11;8;3.87;IC
540195;582139;Esslingen(Neckar);Mannheim Hbf;102.2;45;49;59;34;3.26;ICE
176337;667068;Mainz Hbf;Frankfurt(M) Flughafen Regionalbf;23.0;17;18;20;4;0.16;IC,ICE,ICE-SPRINTER
428519;93866;Hamburg Hbf;Hannover Hbf;132.0;75;77;113;44;5.1;ICE,ICE-SPRINTER
510314;640892;Köln Süd;Dortmund Hbf;75.0;91;107;115;3;0.16;IC,ICE
158073;325703;Hagen Hbf;Münster(Westf)Hbf;67.1;62;62;62;1;0.06;ICE
158073;665711;Hagen Hbf;Soest;50.7;32;32;32;1;0.06;ICE
665711;93866;Soest;Hannover Hbf;143.0;103;103;103;1;0.06;ICE
517455;595938;Köln Hbf;Gelsenkirchen Hbf;63.3;62;65;72;10;0.48;ICE,ICE-SPRINTER
264321;513044;Homburg(Saar)Hbf;Kaiserslautern Hbf;33.5;17;20;24;33;4.9;ICE
32069;565099;Wörgl Hbf;Kufstein;12.8;8;8;9;17;6.94;ICE,SONSTIGE
32069;39899;Wörgl Hbf;Jenbach;24.1;12;13;15;13;6.32;ICE,SONSTIGE
39899;438277;Jenbach;Innsbruck Hbf;31.7;16;19;38;13;6.32;ICE,SONSTIGE
267162;665711;Hamm(Westf)Hbf;Soest;23.3;13;13;14;14;4.0;IC,ICE
152171;665711;Paderborn Hbf;Soest;46.4;24;24;24;4;0.13;ICE
378725;679270;Altenbeken;Warburg(Westf);34.0;20;20;21;14;4.0;IC,ICE
19112;679270;Kassel-Wilhelmshöhe;Warburg(Westf);28.1;30;31;33;14;4.0;IC,ICE
337616;613345;Braunschweig Hbf;Berlin Hbf;194.4;120;137;170;8;0.39;ICE
337616;610794;Braunschweig Hbf;Hannover Messe/Laatzen;51.2;33;34;36;2;0.06;ICE
241671;596419;Eberswalde Hbf;Prenzlau;54.4;35;35;35;21;4.42;ICE
174282;290554;Elsterwerda;Riesa;23.0;14;16;18;7;2.84;IC
174282;89065;Elsterwerda;Ruhland;24.5;20;20;20;7;2.84;IC
262513;89065;Horka(Gr);Ruhland;82.8;49;49;49;1;0.06;IC
127712;446591;Berlin Gesundbrunnen;Berlin-Spandau;13.2;10;16;29;26;5.16;ICE,ICE-SPRINTER
135333;321940;Wien Hbf;Wien Meidling;3.4;5;5;5;27;16.97;IC,ICE,SONSTIGE
197616;321940;Wiener Neustadt Hbf;Wien Meidling;41.1;24;24;24;4;3.0;SONSTIGE
197616;490265;Wiener Neustadt Hbf;Mürzzuschlag;47.4;57;57;57;4;3.0;SONSTIGE
178938;490265;Kapfenberg;Mürzzuschlag;34.1;21;21;21;4;3.0;SONSTIGE
178938;497711;Kapfenberg;Bruck/Mur;3.6;4;5;5;4;3.0;SONSTIGE
338037;497711;Graz Hbf;Bruck/Mur;39.4;35;35;35;4;3.0;SONSTIGE
610794;85219;Hannover Messe/Laatzen;Wolfsburg Hbf;68.7;35;37;40;5;0.16;ICE
337692;451103;Berlin-Charlottenburg;Berlin-Wannsee;12.3;6;9;11;15;2.0;IC
583614;617061;Chur;Landquart;12.9;9;9;10;25;4.9;ICE
617061;72217;Landquart;Sargans;11.9;8;9;9;25;4.9;ICE
72217;96724;Sargans;Zürich HB;77.8;55;56;58;25;4.9;ICE
348071;398625;Horb;Oberndorf(Neckar);18.3;15;17;17;5;0.71;IC
517455;582139;Köln Hbf;Mannheim Hbf;195.0;122;128;225;5;0.16;ICE
456005;9941;München Ost;München Hbf;3.9;8;9;10;25;8.1;IC,ICE
332653;456005;Mühldorf(Oberbay);München Ost;69.1;49;52;57;14;5.45;IC
332653;552402;Mühldorf(Oberbay);Simbach(Inn);37.3;23;27;29;14;5.45;IC
500697;83956;Delmenhorst;Oldenburg(Oldb)Hbf;29.0;16;16;17;15;2.16;IC,ICE
149885;96724;Olten;Zürich HB;47.7;30;30;30;9;0.94;IC
639669;93866;Osnabrück Hbf;Hannover Hbf;114.7;68;68;68;10;3.03;ICE
267257;440288;Essen Hbf;Recklinghausen Hbf;22.5;17;18;19;5;1.16;ICE
267257;691821;Essen Hbf;Düsseldorf Hbf;29.9;24;26;57;19;2.71;ICE
176697;497089;Frankfurt(Main)Hbf;Karlsruhe Hbf;125.2;66;71;77;3;0.1;ICE
309229;48467;Friedrichshafen Stadt;Ravensburg;17.6;11;12;12;12;2.0;ICE
48467;618056;Ravensburg;Biberach(Riß);37.9;27;30;30;12;2.0;ICE
253250;618056;Ulm Hbf;Biberach(Riß);35.9;19;25;25;12;2.0;ICE
325703;622042;Münster(Westf)Hbf;Oberhausen Hbf;76.1;50;57;60;6;0.68;ICE
348473;656759;Ludwigslust;Büchen;59.8;25;27;45;35;12.55;ICE
428519;656759;Hamburg Hbf;Büchen;41.7;20;22;24;42;14.48;ICE
176697;93866;Frankfurt(Main)Hbf;Hannover Hbf;263.3;134;135;137;27;3.23;ICE-SPRINTER
603461;93866;Herford;Hannover Hbf;78.7;47;47;47;24;6.06;ICE
158073;588749;Hagen Hbf;Bielefeld Hbf;104.7;52;53;71;26;10.48;ICE,ICE-SPRINTER
127712;591256;Berlin Gesundbrunnen;Oranienburg;24.8;21;22;23;7;1.23;IC,ICE
549058;640892;Duisburg Hbf;Dortmund Hbf;48.3;33;35;47;32;6.13;ICE
239328;549058;Herne-Wanne-Eickel Hbf;Duisburg Hbf;29.3;19;19;20;7;0.71;ICE
425229;526634;Müllheim im Markgräflerland;Freiburg(Breisgau) Hbf;27.5;16;18;25;13;1.06;ICE
425229;649755;Müllheim im Markgräflerland;Weil am Rhein;24.0;12;12;17;11;0.81;ICE
297876;649755;Basel Bad Bf;Weil am Rhein;2.9;3;3;3;11;0.81;ICE
640892;670154;Dortmund Hbf;Gütersloh Hbf;77.1;38;40;52;18;1.58;IC,ICE
321940;610549;Wien Meidling;St.Pölten Hbf;52.7;24;24;24;23;13.97;IC,ICE,SONSTIGE
565918;610549;Linz/Donau Hbf;St.Pölten Hbf;99.1;46;46;48;23;13.97;IC,ICE,SONSTIGE
565918;695368;Linz/Donau Hbf;Salzburg Hbf;106.7;74;76;86;10;8.0;IC,ICE,SONSTIGE
351643;412729;Schwerin Hbf;Hamburg-Bergedorf;81.0;44;45;51;17;3.13;ICE
412729;9066;Hamburg-Bergedorf;Hamburg-Harburg;14.7;17;32;37;15;2.55;ICE
16971;446029;Ribnitz-Damgarten West;Stralsund Hbf;42.3;26;26;26;1;0.32;ICE
176209;613345;Lutherstadt Wittenberg Hbf;Berlin Hbf;87.5;42;50;52;5;0.23;ICE
176209;337616;Lutherstadt Wittenberg Hbf;Braunschweig Hbf;151.4;103;103;103;2;0.1;ICE
161450;607346;Emden Hbf;Marienhafe;17.5;15;15;15;34;7.32;IC
607346;63836;Marienhafe;Norden;8.5;7;7;8;34;7.32;IC
168530;216930;Göttingen;Fulda;110.5;83;87;102;21;1.61;ICE,ICE-SPRINTER
431744;451640;Bamberg;Coburg;40.5;21;21;23;9;2.84;ICE,ICE-SPRINTER
416646;451640;Erfurt Hbf;Coburg;79.0;32;34;40;21;6.84;ICE,ICE-SPRINTER
335130;69606;Paris Est;Forbach(fr);336.2;107;107;111;7;2.68;ICE,ICE-SPRINTER
44915;582139;Neustadt(Weinstr)Hbf;Mannheim Hbf;27.8;18;20;21;27;4.61;ICE
382856;598255;St Georgen(Schwarzw);Offenburg;48.9;50;54;58;2;0.32;ICE
118412;382856;Villingen(Schwarzw);St Georgen(Schwarzw);11.7;8;8;8;2;0.32;ICE
118412;620787;Villingen(Schwarzw);Donaueschingen;12.5;9;11;13;2;0.32;ICE
620787;679686;Donaueschingen;Singen(Hohentwiel);33.1;36;37;38;2;0.32;ICE
575544;679686;Radolfzell;Singen(Hohentwiel);9.9;6;7;9;12;2.42;IC,ICE
391274;575544;Konstanz;Radolfzell;17.8;12;12;16;12;2.42;IC,ICE
253250;660348;Ulm Hbf;Neu-Ulm;1.8;3;3;3;3;1.0;ICE
3558;660348;Günzburg;Neu-Ulm;21.5;10;10;10;3;1.0;ICE
267162;639669;Hamm(Westf)Hbf;Osnabrück Hbf;68.4;44;59;61;4;0.19;ICE-SPRINTER
329017;428519;Stendal Hbf;Hamburg Hbf;163.1;90;91;92;2;0.06;ICE
329017;613345;Stendal Hbf;Berlin Hbf;102.6;56;57;58;2;0.06;ICE
135002;552402;Wels Hbf;Simbach(Inn);75.1;67;67;68;13;5.97;IC
135002;565918;Wels Hbf;Linz/Donau Hbf;24.0;15;15;15;13;5.97;IC
382078;446029;Neustrelitz Hbf;Stralsund Hbf;105.5;91;101;130;18;2.32;IC,ICE
127712;382078;Berlin Gesundbrunnen;Neustrelitz Hbf;92.6;52;54;70;17;2.39;ICE
195950;63836;Norddeich Mole;Norden;5.6;9;9;9;1;0.32;IC
613345;93866;Berlin Hbf;Hannover Hbf;246.4;94;156;208;9;0.71;ICE
325703;691821;Münster(Westf)Hbf;Düsseldorf Hbf;100.4;89;89;89;1;0.03;ICE-SPRINTER
381506;621598;Frankfurt(Main)Süd;Eisenach Hbf;151.8;103;112;145;16;0.58;ICE
517455;576155;Köln Hbf;Hanau Hbf;166.6;129;131;135;3;0.1;ICE
320394;668361;Crailsheim;Stuttgart Hbf;75.4;53;54;80;3;0.29;IC
135333;655579;Wien Hbf;Hegyeshalom(Gr);60.1;42;42;45;6;4.0;IC,SONSTIGE
442631;655579;Hegyeshalom;Hegyeshalom(Gr);4.6;3;3;3;6;4.0;IC,SONSTIGE
141649;442631;Mosonmagyarovar;Hegyeshalom;11.5;7;7;9;7;4.0;SONSTIGE
141649;583035;Mosonmagyarovar;Györ;33.3;17;18;18;7;4.0;SONSTIGE
45002;583035;Tatabanya;Györ;57.9;33;33;34;7;4.0;SONSTIGE
427667;45002;Budapest-Kelenföld;Tatabanya;48.9;30;32;32;7;4.0;SONSTIGE
270995;427667;Budapest-Keleti;Budapest-Kelenföld;6.3;17;18;18;7;4.0;SONSTIGE
595938;95437;Gelsenkirchen Hbf;Köln Messe/Deutz;63.3;81;81;81;1;0.06;ICE-SPRINTER
239328;325703;Herne-Wanne-Eickel Hbf;Münster(Westf)Hbf;57.3;39;50;55;20;1.32;IC,ICE,ICE-SPRINTER
176697;446591;Frankfurt(Main)Hbf;Berlin-Spandau;414.8;223;224;226;14;2.42;ICE,ICE-SPRINTER
176697;517455;Frankfurt(Main)Hbf;Köln Hbf;152.2;115;160;203;5;0.19;IC,ICE,ICE-SPRINTER
436294;691821;Bonn Hbf;Düsseldorf Hbf;58.1;56;83;83;5;0.52;ICE
256667;38672;Remagen;Frankfurt(M) Flughafen Fernbf;111.6;82;102;122;2;0.06;ICE
497089;668361;Karlsruhe Hbf;Stuttgart Hbf;61.6;36;47;62;15;1.94;IC,ICE
331895;668361;Herrenberg;Stuttgart Hbf;31.7;29;31;32;24;7.65;IC
145252;331895;Gäufelden;Herrenberg;3.9;3;3;4;40;11.52;IC
145252;29588;Gäufelden;Bondorf(b Herrenberg);4.3;3;3;4;41;11.68;IC
29588;348071;Bondorf(b Herrenberg);Horb;13.7;10;11;11;41;11.29;IC
348071;548973;Horb;Sulz(Neckar);9.2;9;9;10;49;13.87;IC
398625;548973;Oberndorf(Neckar);Sulz(Neckar);9.1;8;8;10;49;13.87;IC
354436;93866;Rheine;Hannover Hbf;157.2;142;143;175;22;0.84;ICE
371540;668361;Schorndorf;Stuttgart Hbf;25.3;19;19;22;7;1.84;IC
371540;632424;Schorndorf;Schwäbisch Gmünd;19.2;13;13;13;5;1.26;IC
176337;634086;Mainz Hbf;Bingen(Rhein) Hbf;27.0;16;19;43;31;2.19;IC,ICE,ICE-SPRINTER
428519;595938;Hamburg Hbf;Gelsenkirchen Hbf;300.7;156;159;163;6;1.97;ICE
337616;446591;Braunschweig Hbf;Berlin-Spandau;183.0;101;101;101;1;0.1;ICE
450630;603461;Minden(Westf);Herford;26.5;17;17;20;20;1.84;ICE
274821;99055;Treuchtlingen;Nürnberg Hbf;55.3;32;33;34;14;3.19;ICE,ICE-SPRINTER
274821;656122;Treuchtlingen;Donauwörth;29.3;18;19;20;14;3.19;ICE,ICE-SPRINTER
447324;695368;Schwarzach-St.Veit;Salzburg Hbf;55.6;50;50;50;4;2.0;SONSTIGE
447324;98544;Schwarzach-St.Veit;Spittal-Millstätter See;63.4;61;61;61;4;2.0;SONSTIGE
584165;597555;Villach Hbf;Jesenice(Gr);20.1;28;28;35;5;3.0;IC,SONSTIGE
461309;597555;Jesenice(SLO);Jesenice(Gr);5.7;8;8;10;6;4.0;IC,SONSTIGE
188852;461309;Lesce-Bled;Jesenice(SLO);11.6;10;10;11;6;4.0;IC,SONSTIGE
188852;580053;Lesce-Bled;Kranj;19.9;18;19;24;6;4.0;IC,SONSTIGE
243196;580053;Ljubljana;Kranj;23.7;22;22;27;6;4.0;IC,SONSTIGE
106125;243196;Zidani Most;Ljubljana;50.8;55;55;55;6;4.0;IC,SONSTIGE
106125;528753;Zidani Most;Sevnica;13.2;14;15;15;6;4.0;IC,SONSTIGE
456575;528753;Krsko;Sevnica;16.0;15;15;15;4;2.0;SONSTIGE
276714;456575;Dobova;Krsko;14.1;14;14;14;4;2.0;SONSTIGE
276714;312777;Dobova;Dobova(Gr);2.1;2;2;2;6;4.0;IC,SONSTIGE
312777;540755;Dobova(Gr);Zapresic;11.5;10;10;10;6;4.0;IC,SONSTIGE
440759;540755;Zagreb Glavni kolodvor;Zapresic;13.6;12;12;12;6;4.0;IC,SONSTIGE
476721;588749;Wuppertal Hbf;Bielefeld Hbf;128.6;72;72;72;1;0.03;ICE-SPRINTER
456005;456179;München Ost;Augsburg Hbf;59.5;39;40;41;8;0.65;ICE
170193;188622;Bitterfeld;Dessau Hbf;24.8;11;13;14;4;0.29;IC
188622;464794;Dessau Hbf;Magdeburg Hbf;52.7;35;36;45;5;0.32;IC
22625;341575;Aachen Hbf;Herzogenrath;11.5;14;15;15;5;1.58;ICE
142762;341575;Geilenkirchen;Herzogenrath;10.2;7;7;8;5;1.58;ICE
142762;238156;Geilenkirchen;Erkelenz;18.8;11;11;12;8;1.74;ICE
238156;598868;Erkelenz;Rheydt Hbf;12.7;8;8;9;8;1.74;ICE
484741;598868;Mönchengladbach Hbf;Rheydt Hbf;3.8;5;5;5;8;1.74;ICE
482951;484741;Viersen;Mönchengladbach Hbf;7.1;7;7;8;7;2.13;ICE
135640;482951;Krefeld Hbf;Viersen;14.0;11;11;11;7;2.13;ICE
135640;549058;Krefeld Hbf;Duisburg Hbf;18.4;13;15;27;6;1.68;ICE
668361;86349;Stuttgart Hbf;Mühlacker;30.9;21;23;26;6;1.52;IC
267162;517455;Hamm(Westf)Hbf;Köln Hbf;100.8;127;127;127;1;0.1;ICE
510360;596419;Anklam;Prenzlau;60.4;39;39;39;5;0.74;ICE
582139;659606;Mannheim Hbf;Bensheim;24.9;23;23;24;6;1.29;ICE
490386;635340;Bruchsal;Heidelberg Hbf;31.6;16;17;17;16;2.23;IC,ICE
240005;510314;Bochum Hbf;Köln Süd;64.4;71;91;91;7;0.58;ICE
354436;549925;Rheine;Leer(Ostfriesl);106.3;60;60;60;3;0.32;IC
631640;93866;Würzburg Hbf;Hannover Hbf;286.6;116;116;116;5;1.0;ICE
631640;83632;Würzburg Hbf;Ansbach;72.7;49;49;51;9;2.0;ICE
656122;83632;Donauwörth;Ansbach;66.4;44;44;44;9;2.0;ICE
381506;656913;Frankfurt(Main)Süd;Aschaffenburg Hbf;35.2;24;24;24;2;0.1;ICE
428519;446591;Hamburg Hbf;Berlin-Spandau;241.4;97;97;97;1;0.03;ICE
176337;502931;Mainz Hbf;Ludwigshafen(Rh)Hbf;59.7;36;36;36;5;0.39;IC
640892;691821;Dortmund Hbf;Düsseldorf Hbf;56.8;49;52;66;9;0.42;IC,ICE
598255;679686;Offenburg;Singen(Hohentwiel);103.8;101;127;128;7;0.39;ICE
1001;653775;Brno hl.n.;Praha hl.n.;185.5;158;160;160;3;0.58;SONSTIGE
668361;83632;Stuttgart Hbf;Ansbach;116.6;80;80;80;1;0.03;IC
129801;157968;Warnemünde;Rostock Hbf;11.3;20;22;23;8;2.29;IC,ICE
127712;157968;Berlin Gesundbrunnen;Rostock Hbf;189.5;105;113;120;4;0.13;IC
127712;693694;Berlin Gesundbrunnen;Potsdam Hbf;28.0;22;23;33;4;0.13;IC
464794;693694;Magdeburg Hbf;Potsdam Hbf;102.2;55;56;73;5;0.16;IC
456179;631640;Augsburg Hbf;Würzburg Hbf;174.0;109;112;118;6;0.26;ICE
416646;651630;Erfurt Hbf;Naumburg(Saale)Hbf;57.2;32;32;41;5;0.26;ICE
19646;464435;Gniezno;Poznan Glowny;48.9;26;26;27;9;2.0;IC
185434;19646;Inowroclaw;Gniezno;53.0;26;27;30;9;2.0;IC
185434;647905;Inowroclaw;Bydgoszcz Glowna;40.4;25;25;26;9;2.0;IC
374452;647905;Tczew;Bydgoszcz Glowna;119.3;66;67;72;9;2.0;IC
265080;374452;Gdansk Glowny;Tczew;30.2;15;15;15;9;2.0;IC
107964;265080;Gdansk Wrzeszcz;Gdansk Glowny;3.8;3;3;4;9;2.0;IC
107964;4795;Gdansk Wrzeszcz;Gdansk Oliwa;3.8;3;3;4;9;2.0;IC
4795;695219;Gdansk Oliwa;Sopot;3.4;2;3;4;9;2.0;IC
506051;695219;Gdynia Glowna;Sopot;9.2;7;8;8;9;2.0;IC
325703;4872;Münster(Westf)Hbf;Bad Oeynhausen;84.0;57;57;57;1;0.03;IC
281559;401361;Jaroslaw;Przemysl Glowny;26.2;22;24;29;14;2.0;IC
319073;546325;Katowice;Jaworzno Szczakowa;20.0;20;20;25;14;2.0;IC
684148;686926;Opole Glowne;Brzeg;38.4;18;19;20;14;2.0;IC
380319;686926;Wroclaw Glowny;Brzeg;40.8;21;23;25;14;2.0;IC
380319;556763;Wroclaw Glowny;Oborniki Slaskie;24.1;14;15;15;14;2.0;IC
370112;556763;Zmigrod;Oborniki Slaskie;19.5;10;10;10;14;2.0;IC
300981;370112;Rawicz;Zmigrod;15.5;8;9;9;14;2.0;IC
300981;567877;Rawicz;Leszno;32.5;15;15;16;14;2.0;IC
213090;567877;Koscian;Leszno;26.4;13;14;14;14;2.0;IC
213090;464435;Koscian;Poznan Glowny;40.3;21;21;22;14;2.0;IC
464435;99034;Poznan Glowny;Opalenica;36.2;20;20;23;14;2.0;IC
139226;99034;Nowy Tomysl;Opalenica;18.2;9;9;12;14;2.0;IC
139226;142048;Nowy Tomysl;Zbaszyn;16.9;8;8;8;14;2.0;IC
142048;503214;Zbaszyn;Zbaszynek;5.6;5;5;6;14;2.0;IC
337616;693694;Braunschweig Hbf;Potsdam Hbf;172.5;105;108;109;11;0.77;ICE
517455;541903;Köln Hbf;Köln/Bonn Flughafen;13.3;10;10;18;17;2.94;ICE
476721;95437;Wuppertal Hbf;Köln Messe/Deutz;36.9;29;29;29;1;0.03;ICE
123366;565099;Rosenheim;Kufstein;29.9;20;21;22;12;2.61;ICE
451640;99055;Coburg;Nürnberg Hbf;91.3;54;55;57;12;4.0;ICE,ICE-SPRINTER
325703;93866;Münster(Westf)Hbf;Hannover Hbf;151.0;93;123;123;5;0.19;ICE
240005;549058;Bochum Hbf;Duisburg Hbf;31.5;17;28;34;3;0.1;ICE,ICE-SPRINTER
350796;663551;Gliwice;Raciborz;39.7;51;53;57;6;0.97;IC,SONSTIGE
531677;613345;Halle(Saale)Hbf;Berlin Hbf;150.1;85;94;103;2;0.06;ICE,ICE-SPRINTER
176337;381506;Mainz Hbf;Frankfurt(Main)Süd;32.4;19;19;19;1;0.03;ICE
231011;313350;Kolding st;Middelfart st;16.0;18;18;20;6;0.23;SONSTIGE
111314;313350;Odense st;Middelfart st;42.5;28;32;32;6;0.23;SONSTIGE
531677;659092;Halle(Saale)Hbf;Weißenfels;30.3;18;18;18;1;0.06;IC
468987;673820;Westerland(Sylt);Klanxbüll;23.9;20;20;20;1;0.06;ICE
273219;673820;Niebüll;Klanxbüll;12.9;15;15;15;1;0.06;ICE
348473;446591;Ludwigslust;Berlin-Spandau;144.7;56;56;56;1;0.06;ICE
266187;295467;Tuttlingen;Spaichingen;10.7;8;8;8;31;10.45;IC
241020;295467;Rottweil;Spaichingen;13.1;9;9;10;31;10.45;IC
241020;398625;Rottweil;Oberndorf(Neckar);15.2;12;12;17;35;11.68;IC
331895;348071;Herrenberg;Horb;21.2;14;14;15;2;0.58;IC
331895;341519;Herrenberg;Böblingen;14.7;8;10;10;17;4.06;IC
341519;581912;Böblingen;Stuttgart-Vaihingen;9.1;7;7;7;2;0.52;IC
581912;668361;Stuttgart-Vaihingen;Stuttgart Hbf;8.3;14;15;17;4;1.42;IC
170193;613345;Bitterfeld;Berlin Hbf;123.4;72;72;72;1;0.03;ICE
310614;396514;Flensburg;Hamburg-Altona;139.7;101;101;101;1;0.26;ICE
639669;640892;Osnabrück Hbf;Dortmund Hbf;93.6;55;81;90;5;0.16;ICE,ICE-SPRINTER
9066;93866;Hamburg-Harburg;Hannover Hbf;121.3;65;83;91;11;0.81;ICE
10831;396514;Schleswig;Hamburg-Altona;108.5;72;85;102;14;3.16;ICE
27695;436294;Köln-Ehrenfeld;Bonn Hbf;27.3;25;25;25;1;0.1;IC
27695;691821;Köln-Ehrenfeld;Düsseldorf Hbf;31.1;63;63;63;1;0.1;IC
29588;668361;Bondorf(b Herrenberg);Stuttgart Hbf;39.0;40;40;43;6;0.87;IC
428519;549058;Hamburg Hbf;Duisburg Hbf;321.8;175;175;179;14;1.1;ICE
19112;621598;Kassel-Wilhelmshöhe;Eisenach Hbf;72.1;55;56;57;10;3.87;IC
416646;517967;Erfurt Hbf;Weimar;20.4;12;12;13;8;5.16;IC
517967;588565;Weimar;Jena West;19.2;14;17;17;8;5.16;IC
486352;588565;Jena-Göschwitz;Jena West;4.5;5;6;6;8;5.16;IC
190878;486352;Stadtroda;Jena-Göschwitz;9.2;8;8;8;8;5.16;IC
190878;307913;Stadtroda;Hermsdorf-Klosterlausnitz;10.3;9;9;9;8;5.16;IC
197934;307913;Gera Hbf;Hermsdorf-Klosterlausnitz;15.5;14;14;16;8;5.16;IC
19112;631640;Kassel-Wilhelmshöhe;Würzburg Hbf;171.5;63;63;63;4;1.0;ICE
19112;93866;Kassel-Wilhelmshöhe;Hannover Hbf;120.0;55;55;55;4;1.0;ICE
431744;99055;Bamberg;Nürnberg Hbf;52.3;32;39;60;11;0.35;ICE
168530;431744;Göttingen;Bamberg;194.4;193;220;239;5;0.16;ICE
26389;482842;Fürth(Bay)Hbf;Ingolstadt Hbf;87.0;47;47;47;1;0.03;ICE
26389;631640;Fürth(Bay)Hbf;Würzburg Hbf;84.4;46;46;46;1;0.03;ICE
194868;497089;Weinheim(Bergstr)Hbf;Karlsruhe Hbf;65.1;52;52;52;2;0.06;ICE
510314;549058;Köln Süd;Duisburg Hbf;57.0;47;51;56;2;0.06;ICE,ICE-SPRINTER
325703;609947;Münster(Westf)Hbf;Düsseldorf Flughafen;94.3;97;97;97;1;0.03;ICE-SPRINTER
168530;381506;Göttingen;Frankfurt(Main)Süd;182.0;145;145;145;1;0.03;ICE-SPRINTER
176697;635340;Frankfurt(Main)Hbf;Heidelberg Hbf;78.2;45;47;73;5;0.16;ICE
595938;691821;Gelsenkirchen Hbf;Düsseldorf Hbf;38.2;37;44;50;7;0.68;IC,ICE,ICE-SPRINTER
348071;581912;Horb;Stuttgart-Vaihingen;44.5;32;32;32;1;0.52;IC
168530;303933;Göttingen;Eichenberg;18.0;10;10;11;2;0.06;ICE
19112;303933;Kassel-Wilhelmshöhe;Eichenberg;33.7;24;27;31;2;0.06;ICE
203191;656122;Aalen Hbf;Donauwörth;51.4;52;52;56;3;0.19;IC
203191;371540;Aalen Hbf;Schorndorf;41.9;29;29;30;2;0.58;IC
1001;543923;Brno hl.n.;Ceska Trebova;79.5;59;60;60;5;2.84;SONSTIGE
351181;543923;Pardubice hl.n.;Ceska Trebova;51.6;35;35;36;5;2.84;SONSTIGE
17941;351181;Praha-Holesovice;Pardubice hl.n.;94.3;58;61;61;4;2.0;SONSTIGE
426722;87362;Limburg Süd;Wiesbaden Hbf;36.2;19;22;26;9;2.68;ICE
276714;528753;Dobova;Sevnica;30.0;29;29;29;2;2.0;IC,SONSTIGE
38672;631640;Frankfurt(M) Flughafen Fernbf;Würzburg Hbf;101.7;98;98;98;1;0.03;ICE
125185;490386;Karlsruhe-Durlach;Bruchsal;16.4;10;10;11;4;0.84;IC,ICE
125185;497089;Karlsruhe-Durlach;Karlsruhe Hbf;4.5;5;5;6;4;0.84;IC,ICE
303008;691821;Neuss Hbf;Düsseldorf Hbf;7.8;4;12;12;7;1.03;ICE
303008;484741;Neuss Hbf;Mönchengladbach Hbf;16.6;13;13;13;6;1.0;ICE
267162;609947;Hamm(Westf)Hbf;Düsseldorf Flughafen;82.7;103;103;103;2;0.13;ICE
145252;668361;Gäufelden;Stuttgart Hbf;35.0;34;34;34;1;0.16;IC
176209;531677;Lutherstadt Wittenberg Hbf;Halle(Saale)Hbf;63.7;28;31;44;4;0.13;ICE
531677;651630;Halle(Saale)Hbf;Naumburg(Saale)Hbf;37.4;29;30;51;4;0.13;ICE
458602;497089;Wiesloch-Walldorf;Karlsruhe Hbf;38.2;21;25;25;5;0.84;IC,ICE
146906;262513;Hoyerswerda;Horka(Gr);57.9;30;31;80;10;3.81;IC
146906;89065;Hoyerswerda;Ruhland;25.2;17;17;18;10;3.81;IC
491201;553920;Freiberg(Sachs);Dresden-Neustadt;32.8;39;39;46;6;3.81;IC
227595;491201;Chemnitz Hbf;Freiberg(Sachs);30.0;27;28;28;6;3.81;IC
325703;549058;Münster(Westf)Hbf;Duisburg Hbf;83.3;67;67;67;1;0.03;ICE-SPRINTER
188622;531677;Dessau Hbf;Halle(Saale)Hbf;43.8;27;27;27;1;0.03;IC
683842;695368;Traunstein;Salzburg Hbf;31.0;27;27;27;2;2.0;ICE
551798;683842;Prien am Chiemsee;Traunstein;21.9;17;17;17;2;2.0;ICE
123366;551798;Rosenheim;Prien am Chiemsee;17.0;16;16;17;2;2.0;ICE
19112;38672;Kassel-Wilhelmshöhe;Frankfurt(M) Flughafen Fernbf;153.1;119;119;119;1;0.03;ICE-SPRINTER
267162;354436;Hamm(Westf)Hbf;Rheine;71.3;37;37;37;1;0.03;ICE
176697;510314;Frankfurt(Main)Hbf;Köln Süd;152.3;176;176;176;1;0.03;ICE
22625;27695;Aachen Hbf;Köln-Ehrenfeld;61.5;31;41;52;2;0.16;ICE
273099;27695;Siegburg/Bonn;Köln-Ehrenfeld;26.6;22;22;22;1;0.06;ICE
163849;319073;Dabrowa Gornicza Zabkowice;Katowice;21.3;30;30;30;4;0.65;IC,SONSTIGE
163849;568518;Dabrowa Gornicza Zabkowice;Zawiercie;17.0;12;12;12;4;0.65;IC,SONSTIGE
17941;222158;Praha-Holesovice;Kolin(CZ);56.1;36;36;40;4;2.52;SONSTIGE
222158;351181;Kolin(CZ);Pardubice hl.n.;38.7;19;20;20;4;2.52;SONSTIGE
510314;517455;Köln Süd;Köln Hbf;2.3;7;7;8;2;0.1;IC,ICE-SPRINTER
517455;640892;Köln Hbf;Dortmund Hbf;72.8;76;87;92;4;0.26;IC,ICE
4872;640892;Bad Oeynhausen;Dortmund Hbf;119.5;88;88;88;1;0.03;IC
446591;464794;Berlin-Spandau;Magdeburg Hbf;115.8;81;81;81;1;0.06;ICE
303008;510314;Neuss Hbf;Köln Süd;35.5;49;49;49;1;0.03;ICE
456179;668361;Augsburg Hbf;Stuttgart Hbf;133.7;137;140;144;2;0.06;ICE
695368;9941;Salzburg Hbf;München Hbf;116.7;106;109;112;2;2.0;ICE
532185;93866;Verden(Aller);Hannover Hbf;69.4;39;39;39;1;0.13;IC
348071;465461;Horb;Eutingen im Gäu;8.1;7;7;10;6;1.26;IC
141674;465461;Ergenzingen;Eutingen im Gäu;2.3;2;2;2;3;0.55;IC
141674;29588;Ergenzingen;Bondorf(b Herrenberg);4.0;3;4;4;3;0.55;IC
176697;631640;Frankfurt(Main)Hbf;Würzburg Hbf;97.2;79;79;79;1;0.03;ICE
382078;559973;Neustrelitz Hbf;Berlin Ostkreuz;98.8;60;64;68;2;0.1;IC
241671;510360;Eberswalde Hbf;Anklam;113.9;77;77;77;3;0.71;ICE
412729;656759;Hamburg-Bergedorf;Büchen;27.7;14;21;21;4;0.58;ICE
351643;656759;Schwerin Hbf;Büchen;54.8;34;34;34;9;2.0;ICE
157968;351643;Rostock Hbf;Schwerin Hbf;68.4;47;47;49;9;2.0;ICE
167729;9941;Lindau-Reutin;München Hbf;153.0;137;137;138;2;0.13;ICE
19112;576155;Kassel-Wilhelmshöhe;Hanau Hbf;137.4;119;119;119;1;0.03;ICE
117449;447324;Dorfgastein;Schwarzach-St.Veit;9.7;11;11;11;2;2.0;IC,SONSTIGE
117449;445830;Dorfgastein;Bad Hofgastein;4.8;4;4;5;2;2.0;IC,SONSTIGE
445830;573454;Bad Hofgastein;Bad Gastein;9.6;9;10;11;2;2.0;IC,SONSTIGE
517455;533867;Köln Hbf;Frankfurt(Main)West;150.0;168;168;168;1;0.03;ICE
533867;582139;Frankfurt(Main)West;Mannheim Hbf;72.2;39;39;39;1;0.03;ICE
176697;87362;Frankfurt(Main)Hbf;Wiesbaden Hbf;30.2;34;47;58;3;0.39;ICE
243815;9066;Celle;Hamburg-Harburg;93.1;48;48;48;2;0.29;ICE
29588;465461;Bondorf(b Herrenberg);Eutingen im Gäu;5.9;4;4;4;3;0.71;IC
142762;22625;Geilenkirchen;Aachen Hbf;21.6;23;23;23;3;0.16;ICE
487028;635340;Neu-Edingen/Friedrichsfeld;Heidelberg Hbf;8.5;5;5;5;1;0.03;ICE
309788;604565;Lovosice;Usti nad Labem hl.n.;16.7;15;15;16;2;2.0;SONSTIGE
309788;630295;Lovosice;Roudnice nad Labem;17.2;8;8;8;1;1.0;SONSTIGE
332709;630295;Kralupy nad Vltavou;Roudnice nad Labem;21.2;20;20;20;1;1.0;SONSTIGE
17941;332709;Praha-Holesovice;Kralupy nad Vltavou;16.9;20;20;20;1;1.0;SONSTIGE
668361;99055;Stuttgart Hbf;Nürnberg Hbf;156.6;114;116;120;3;2.0;ICE-SPRINTER
391201;99055;Berlin Südkreuz;Nürnberg Hbf;372.9;155;155;156;3;2.0;ICE-SPRINTER
325703;517455;Münster(Westf)Hbf;Köln Hbf;122.1;110;165;181;6;0.32;ICE,ICE-SPRINTER
595938;609947;Gelsenkirchen Hbf;Düsseldorf Flughafen;32.2;28;28;28;1;0.55;ICE
149885;464157;Olten;Basel SBB;32.3;24;24;25;3;0.1;ICE
176337;176697;Mainz Hbf;Frankfurt(Main)Hbf;31.1;31;33;36;2;0.26;IC,ICE
53188;89065;Leipzig Hbf;Ruhland;103.9;87;90;91;4;1.03;IC
265473;438277;Ötztal;Innsbruck Hbf;41.0;23;23;23;3;0.16;SONSTIGE
265473;579889;Ötztal;Imst-Pitztal;7.7;22;22;22;3;0.16;SONSTIGE
579888;579889;Landeck-Zams;Imst-Pitztal;15.9;13;24;24;4;0.32;SONSTIGE
579888;611513;Landeck-Zams;St. Anton am Arlberg;23.7;22;22;33;4;0.32;SONSTIGE
30077;611513;Langen am Arlberg;St. Anton am Arlberg;11.1;8;8;8;4;0.32;SONSTIGE
30077;665705;Langen am Arlberg;Bludenz;23.3;24;32;32;4;0.32;SONSTIGE
21642;665705;Feldkirch;Bludenz;18.6;11;11;13;4;0.32;SONSTIGE
41860;640892;Dortmund-Scharnhorst;Dortmund Hbf;5.8;6;6;6;1;0.06;ICE
176209;464794;Lutherstadt Wittenberg Hbf;Magdeburg Hbf;76.7;54;54;62;3;0.13;ICE
613345;95739;Berlin Hbf;Hagenow Land;174.8;72;72;72;1;0.03;ICE
428519;95739;Hamburg Hbf;Hagenow Land;81.5;35;35;35;1;0.03;ICE
531677;553920;Halle(Saale)Hbf;Dresden-Neustadt;130.2;96;97;99;2;0.06;ICE
477761;83956;Bremen Hbf;Oldenburg(Oldb)Hbf;40.0;26;26;26;1;1.0;ICE
127712;348473;Berlin Gesundbrunnen;Ludwigslust;154.2;74;74;74;2;0.45;ICE
40708;619269;Leuven;Bruxelles-Nord;25.0;16;16;17;3;0.35;ICE
257676;631605;Bruxelles Midi;Gent St Pieters;49.1;28;28;28;2;0.26;ICE
125560;631605;Brugge;Gent St Pieters;38.8;24;25;26;2;0.26;ICE
125560;402204;Brugge;Oostende;20.5;13;13;14;2;0.26;ICE
242764;447324;Zell am See;Schwarzach-St.Veit;27.0;29;31;33;4;0.61;ICE
242764;280725;Zell am See;Maishofen-Saalbach;4.4;4;5;5;4;0.61;ICE
280725;329216;Maishofen-Saalbach;Saalfelden;7.7;5;5;6;4;0.61;ICE
205890;329216;Hochfilzen;Saalfelden;15.9;15;15;16;4;0.61;ICE
205890;237547;Hochfilzen;Fieberbrunn;7.8;8;8;9;4;0.61;ICE
237547;502892;Fieberbrunn;St. Johann in Tirol;8.0;6;6;6;4;0.61;ICE
13819;502892;Kitzbühel;St. Johann in Tirol;7.9;7;7;7;4;0.61;ICE
13819;190047;Kitzbühel;Kitzbühel Hahnenkamm;1.2;3;3;3;4;0.61;ICE
190047;621475;Kitzbühel Hahnenkamm;Kirchberg in Tirol;6.1;5;5;5;4;0.61;ICE
621475;637838;Kirchberg in Tirol;Hopfgarten im Brixental;12.0;14;14;15;4;0.61;ICE
32069;637838;Wörgl Hbf;Hopfgarten im Brixental;7.8;8;8;8;4;0.61;ICE
127712;232153;Berlin Gesundbrunnen;Wittenberge;120.6;51;51;51;2;0.52;ICE
232153;656759;Wittenberge;Büchen;92.1;45;45;45;2;0.52;ICE
431744;656913;Bamberg;Aschaffenburg Hbf;126.0;89;93;94;3;0.1;ICE
135333;160045;Wien Hbf;Flughafen Wien;15.5;17;17;17;1;1.0;SONSTIGE
27695;38672;Köln-Ehrenfeld;Frankfurt(M) Flughafen Fernbf;153.8;111;111;111;1;0.1;ICE
559973;603166;Berlin Ostkreuz;Schönefeld(bei Berlin);12.8;16;19;26;8;0.74;IC
174282;603166;Elsterwerda;Schönefeld(bei Berlin);103.6;54;60;65;8;0.74;IC
331895;581912;Herrenberg;Stuttgart-Vaihingen;23.6;18;18;18;1;0.39;IC
127712;451103;Berlin Gesundbrunnen;Berlin-Wannsee;20.1;16;16;16;1;0.03;ICE
176337;517455;Mainz Hbf;Köln Hbf;139.4;93;98;103;2;0.06;ICE
381506;416646;Frankfurt(Main)Süd;Erfurt Hbf;192.4;122;122;122;1;0.03;ICE
540195;668361;Esslingen(Neckar);Stuttgart Hbf;10.0;10;10;10;1;0.68;ICE
267257;428519;Essen Hbf;Hamburg Hbf;309.2;163;169;175;2;0.29;ICE
327376;428519;Berlin-Lichtenberg;Hamburg Hbf;260.5;162;175;189;2;0.19;SONSTIGE
267257;325703;Essen Hbf;Münster(Westf)Hbf;70.6;49;49;50;2;0.06;ICE,ICE-SPRINTER
174282;531677;Elsterwerda;Halle(Saale)Hbf;105.9;136;136;136;1;0.03;ICE
381506;635340;Frankfurt(Main)Süd;Heidelberg Hbf;77.4;46;46;46;1;0.03;ICE
38672;416646;Frankfurt(M) Flughafen Fernbf;Erfurt Hbf;202.2;173;173;173;1;0.03;ICE
296891;668361;Kornwestheim Pbf;Stuttgart Hbf;8.6;7;7;7;1;0.03;IC
296891;424397;Kornwestheim Pbf;Vaihingen(Enz);18.8;11;11;11;1;0.03;IC
603461;639669;Herford;Osnabrück Hbf;44.4;32;32;32;1;0.03;ICE
603461;640892;Herford;Dortmund Hbf;106.4;44;44;44;1;0.03;ICE
10831;310614;Schleswig;Flensburg;31.2;20;20;20;1;0.23;ICE
329017;93866;Stendal Hbf;Hannover Hbf;145.2;55;55;55;2;0.84;ICE
381506;667068;Frankfurt(Main)Süd;Frankfurt(M) Flughafen Regionalbf;9.8;15;23;23;3;0.23;ICE,ICE-SPRINTER
176697;267162;Frankfurt(Main)Hbf;Hamm(Westf)Hbf;184.7;247;247;247;1;0.03;ICE-SPRINTER
168530;576155;Göttingen;Hanau Hbf;172.3;133;133;133;1;0.06;ICE
337692;85219;Berlin-Charlottenburg;Wolfsburg Hbf;170.5;68;68;68;1;0.1;ICE
297876;425229;Basel Bad Bf;Müllheim im Markgräflerland;27.0;16;17;18;2;0.26;ICE
549058;95437;Duisburg Hbf;Köln Messe/Deutz;56.1;92;92;92;2;0.45;ICE
325703;476721;Münster(Westf)Hbf;Wuppertal Hbf;85.0;72;72;72;1;0.03;ICE
431744;576155;Bamberg;Hanau Hbf;142.9;112;112;112;1;0.03;ICE
164260;40708;Antwerpen Centraal;Leuven;42.5;35;35;42;5;0.26;ICE
267257;517455;Essen Hbf;Köln Hbf;56.7;70;70;70;1;0.06;ICE
150560;497089;Kehl;Karlsruhe Hbf;63.7;36;36;36;1;0.06;ICE
150560;360176;Kehl;Kehl(Gr);0.4;1;1;1;1;0.06;ICE
416646;482842;Erfurt Hbf;Ingolstadt Hbf;249.3;118;118;118;1;0.03;ICE-SPRINTER
456005;552402;München Ost;Simbach(Inn);106.2;77;77;77;1;0.32;IC
240005;517455;Bochum Hbf;Köln Hbf;62.3;65;65;65;1;0.03;ICE
176697;95437;Frankfurt(Main)Hbf;Köln Messe/Deutz;151.2;133;152;171;2;0.06;ICE
267257;9066;Essen Hbf;Hamburg-Harburg;300.6;164;164;164;1;0.23;ICE
176697;285647;Frankfurt(Main)Hbf;Haiger;77.2;80;80;80;1;0.03;ICE
285647;517455;Haiger;Köln Hbf;91.5;87;87;87;1;0.03;ICE
484741;517455;Mönchengladbach Hbf;Köln Hbf;45.6;46;46;46;2;0.55;ICE
117544;40708;Aachen Süd(Gr);Leuven;94.9;47;47;47;1;0.1;ICE
135640;267257;Krefeld Hbf;Essen Hbf;33.9;26;26;26;1;0.45;ICE
337616;391201;Braunschweig Hbf;Berlin Südkreuz;193.5;123;123;123;1;0.03;ICE
17941;578733;Praha-Holesovice;Praha-Podbaba;3.2;3;3;3;1;1.0;SONSTIGE
332709;578733;Kralupy nad Vltavou;Praha-Podbaba;15.2;15;15;15;1;1.0;SONSTIGE
161542;332709;Hnevice;Kralupy nad Vltavou;24.0;16;16;16;1;1.0;SONSTIGE
161542;630295;Hnevice;Roudnice nad Labem;7.5;6;6;6;1;1.0;SONSTIGE
528353;630295;Bohusovice nad Ohri;Roudnice nad Labem;10.8;7;7;7;1;1.0;SONSTIGE
309788;528353;Lovosice;Bohusovice nad Ohri;6.7;5;5;5;1;1.0;SONSTIGE
14372;257676;Liège-Guillemins;Bruxelles Midi;89.7;46;46;46;1;0.26;ICE
216930;431744;Fulda;Bamberg;113.0;85;93;101;2;0.06;ICE
510671;644167;Bern;Ostermundigen;3.3;5;5;5;1;0.03;ICE
25598;644167;Thun;Ostermundigen;25.1;17;17;17;1;0.03;ICE
256667;517455;Remagen;Köln Hbf;45.0;53;53;53;1;0.03;ICE
38672;635340;Frankfurt(M) Flughafen Fernbf;Heidelberg Hbf;72.6;46;46;46;1;0.03;ICE
437604;691821;Solingen Hbf;Düsseldorf Hbf;16.0;11;11;11;1;0.03;ICE
176697;381506;Frankfurt(Main)Hbf;Frankfurt(Main)Süd;1.9;32;32;32;1;0.03;ICE
38672;437604;Frankfurt(M) Flughafen Fernbf;Solingen Hbf;165.5;73;73;73;1;0.06;ICE
127712;553920;Berlin Gesundbrunnen;Dresden-Neustadt;166.6;94;106;119;2;0.13;ICE
170193;391201;Bitterfeld;Berlin Südkreuz;118.9;52;52;52;1;0.03;ICE-SPRINTER
19112;502136;Kassel-Wilhelmshöhe;Bebra;45.3;38;38;39;2;1.61;IC
502136;621598;Bebra;Eisenach Hbf;37.4;22;22;22;2;1.61;IC
262116;579889;Roppen;Imst-Pitztal;4.2;5;5;5;1;0.16;SONSTIGE
262116;265473;Roppen;Ötztal;4.0;5;5;5;1;0.16;SONSTIGE
265473;510956;Ötztal;Telfs-Pfaffenhofen;18.0;10;10;10;1;0.16;SONSTIGE
438277;510956;Innsbruck Hbf;Telfs-Pfaffenhofen;24.7;16;16;16;1;0.16;SONSTIGE
157156;693694;Werder(Havel);Potsdam Hbf;9.5;6;6;6;1;0.06;IC
157156;688966;Werder(Havel);Brandenburg Hbf;24.5;15;15;15;1;0.06;IC
478341;675943;Stockholm Central;Lund Central;496.8;393;393;393;1;0.03;SONSTIGE
391201;85219;Berlin Südkreuz;Wolfsburg Hbf;174.7;84;84;84;1;0.03;ICE
239328;267257;Herne-Wanne-Eickel Hbf;Essen Hbf;13.7;12;12;12;1;0.13;ICE
24890;580296;Utrecht Centraal;Woerden;14.8;9;9;9;1;0.06;ICE
451103;464794;Berlin-Wannsee;Magdeburg Hbf;110.5;76;76;76;1;0.45;IC
440288;549058;Recklinghausen Hbf;Duisburg Hbf;36.1;43;43;43;1;0.03;ICE
303008;549058;Neuss Hbf;Duisburg Hbf;25.9;20;20;20;1;0.03;ICE
303008;517455;Neuss Hbf;Köln Hbf;34.8;25;25;25;1;0.03;ICE
232153;446591;Wittenberge;Berlin-Spandau;109.7;56;56;56;1;0.03;ICE
510314;595938;Köln Süd;Gelsenkirchen Hbf;65.2;77;77;77;1;0.03;ICE
440288;691821;Recklinghausen Hbf;Düsseldorf Hbf;52.4;56;56;56;1;0.03;ICE
