variante;vollknoten;kanten;reserve_pct;sollband_pct;reisezeit_verlaengerung_min;bemerkung
Top 16 nach Verkehr;16;56;5.06;69.7;17.7;
Top 20 nach Verkehr;20;69;5.24;67.0;19.7;
Top 24 nach Verkehr;24;81;6.86;60.9;24.1;
Top 30 nach Verkehr;30;99;6.74;53.1;28.6;
Top 40 nach Verkehr;40;125;8.42;53.2;33.5;
Top 64 nach Verkehr;64;173;7.65;61.8;38.5;
K20 kuratiert;20;68;6.7;59.0;18.8;gewählt – Grundlage des Fahrplans
K16 kuratiert;16;53;5.08;61.0;15.3;geografisch ausgewogene Auswahl
K24 kuratiert;24;80;5.7;63.6;22.6;geografisch ausgewogene Auswahl
