a_id;b_id;a;b;t_min;t_p10;t_median;zwischenhalte_min;fahrten_tag;linien;kategorien;ziel_kante;abweichung
436294;517455;Bonn Hbf;Köln Hbf;19;20;22;0;27.52;IC 55, ICE 91, ICE 42, ICE 1, ICE 55;IC:106, ICE:96, ICE-SPRINTER:34;24;-4
436294;61534;Bonn Hbf;Koblenz Hbf;30;30;31;0;32.84;ICE 91, IC 55, ICE 42, ICE 1, ICE 55;ICE:159, IC:109, ICE-SPRINTER:37;24;6
176697;61534;Frankfurt(Main)Hbf;Koblenz Hbf;68;74;86;0;6.45;ICE 91, ICE 42, ICE 1, IC 55;ICE:66, ICE-SPRINTER:15, IC:5;84;-10
176697;576155;Frankfurt(Main)Hbf;Hanau Hbf;11;13;15;0;29.68;ICE 91, ICE 12, ICE 1, ICE 41, ICE 22;ICE:218, ICE-SPRINTER:5;24;-11
576155;631640;Hanau Hbf;Würzburg Hbf;44;51;51;0;22.26;ICE 91, ICE 41, ICE 1;ICE:232;54;-3
631640;99055;Würzburg Hbf;Nürnberg Hbf;51;52;54;0;77.26;ICE 41, ICE 25, ICE 91, ICE 1;ICE:557;54;-2
464157;526634;Basel SBB;Freiburg(Breisgau) Hbf;26;36;38;1;43.9;ICE 43, ICE 12, ICE 20, ECE 20, ICE 60;ICE:263;24;12
497089;526634;Karlsruhe Hbf;Freiburg(Breisgau) Hbf;62;62;62;1;14.0;ICE 43, ECE 85;ICE:91;54;8
497089;582139;Karlsruhe Hbf;Mannheim Hbf;21;22;23;0;55.94;ICE 43, ICE 12, ICE 20, ECE 20, ICE 82, ECE 85;ICE:365;24;-2
38672;582139;Frankfurt(M) Flughafen Fernbf;Mannheim Hbf;30;31;34;0;55.35;ICE 42, ICE 47, ICE 43, ICE 11, ICE 62, ICE 45;ICE:465;24;7
273099;38672;Siegburg/Bonn;Frankfurt(M) Flughafen Fernbf;31;38;41;0;60.13;ICE 41, ICE 78, ICE 42, ICE 47, ICE 49, ICE 79;ICE:374;24;14
273099;95437;Siegburg/Bonn;Köln Messe/Deutz;12;12;13;0;15.97;ICE 41, ICE 62, ICE 43, ICE 42;ICE:102;24;-12
691821;95437;Düsseldorf Hbf;Köln Messe/Deutz;18;20;22;0;31.94;ICE 47, ICE 41, ICE 62, ICE 42, ICE 43, ICE 91;ICE:208, ICE-SPRINTER:3;24;-4
549058;691821;Duisburg Hbf;Düsseldorf Hbf;11;11;13;0;95.65;ICE 10, ICE 47, ICE 43, ICE 42, IC 35, ICE 91;ICE:537, IC:45, ICE-SPRINTER:44;24;-13
549058;622042;Duisburg Hbf;Oberhausen Hbf;5;6;7;0;45.87;ICE 78, IC 35, ICE 43, ICE 91, ICE 42, ICE 62;ICE:222, IC:44, ICE-SPRINTER:32;24;-18
622042;640892;Oberhausen Hbf;Dortmund Hbf;31;34;38;1;7.65;ICE 91, ICE 42, ICE 41, ICE 43, ICE 62, ICE 19;ICE:57, ICE-SPRINTER:16;24;10
464794;93866;Magdeburg Hbf;Hannover Hbf;75;79;106;0;3.23;IC 56, ICE 10, ICE 19;IC:29, ICE:7;84;-5
464794;531677;Magdeburg Hbf;Halle(Saale)Hbf;46;48;49;1;30.03;IC 55, IC 56, IC 57;IC:159;54;-6
531677;53188;Halle(Saale)Hbf;Leipzig Hbf;17;19;22;0;29.97;IC 55, IC 56, IC 57;IC:158;24;-5
176697;38672;Frankfurt(Main)Hbf;Frankfurt(M) Flughafen Fernbf;6;10;11;0;104.16;ICE 41, ICE 79, ICE 78, ICE 91, ICE 42, ICE 50;ICE:544, ICE-SPRINTER:28, IC:5;24;-14
273099;517455;Siegburg/Bonn;Köln Hbf;12;12;15;0;45.32;ICE 78, ICE 41, ICE 42, ICE 47, ICE 49, ICE 79;ICE:272;24;-12
517455;549058;Köln Hbf;Duisburg Hbf;37;43;77;0;8.68;ICE 78, ICE 10, ICE 47, ICE 42, ICE 43, ICE 41;ICE:82, ICE-SPRINTER:5;54;-11
253250;635340;Ulm Hbf;Heidelberg Hbf;101;101;101;1;8.61;ICE 62, ICE 55;ICE:51;114;-13
582139;635340;Mannheim Hbf;Heidelberg Hbf;9;11;12;0;21.1;IC 55, ICE 42, ICE 11, ICE 22, ICE 55, ICE 62;ICE:119, IC:90;24;-13
176337;582139;Mainz Hbf;Mannheim Hbf;35;39;39;0;16.42;IC 55, ICE 55, ICE 11, ICE 45, ICE 42;IC:92, ICE:23;24;15
176337;61534;Mainz Hbf;Koblenz Hbf;48;50;51;0;25.71;IC 55, ICE 91, ICE 42, ICE 55, ICE 1;IC:99, ICE:93, ICE-SPRINTER:22;54;-4
517455;691821;Köln Hbf;Düsseldorf Hbf;18;21;25;0;51.06;ICE 43, ICE 42, ICE 10, ICE 91, ICE 78, ICE 1;ICE:312, ICE-SPRINTER:44, IC:22;24;-3
549058;640892;Duisburg Hbf;Dortmund Hbf;28;35;40;0;29.87;ICE 10, ICE 47, ICE 41, ICE 91, ICE 43, ICE 55;ICE:165, ICE-SPRINTER:2;24;11
22625;517455;Aachen Hbf;Köln Hbf;33;33;36;0;18.23;ICE 79;ICE:102;24;9
38672;517455;Frankfurt(M) Flughafen Fernbf;Köln Hbf;49;52;55;0;53.19;ICE 42, ICE 43, ICE 79, ICE 41, ICE 47, ICE 49;ICE:351;54;-2
428519;477761;Hamburg Hbf;Bremen Hbf;54;56;56;0;40.61;ICE 42, ICE 43, ICE 33;ICE:272, ICE-SPRINTER:100;54;2
477761;639669;Bremen Hbf;Osnabrück Hbf;44;50;51;0;43.45;ICE 42, ICE 43, ICE 33;ICE:297, ICE-SPRINTER:100;54;-4
325703;639669;Münster(Westf)Hbf;Osnabrück Hbf;21;23;24;0;47.97;ICE 42, ICE 43, ICE 33, ICE 14, ICE 77;ICE:307, ICE-SPRINTER:93;24;-1
325703;640892;Münster(Westf)Hbf;Dortmund Hbf;27;28;29;0;25.03;ICE 42, ICE 43, IC 55, ICE 10;ICE:199, ICE-SPRINTER:28, IC:4;24;4
476721;640892;Wuppertal Hbf;Dortmund Hbf;31;37;38;0;28.26;ICE 42, IC 55, ICE 10, ICE 91, ICE 41, ICE 43;ICE:130, IC:74, ICE-SPRINTER:8;24;13
476721;517455;Wuppertal Hbf;Köln Hbf;26;29;31;0;57.55;ICE 42, ICE 19, ICE 10, IC 55, ICE 14, ICE 91;ICE:253, IC:72, ICE-SPRINTER:19;24;5
582139;668361;Mannheim Hbf;Stuttgart Hbf;36;37;38;0;57.1;ICE 11, ICE 42, ICE 22, ICE 47, ICE 62, ICE 60;ICE:454;24;13
253250;668361;Ulm Hbf;Stuttgart Hbf;40;42;49;0;50.55;ICE 11, ICE 42, ICE 60, ICE 62, ICE 47;ICE:465;54;-12
253250;456179;Ulm Hbf;Augsburg Hbf;39;41;43;0;75.68;ICE 11, ICE 42, ICE 47, ICE 62, ICE 60;ICE:660;54;-13
456179;9941;Augsburg Hbf;München Hbf;24;27;30;0;85.19;ICE 11, ICE 42, ICE 47, ICE 62, ICE 60, ICE 18;ICE:731, ICE-SPRINTER:8;24;3
477761;93866;Bremen Hbf;Hannover Hbf;59;59;64;0;31.77;IC 56, ICE 26, ICE 16;IC:78, ICE:53;54;5
168530;93866;Göttingen;Hannover Hbf;32;32;32;0;75.74;ICE 25, ICE 22, ICE 20, ICE 26, ICE 12, ECE 20;ICE:562, ICE-SPRINTER:22;24;8
168530;19112;Göttingen;Kassel-Wilhelmshöhe;12;18;19;0;104.77;ICE 25, ICE 22, ICE 20, ICE 12, ICE 13, ICE 26;ICE:674, ICE-SPRINTER:41;24;-6
19112;428469;Kassel-Wilhelmshöhe;Gießen;79;79;79;3;6.71;ICE 26, ICE 24;ICE:46;84;-5
176697;428469;Frankfurt(Main)Hbf;Gießen;39;39;40;0;6.71;ICE 26, ICE 24;ICE:46;24;15
176697;635340;Frankfurt(Main)Hbf;Heidelberg Hbf;45;56;58;0;16.58;ICE 62, ICE 26, ICE 20, ICE 22, ICE 11, ICE 12;ICE:99;54;2
267257;325703;Essen Hbf;Münster(Westf)Hbf;46;49;54;0;5.16;ICE 33, ICE 62, IC 35, ICE 14, ICE 42, ICE 43;ICE:33, IC:4, ICE-SPRINTER:1;54;-5
176697;582139;Frankfurt(Main)Hbf;Mannheim Hbf;34;37;39;0;70.13;ICE 11, ICE 12, ICE 22, ICE 42, ICE 20, ICE 82;ICE:419;24;13
176697;19112;Frankfurt(Main)Hbf;Kassel-Wilhelmshöhe;85;85;86;0;25.97;ICE 22, ICE 20, ECE 20;ICE:148, ICE-SPRINTER:11;84;1
243815;93866;Celle;Hannover Hbf;14;18;19;0;22.58;ICE 22, ICE 25, ICE 20, ICE 33;ICE:164, ICE-SPRINTER:10;24;-6
243815;428519;Celle;Hamburg Hbf;58;58;59;0;12.97;ICE 22;ICE:98, ICE-SPRINTER:6;54;4
90261;99055;Regensburg Hbf;Nürnberg Hbf;59;59;60;0;3.32;IC 61, ICE 91, ICE 1;IC:20, ICE:8;54;5
176337;38672;Mainz Hbf;Frankfurt(M) Flughafen Fernbf;15;16;19;0;13.68;ICE 91, ICE 42, ICE 20, ICE 1, IC 55, ICE 45;ICE:97, ICE-SPRINTER:21, IC:5;24;-8
436294;691821;Bonn Hbf;Düsseldorf Hbf;56;65;73;0;4.52;ICE 91, ICE 55, ICE 42, IC 55;ICE:54, ICE-SPRINTER:2, IC:1;54;11
526634;598255;Freiburg(Breisgau) Hbf;Offenburg;25;28;30;0;33.48;ICE 12, ICE 20, ECE 20, ICE 60, ICE 43;ICE:198;24;4
497089;598255;Karlsruhe Hbf;Offenburg;24;28;32;0;36.06;ICE 12, ICE 20, ICE 43, ECE 20, ICE 60, ICE 45;ICE:238;24;4
517455;640892;Köln Hbf;Dortmund Hbf;69;73;76;0;9.87;ICE 43, ICE 42, ICE 91, IC 55, ICE 10;ICE:71, ICE-SPRINTER:29, IC:4;84;-11
513044;582139;Kaiserslautern Hbf;Mannheim Hbf;37;38;43;0;10.84;ICE 82, ICE 62, ICE 60, ICE 15, ICE 3;ICE:63;24;14
180380;513044;Saarbrücken Hbf;Kaiserslautern Hbf;36;36;42;0;10.81;ICE 82, ICE 62, ICE 60, ICE 15, ICE 3;ICE:62;24;12
391201;613345;Berlin Südkreuz;Berlin Hbf;4;4;5;0;152.94;ICE 11, ICE 10, ICE 19, ICE 29, ICE 28, ICE 15;ICE:638, ICE-SPRINTER:112;24;-20
446591;613345;Berlin-Spandau;Berlin Hbf;7;8;11;0;84.9;ICE 10, ICE 12, ICE 19, ICE 77, ICE 3, ICE 13;ICE:429, ICE-SPRINTER:32, IC:1;24;-16
446591;93866;Berlin-Spandau;Hannover Hbf;81;82;86;0;36.61;ICE 19, ICE 77, ICE 14;ICE:165, ICE-SPRINTER:17;84;-2
476721;93866;Wuppertal Hbf;Hannover Hbf;142;147;149;1;5.06;ICE 19;ICE:58;144;3
391201;53188;Berlin Südkreuz;Leipzig Hbf;66;66;69;1;41.26;ICE 11, ICE 28, ICE 18, ICE 91;ICE:216, ICE-SPRINTER:11;54;12
306204;53188;Jena Paradies;Leipzig Hbf;64;64;66;1;5.61;IC 61, ICE 18;IC:26, ICE:21;54;10
306204;431744;Jena Paradies;Bamberg;114;114;121;3;5.74;IC 61, ICE 18;IC:27, ICE:23;114;0
431744;99055;Bamberg;Nürnberg Hbf;32;35;36;0;25.81;ICE 28, ICE 18, IC 61, ICE 25, ICE 1, ICE 41;ICE:94, IC:27, ICE-SPRINTER:7;24;11
456179;99055;Augsburg Hbf;Nürnberg Hbf;62;68;73;0;12.45;ICE 18, ICE 29, ICE 25, ICE 91, ICE 41, ICE 28;ICE:93, ICE-SPRINTER:8;54;14
668361;99055;Stuttgart Hbf;Nürnberg Hbf;105;128;131;0;17.65;IC 61, ICE 6;IC:93, ICE-SPRINTER:3;114;14
497089;668361;Karlsruhe Hbf;Stuttgart Hbf;36;40;54;0;19.55;IC 61, ICE 60, ICE 83, IC 60;IC:73, ICE:49;54;-14
396514;428519;Hamburg-Altona;Hamburg Hbf;9;11;12;0;56.32;ICE 42, ICE 43, ICE 28, ICE 18, ICE 1, ICE 4;ICE:242, ICE-SPRINTER:79, IC:4;24;-13
325703;622042;Münster(Westf)Hbf;Oberhausen Hbf;50;54;58;0;22.29;IC 35, ICE 43, ICE 42, ICE 33, ICE 62;ICE:71, IC:44, ICE-SPRINTER:16;54;0
622042;691821;Oberhausen Hbf;Düsseldorf Hbf;20;20;21;0;0.71;ICE 42, ICE 33, ICE 91;ICE:15;24;-4
635340;668361;Heidelberg Hbf;Stuttgart Hbf;39;39;47;0;21.77;ICE 62, ICE 42, ICE 11, ICE 22, IC 55, ICE 13;ICE:175, IC:18;24;15
176697;216930;Frankfurt(Main)Hbf;Fulda;54;54;55;0;32.52;ICE 11, ICE 50, ICE 13;ICE:151, ICE-SPRINTER:13;54;0
216930;416646;Fulda;Erfurt Hbf;72;75;77;1;34.0;ICE 11, ICE 50;ICE:192, ICE-SPRINTER:10;84;-9
416646;53188;Erfurt Hbf;Leipzig Hbf;36;38;40;0;60.26;ICE 11, ICE 28, ICE 50, ICE 91, ICE 18, ICE 51;ICE:279, ICE-SPRINTER:11;24;14
224643;53188;Dresden Hbf;Leipzig Hbf;60;67;69;1;33.03;IC 55, ICE 50, ICE 51, IC 56;IC:98, ICE:52;54;13
446029;613345;Stralsund Hbf;Berlin Hbf;153;159;163;2;9.65;ICE 15, ICE 13;ICE:51;144;15
391201;531677;Berlin Südkreuz;Halle(Saale)Hbf;58;60;63;0;46.45;ICE 29, ICE 15, ICE 11, ICE 18, ICE 82, ICE 28;ICE:85, ICE-SPRINTER:73;54;6
416646;531677;Erfurt Hbf;Halle(Saale)Hbf;27;27;30;0;46.55;ICE 29, ICE 15, ICE 11, ICE 18, ICE 82, ICE 50;ICE:86, ICE-SPRINTER:76;24;3
176697;416646;Frankfurt(Main)Hbf;Erfurt Hbf;125;126;126;0;12.81;ICE 15, ICE 11, ICE 82;ICE:61, ICE-SPRINTER:10;114;12
446591;85219;Berlin-Spandau;Wolfsburg Hbf;50;52;53;0;67.58;ICE 10, ICE 12, ICE 13, ICE 14;ICE:342, ICE-SPRINTER:27;54;-2
337616;85219;Braunschweig Hbf;Wolfsburg Hbf;16;16;17;0;30.87;ICE 12, ICE 13, ICE 10;ICE:138, ICE-SPRINTER:23;24;-8
180320;337616;Hildesheim Hbf;Braunschweig Hbf;21;21;22;0;32.45;ICE 12, ICE 13;ICE:154, ICE-SPRINTER:23;24;-3
168530;180320;Göttingen;Hildesheim Hbf;27;27;29;0;32.48;ICE 12, ICE 13;ICE:155, ICE-SPRINTER:23;24;3
19112;216930;Kassel-Wilhelmshöhe;Fulda;28;30;30;0;62.71;ICE 25, ICE 12, ICE 13, ICE 22;ICE:368, ICE-SPRINTER:27;24;6
216930;576155;Fulda;Hanau Hbf;37;40;41;0;21.06;ICE 12, ICE 13, ICE 22;ICE:137, ICE-SPRINTER:13;54;-14
99055;9941;Nürnberg Hbf;München Hbf;65;71;73;0;71.16;ICE 41, ICE 25, ICE 28, ICE 29;ICE:277, ICE-SPRINTER:36;84;-13
38672;576155;Frankfurt(M) Flughafen Fernbf;Hanau Hbf;18;18;29;0;8.55;ICE 41, ICE 12, ICE 13, ICE 1;ICE:96, ICE-SPRINTER:8;24;-6
428519;613345;Hamburg Hbf;Berlin Hbf;107;107;120;0;32.77;ICE 28, ICE 11, ICE 18, ICE 91, ICE 27;ICE:129, ICE-SPRINTER:5;114;-7
428519;659783;Hamburg Hbf;Kiel Hbf;67;67;69;1;9.13;ICE 22, ICE 28;ICE:73;54;13
58038;93866;Lüneburg;Hannover Hbf;49;49;53;0;28.32;ICE 25, ICE 24;ICE:172;54;-5
216930;631640;Fulda;Würzburg Hbf;30;32;32;0;31.0;ICE 25;ICE:206;24;8
482842;631640;Ingolstadt Hbf;Würzburg Hbf;96;108;115;0;2.52;ICE 25;ICE:33;114;-6
482842;9941;Ingolstadt Hbf;München Hbf;33;40;44;0;42.29;ICE 25, ICE 41, ICE 29;ICE:218, ICE-SPRINTER:25;54;-14
428519;58038;Hamburg Hbf;Lüneburg;19;24;27;0;32.0;ICE 25, ICE 20, ICE 22, ICE 24, IC 57, ICE 33;ICE:163, ICE-SPRINTER:11, IC:4;24;0
482842;99055;Ingolstadt Hbf;Nürnberg Hbf;26;28;31;0;39.74;ICE 25, ICE 41, ICE 29;ICE:185, ICE-SPRINTER:24;24;4
416646;99055;Erfurt Hbf;Nürnberg Hbf;68;68;68;0;35.97;ICE 29, ICE 91;ICE-SPRINTER:64, ICE:23;54;14
639669;93866;Osnabrück Hbf;Hannover Hbf;67;67;68;0;18.0;ICE 77, ICE 14;ICE:70;54;13
576155;582139;Hanau Hbf;Mannheim Hbf;51;53;58;1;3.35;ICE 12;ICE:34;54;-1
85219;93866;Wolfsburg Hbf;Hannover Hbf;30;31;35;0;51.35;ICE 10, ICE 12, ICE 14;ICE:288, ICE-SPRINTER:4;24;7
216930;582139;Fulda;Mannheim Hbf;101;101;101;1;2.19;ICE 11;ICE:41;114;-13
58038;621690;Lüneburg;Uelzen;14;14;15;0;8.87;ICE 25, ICE 20, ICE 22, IC 57, ICE 33;ICE:49, ICE-SPRINTER:7, IC:4;24;-10
621690;93866;Uelzen;Hannover Hbf;37;38;39;0;16.84;ICE 20, ECE 20, ICE 33;ICE:118, ICE-SPRINTER:8;24;14
38672;95437;Frankfurt(M) Flughafen Fernbf;Köln Messe/Deutz;47;48;49;0;20.45;ICE 47, ICE 41, ICE 62, ICE 42;ICE:144;54;-6
351643;464794;Schwerin Hbf;Magdeburg Hbf;117;117;118;3;3.81;IC 57;IC:8;114;3
157968;351643;Rostock Hbf;Schwerin Hbf;47;49;51;0;17.23;ICE 33, ICE 25, IC 57, ICE 1;ICE:48, IC:8;54;-5
576155;635340;Hanau Hbf;Heidelberg Hbf;57;69;72;1;1.03;ICE 13, ICE 12;ICE:16;54;15
267257;549058;Essen Hbf;Duisburg Hbf;10;11;12;0;22.52;ICE 10, ICE 42, ICE 47, ICE 43, ICE 41, ICE 62;ICE:194, ICE-SPRINTER:13, IC:5;24;-13
267257;640892;Essen Hbf;Dortmund Hbf;20;21;23;0;20.94;ICE 10, ICE 42, ICE 47, ICE 14, ICE 41, ICE 43;ICE:181, ICE-SPRINTER:12, IC:1;24;-3
267162;640892;Hamm(Westf)Hbf;Dortmund Hbf;14;15;18;0;54.61;ICE 10, IC 55, ICE 42, ICE 14, IC 51, ICE 19;ICE:233, IC:70, ICE-SPRINTER:36;24;-9
267162;588749;Hamm(Westf)Hbf;Bielefeld Hbf;25;25;28;0;61.03;ICE 10, IC 55, ICE 14, ICE 19;ICE:239, IC:61;24;1
588749;93866;Bielefeld Hbf;Hannover Hbf;49;49;52;0;73.13;ICE 10, IC 55, ICE 19, ICE 14;ICE:250, IC:78, ICE-SPRINTER:17;54;-5
351643;428519;Schwerin Hbf;Hamburg Hbf;54;55;55;0;9.71;ICE 33, ICE 25, ICE 1;ICE:27;54;1
157968;446029;Rostock Hbf;Stralsund Hbf;51;52;52;1;10.81;ICE 33, IC 17, ICE 17;ICE:36, IC:2;54;-2
38672;87362;Frankfurt(M) Flughafen Fernbf;Wiesbaden Hbf;33;33;33;0;1.45;ICE 50;ICE:19;24;9
497089;635340;Karlsruhe Hbf;Heidelberg Hbf;27;28;35;0;8.32;IC 55, ICE 13, ICE 26, ICE 20, ICE 12;ICE:39, IC:21;24;4
267162;325703;Hamm(Westf)Hbf;Münster(Westf)Hbf;18;19;19;0;1.84;ICE 42;ICE-SPRINTER:37, ICE:1;24;-5
267162;476721;Hamm(Westf)Hbf;Wuppertal Hbf;45;45;47;1;14.81;ICE 10, IC 55, ICE 42;ICE:71, IC:1;54;-9
267162;93866;Hamm(Westf)Hbf;Hannover Hbf;105;105;118;0;2.9;ICE 10, ICE 77;ICE:64;114;-9
176337;87362;Mainz Hbf;Wiesbaden Hbf;9;9;10;0;4.52;ICE 20, ICE 45, ICE 11;ICE:27;24;-15
157968;224643;Rostock Hbf;Dresden Hbf;240;242;247;7;9.87;IC 17;IC:21;234;8
253250;582139;Ulm Hbf;Mannheim Hbf;86;90;91;1;15.77;ICE 47, ICE 62, ICE 60;ICE:132;84;6
337616;464794;Braunschweig Hbf;Magdeburg Hbf;43;44;44;0;26.23;IC 55, IC 56, ICE 10, ICE 12;IC:135, ICE:11;54;-10
337616;93866;Braunschweig Hbf;Hannover Hbf;31;31;32;0;27.94;IC 55, IC 56, ICE 10;IC:135, ICE:28;24;7
216930;497089;Fulda;Karlsruhe Hbf;139;139;148;4;1.9;ICE 13;ICE:20;144;-5
19112;582139;Kassel-Wilhelmshöhe;Mannheim Hbf;125;126;128;0;5.94;ICE 22, ICE 20, ECE 20;ICE:89;114;12
428519;621690;Hamburg Hbf;Uelzen;37;38;39;0;16.87;ICE 20, ECE 20, ICE 22;ICE:125, ICE-SPRINTER:1;24;14
243815;621690;Celle;Uelzen;19;20;22;0;7.68;ICE 25, ICE 22, ICE 20, ICE 33;ICE:56;24;-4
168530;631640;Göttingen;Würzburg Hbf;134;160;166;0;1.81;ICE 25;ICE:26;174;-14
224643;391201;Dresden Hbf;Berlin Südkreuz;87;87;107;1;0.87;ICE 27;ICE:4;84;3
640892;95437;Dortmund Hbf;Köln Messe/Deutz;67;70;78;1;2.94;ICE 41, ICE 62, ICE 42, ICE 43;ICE:28;84;-14
176697;631640;Frankfurt(Main)Hbf;Würzburg Hbf;65;66;67;0;24.9;ICE 41;ICE:131;54;12
416646;431744;Erfurt Hbf;Bamberg;36;40;41;0;19.03;ICE 28, ICE 18;ICE:59, ICE-SPRINTER:7;54;-14
216930;38672;Fulda;Frankfurt(M) Flughafen Fernbf;64;64;64;1;5.03;ICE 13;ICE-SPRINTER:14, ICE:2;54;10
243815;58038;Celle;Lüneburg;18;34;34;0;1.94;ICE 22;ICE:10, ICE-SPRINTER:4;24;10
224643;446029;Dresden Hbf;Stralsund Hbf;288;288;303;5;0.48;IC 17;IC:5;294;-6
476721;691821;Wuppertal Hbf;Düsseldorf Hbf;15;19;22;0;0.94;ICE 10, ICE 42, ICE 41, IC 55, ICE 43, ICE 91;ICE:13, ICE-SPRINTER:6, IC:2;24;-5
19112;416646;Kassel-Wilhelmshöhe;Erfurt Hbf;76;79;98;0;7.42;IC 51, ICE 51;IC:12, ICE:8;84;-5
19112;640892;Kassel-Wilhelmshöhe;Dortmund Hbf;128;128;132;4;1.81;ICE 51;ICE:4;114;14
253250;497089;Ulm Hbf;Karlsruhe Hbf;88;88;92;3;2.74;ICE 60;ICE:20;84;4
464794;621690;Magdeburg Hbf;Uelzen;88;88;89;2;1.23;IC 57;IC:4;84;4
613345;85219;Berlin Hbf;Wolfsburg Hbf;65;65;66;0;13.97;ICE 10, ICE 12;ICE:81;54;11
640892;691821;Dortmund Hbf;Düsseldorf Hbf;42;45;55;0;4.48;ICE 91, ICE 10, IC 55, ICE 41;ICE:52, IC:4;54;-9
464794;613345;Magdeburg Hbf;Berlin Hbf;89;89;93;0;1.03;ICE 10, ICE 12, IC 17;ICE:17, IC:1;84;5
325703;549058;Münster(Westf)Hbf;Duisburg Hbf;62;62;67;0;6.29;ICE 43, ICE 42, ICE 33, IC 35;ICE:32, ICE-SPRINTER:3, IC:1;54;8
517455;95437;Köln Hbf;Köln Messe/Deutz;3;3;3;0;0.65;ICE 42;ICE-SPRINTER:8;24;-21
176337;176697;Mainz Hbf;Frankfurt(Main)Hbf;30;30;31;0;0.39;IC 55, ICE 20, ICE 42;IC:2, ICE:2, ICE-SPRINTER:1;24;6
428519;93866;Hamburg Hbf;Hannover Hbf;75;75;77;0;5.32;ICE 4, ICE 22, ICE 25, ICE 24, ICE 20;ICE-SPRINTER:27, ICE:24;84;-9
436294;640892;Bonn Hbf;Dortmund Hbf;101;111;121;1;0.77;ICE 91, IC 55;ICE:9, IC:2;114;-3
19112;267162;Kassel-Wilhelmshöhe;Hamm(Westf)Hbf;108;108;108;4;4.0;IC 51, ICE 51;IC:10, ICE:4;114;-6
337616;613345;Braunschweig Hbf;Berlin Hbf;120;133;137;0;1.23;ICE 10, ICE 12;ICE:20;144;-11
19112;38672;Kassel-Wilhelmshöhe;Frankfurt(M) Flughafen Fernbf;87;87;106;0;0.48;ICE 20;ICE:6, ICE-SPRINTER:1;84;3
267257;691821;Essen Hbf;Düsseldorf Hbf;24;25;26;0;2.71;ICE 33, ICE 14, ICE 41, ICE 91;ICE:19;24;1
176697;93866;Frankfurt(Main)Hbf;Hannover Hbf;134;134;135;0;3.23;ICE 4;ICE-SPRINTER:27;144;-10
476721;588749;Wuppertal Hbf;Bielefeld Hbf;70;70;71;0;10.45;ICE 19;ICE-SPRINTER:17, ICE:9;84;-14
588749;640892;Bielefeld Hbf;Dortmund Hbf;50;50;50;1;1.58;IC 55, ICE 10;IC:17, ICE:1;54;-4
351643;58038;Schwerin Hbf;Lüneburg;93;93;96;2;1.16;ICE 25, ICE 33;ICE:6;84;9
446591;464794;Berlin-Spandau;Magdeburg Hbf;81;85;93;0;1.74;IC 56, ICE 19, IC 17;IC:10, ICE:1;84;1
168530;216930;Göttingen;Fulda;83;83;87;0;1.61;ICE 12, ICE 25;ICE:18, ICE-SPRINTER:3;84;-1
613345;93866;Berlin Hbf;Hannover Hbf;94;94;156;0;0.71;ICE 10, ICE 19;ICE:9;84;10
325703;691821;Münster(Westf)Hbf;Düsseldorf Hbf;86;86;89;0;0.39;ICE 43, ICE 42, IC 35;ICE-SPRINTER:3, IC:1, ICE:1;84;2
38672;416646;Frankfurt(M) Flughafen Fernbf;Erfurt Hbf;161;161;166;0;0.61;ICE 11;ICE:17;174;-13
216930;635340;Fulda;Heidelberg Hbf;115;115;115;4;4.55;ICE 13;ICE:19;114;1
176697;446591;Frankfurt(Main)Hbf;Berlin-Spandau;223;223;224;0;2.42;ICE 3;ICE-SPRINTER:11, ICE:3;234;-11
351643;477761;Schwerin Hbf;Bremen Hbf;130;130;131;2;1.16;ICE 33;ICE:8;144;-14
428519;622042;Hamburg Hbf;Oberhausen Hbf;171;171;171;1;0.55;ICE 1;ICE:2;174;-3
497089;576155;Karlsruhe Hbf;Hanau Hbf;97;97;108;4;0.55;ICE 13;ICE:7;84;13
22625;549058;Aachen Hbf;Duisburg Hbf;85;85;85;7;1.13;ICE 14;ICE:4;84;1
631640;93866;Würzburg Hbf;Hannover Hbf;116;116;116;0;1.0;ICE 24;ICE:5;114;2
456179;631640;Augsburg Hbf;Würzburg Hbf;109;109;116;0;2.26;ICE 24, ICE 25;ICE:15;114;-5
428519;549058;Hamburg Hbf;Duisburg Hbf;173;175;175;0;2.52;ICE 1;ICE:18;174;1
310614;396514;Flensburg;Hamburg-Altona;101;101;112;0;0.48;ECE 27;ICE:2;114;-13
19112;631640;Kassel-Wilhelmshöhe;Würzburg Hbf;63;63;63;0;1.0;ICE 24;ICE:4;54;9
19112;93866;Kassel-Wilhelmshöhe;Hannover Hbf;55;55;55;0;1.0;ICE 24;ICE:4;54;1
517455;87362;Köln Hbf;Wiesbaden Hbf;59;59;61;2;1.32;ICE 45;ICE:5;54;5
176697;87362;Frankfurt(Main)Hbf;Wiesbaden Hbf;34;34;47;0;0.39;ICE 45;ICE:3;24;10
391201;99055;Berlin Südkreuz;Nürnberg Hbf;155;155;155;0;2.0;ICE 6;ICE-SPRINTER:3;144;11
325703;517455;Münster(Westf)Hbf;Köln Hbf;110;110;142;0;0.42;ICE 43, ICE 42, ICE 10;ICE-SPRINTER:4, ICE:4;114;-4
549058;95437;Duisburg Hbf;Köln Messe/Deutz;92;92;92;0;0.45;ICE 47;ICE:2;84;8
273099;87362;Siegburg/Bonn;Wiesbaden Hbf;56;56;60;2;1.35;ICE 45;ICE:4;54;2
22625;267257;Aachen Hbf;Essen Hbf;98;98;98;7;0.45;ICE 14;ICE:1;84;14
