linie_key;gattung;nummer;produkt;betreiber;bezeichnung;laufweg;halte_typisch;fahrten_tag;fahrten_tag_sprinter;fahrzeit_min;km_luftlinie;vschnitt;endpunkt_a;endpunkt_b
ICE 1;ICE;1;ICE;DB Fernverkehr AG;Nürnberg Hbf – Hamburg-Altona;Nürnberg Hbf > Würzburg Hbf > Hanau Hbf > Frankfurt(Main)Hbf > Frankfurt(M) Flughafen Fernbf > Mainz Hbf > Koblenz Hbf > Bonn Hbf > Köln Hbf > Düsseldorf Hbf > Duisburg Hbf > Gelsenkirchen Hbf > Hamburg Hbf > Hamburg-Altona;14;4.29;0.0;513;750.4;87.8;Nürnberg Hbf;Hamburg-Altona
ICE 43;ICE;43;ICE;DB Fernverkehr AG;Hamburg-Altona – Basel SBB;Hamburg-Altona > Hamburg Dammtor > Hamburg Hbf > Hamburg-Harburg > Bremen Hbf > Osnabrück Hbf > Münster(Westf)Hbf > Gelsenkirchen Hbf > Oberhausen Hbf > Duisburg Hbf > Düsseldorf Hbf > Köln Hbf > Frankfurt(M) Flughafen Fernbf > Mannheim Hbf > Karlsruhe Hbf > Baden-Baden > Freiburg(Breisgau) Hbf > Basel Bad Bf > Basel SBB;19;20.0;4.0;502;839.1;100.3;Hamburg-Altona;Basel SBB
IC 56;IC;56;IC;DB Fernverkehr AG;Leipzig Hbf – Emden Hbf;Leipzig Hbf > Halle(Saale)Hbf > Köthen > Magdeburg Hbf > Helmstedt > Braunschweig Hbf > Hannover Hbf > Nienburg(Weser) > Verden(Aller) > Bremen Hbf > Delmenhorst > Hude > Oldenburg(Oldb)Hbf > Bad Zwischenahn > Westerstede-Ocholt > Augustfehn > Leer(Ostfriesl) > Emden Hbf;18;18.06;0.0;356;469.8;79.2;Leipzig Hbf;Emden Hbf
ICE 78;ICE;78;ICE;DB Fernverkehr AG;Frankfurt(Main)Hbf – Arnhem Centraal;Frankfurt(Main)Hbf > Frankfurt(M) Flughafen Fernbf > Siegburg/Bonn > Köln Hbf > Düsseldorf Hbf > Duisburg Hbf > Oberhausen Hbf > Emmerich(Gr) > Arnhem Centraal;9;13.0;0.0;172;310.4;108.3;Frankfurt(Main)Hbf;Arnhem Centraal
EC 95;EC;95;IC;DB Fernverkehr AG;Berlin Gesundbrunnen – Rzepin;Berlin Gesundbrunnen > Berlin-Lichtenberg > Frankfurt(Oder) > Frankfurt(Oder)(Gr) > Rzepin;5;34.71;0.0;83;101.3;73.2;Berlin Gesundbrunnen;Rzepin
ECE 88;ECE;88;ICE;DB Fernverkehr AG;Lindau-Reutin – München Hbf;Lindau-Reutin > Memmingen > Buchloe > München Hbf;4;10.26;0.0;131;163.5;74.9;Lindau-Reutin;München Hbf
ECE (Dänische Staatsbahnen);ECE;;ICE;Dänische Staatsbahnen;Padborg st – Koebenhavn H;Padborg st > Kolding st > Odense st > Ringsted st > Koebenhavn H;5;9.55;0.0;168;276.4;98.7;Padborg st;Koebenhavn H
ICE (ÖBB);ICE;;ICE;ÖBB;Graz Hbf – Salzburg Hbf;Graz Hbf > Weststeiermark > St. Paul im Lavanttal > Klagenfurt Hbf > Velden am Wörther See > Villach Hbf > Spittal-Millstätter See > Mallnitz-Obervellach > Bad Gastein > Schwarzach-St.Veit > St. Johann im Pongau > Bischofshofen > Golling-Abtenau > Salzburg Hbf;14;12.61;0.0;230;305.4;79.7;Graz Hbf;Salzburg Hbf
ICE 55;ICE;55;ICE;DB Fernverkehr AG;Köln Hbf – Stuttgart Hbf;Köln Hbf > Bonn Hbf > Koblenz Hbf > Mainz Hbf > Mannheim Hbf > Heidelberg Hbf > Vaihingen(Enz) > Stuttgart Hbf;8;2.0;0.0;238;298.0;75.1;Köln Hbf;Stuttgart Hbf
EC (SBB);EC;;IC;SBB;St. Margrethen SG – Zürich HB;St. Margrethen SG > St. Gallen(CH) > Winterthur > Zürich Flughafen > Zürich HB;5;16.71;0.0;78;91.3;70.2;St. Margrethen SG;Zürich HB
ICE 79;ICE;79;ICE;DB Fernverkehr AG;Bruxelles Midi – Frankfurt(Main)Hbf;Bruxelles Midi > Bruxelles-Nord > Liège-Guillemins > Aachen Süd(Gr) > Aachen Hbf > Köln Hbf > Frankfurt(M) Flughafen Fernbf > Frankfurt(Main)Hbf;8;18.58;0.0;182;356.7;117.6;Bruxelles Midi;Frankfurt(Main)Hbf
ICE 42;ICE;42;ICE;DB Fernverkehr AG;Hamburg-Altona – München Hbf;Hamburg-Altona > Hamburg Dammtor > Hamburg Hbf > Hamburg-Harburg > Bremen Hbf > Osnabrück Hbf > Münster(Westf)Hbf > Dortmund Hbf > Hagen Hbf > Wuppertal Hbf > Solingen Hbf > Köln Hbf > Frankfurt(M) Flughafen Fernbf > Mannheim Hbf > Stuttgart Hbf > Ulm Hbf > Augsburg Hbf > München-Pasing > München Hbf;19;22.97;3.0;543;888.6;98.2;Hamburg-Altona;München Hbf
ICE 26;ICE;26;ICE;DB Fernverkehr AG;Hannover Hbf – Bremen Hbf;Hannover Hbf > Bremen Hbf;2;7.52;0.0;60;100.4;100.4;Hannover Hbf;Bremen Hbf
IC (PKP Intercity);IC;;IC;PKP Intercity;Wroclaw Glowny – Swinoujscie;Wroclaw Glowny > Brzeg Dolny > Wolow > Scinawa > Glogow > Nowa Sol > Zielona Gora Glowna > Rzepin > Kostrzyn > Mieszkowice > Chojna > Gryfino > Szczecin Glowny > Szczecin Dabie > Goleniow > Wysoka Kamienska > Miedzyzdroje > Swinoujscie;18;15.87;0.0;340;432.7;76.4;Wroclaw Glowny;Swinoujscie
IC (SBB);IC;;IC;SBB;Schaffhausen – Zürich HB;Schaffhausen > Zürich HB;2;31.0;0.0;36;36.3;60.5;Schaffhausen;Zürich HB
ICE (SBB);ICE;;ICE;SBB;Zürich HB – Basel SBB;Zürich HB > Basel SBB;2;21.61;0.0;53;73.9;83.7;Zürich HB;Basel SBB
ICE 33;ICE;33;ICE;DB Fernverkehr AG;Hamburg-Altona – Ostseebad Binz;Hamburg-Altona > Hamburg Hbf > Schwerin Hbf > Bützow > Rostock Hbf > Ribnitz-Damgarten West > Velgast > Stralsund Hbf > Bergen auf Rügen > Ostseebad Binz;10;13.48;0.0;228;277.1;72.9;Hamburg-Altona;Ostseebad Binz
ICE 22;ICE;22;ICE;DB Fernverkehr AG;Stuttgart Hbf – Hamburg Hbf;Stuttgart Hbf > Mannheim Hbf > Frankfurt(Main)Hbf > Kassel-Wilhelmshöhe > Göttingen > Hannover Hbf > Celle > Hamburg Hbf;8;19.68;0.9;307;583.5;114.0;Stuttgart Hbf;Hamburg Hbf
ICE 91;ICE;91;ICE;DB Fernverkehr AG;Nürnberg Hbf – Dortmund Hbf;Nürnberg Hbf > Würzburg Hbf > Hanau Hbf > Frankfurt(Main)Hbf > Frankfurt(M) Flughafen Fernbf > Mainz Hbf > Koblenz Hbf > Bonn Hbf > Köln Hbf > Düsseldorf Hbf > Duisburg Hbf > Oberhausen Hbf > Gelsenkirchen Hbf > Herne-Wanne-Eickel Hbf > Dortmund Hbf;15;15.81;0.29;364;471.4;77.7;Nürnberg Hbf;Dortmund Hbf
ICE 82;ICE;82;ICE;DB Fernverkehr AG;Saarbrücken Hbf – Frankfurt(Main)Hbf;Saarbrücken Hbf > Kaiserslautern Hbf > Mannheim Hbf > Frankfurt(Main)Hbf;4;20.87;4.58;124;182.3;88.2;Saarbrücken Hbf;Frankfurt(Main)Hbf
ICE 19;ICE;19;ICE;DB Fernverkehr AG;Köln Hbf – Berlin Südkreuz;Köln Hbf > Wuppertal Hbf > Hagen Hbf > Bielefeld Hbf > Hannover Hbf > Berlin-Spandau > Berlin Hbf > Berlin Südkreuz;8;15.94;8.19;260;509.5;117.6;Köln Hbf;Berlin Südkreuz
ICE 18;ICE;18;ICE;DB Fernverkehr AG;Berlin Hbf – Hamburg-Altona;Berlin Hbf > Wittenberge > Ludwigslust > Büchen > Hamburg Hbf > Hamburg-Altona;6;20.74;0.06;136;267.7;118.1;Berlin Hbf;Hamburg-Altona
IC 61;IC;61;IC;DB Fernverkehr AG;Nürnberg Hbf – Karlsruhe Hbf;Nürnberg Hbf > Ansbach > Crailsheim > Ellwangen > Aalen Hbf > Schwäbisch Gmünd > Stuttgart Hbf > Vaihingen(Enz) > Mühlacker > Pforzheim Hbf > Karlsruhe Hbf;11;16.19;0.0;193;252.2;78.4;Nürnberg Hbf;Karlsruhe Hbf
ICE 50;ICE;50;ICE;DB Fernverkehr AG;Frankfurt(M) Flughafen Fernbf – Dresden Hbf;Frankfurt(M) Flughafen Fernbf > Frankfurt(Main)Hbf > Fulda > Bad Hersfeld > Eisenach Hbf > Gotha > Erfurt Hbf > Leipzig Hbf > Dresden-Neustadt > Dresden Hbf;10;17.0;0.06;283;431.8;91.5;Frankfurt(M) Flughafen Fernbf;Dresden Hbf
EN (MAV);EN;;SONSTIGE;MAV;Salzburg Hbf – Budapest-Keleti;Salzburg Hbf > Linz/Donau Hbf > St.Pölten Hbf > Wien Meidling > Wien Hbf > Hegyeshalom(Gr) > Hegyeshalom > Mosonmagyarovar > Györ > Tatabanya > Budapest-Kelenföld > Budapest-Keleti;12;8.0;0.0;339;484.5;85.8;Salzburg Hbf;Budapest-Keleti
ICE 15;ICE;15;ICE;DB Fernverkehr AG;Frankfurt(Main)Hbf – Berlin Gesundbrunnen;Frankfurt(Main)Hbf > Erfurt Hbf > Halle(Saale)Hbf > Berlin Südkreuz > Berlin Hbf > Berlin Gesundbrunnen;6;12.03;2.55;241;434.4;108.1;Frankfurt(Main)Hbf;Berlin Gesundbrunnen
EC 96;EC;96;IC;DB Fernverkehr AG;Rzepin – Berlin-Lichtenberg;Rzepin > Frankfurt(Oder)(Gr) > Frankfurt(Oder) > Berlin-Lichtenberg;4;12.0;0.0;79;92.9;70.6;Rzepin;Berlin-Lichtenberg
ICE 12;ICE;12;ICE;DB Fernverkehr AG;Basel SBB – Berlin Hbf;Basel SBB > Basel Bad Bf > Freiburg(Breisgau) Hbf > Offenburg > Karlsruhe Hbf > Mannheim Hbf > Frankfurt(Main)Hbf > Hanau Hbf > Fulda > Kassel-Wilhelmshöhe > Göttingen > Hildesheim Hbf > Braunschweig Hbf > Wolfsburg Hbf > Berlin-Spandau > Berlin Hbf;16;22.19;0.68;438;829.5;113.6;Basel SBB;Berlin Hbf
ICE 62;ICE;62;ICE;DB Fernverkehr AG;Frankfurt(Main)Hbf – Stuttgart Hbf;Frankfurt(Main)Hbf > Darmstadt Hbf > Bensheim > Weinheim(Bergstr)Hbf > Heidelberg Hbf > Stuttgart Hbf;6;21.61;0.0;102;156.8;92.2;Frankfurt(Main)Hbf;Stuttgart Hbf
ICE 47;ICE;47;ICE;DB Fernverkehr AG;Essen Hbf – München Hbf;Essen Hbf > Duisburg Hbf > Düsseldorf Hbf > Köln Messe/Deutz > Frankfurt(M) Flughafen Fernbf > Mannheim Hbf > Vaihingen(Enz) > Esslingen(Neckar) > Ulm Hbf > Augsburg Hbf > München Hbf;11;15.35;0.0;367;576.1;94.2;Essen Hbf;München Hbf
ICE 41;ICE;41;ICE;DB Fernverkehr AG;München Hbf – Düsseldorf Hbf;München Hbf > Nürnberg Hbf > Würzburg Hbf > Aschaffenburg Hbf > Frankfurt(Main)Hbf > Frankfurt(M) Flughafen Fernbf > Siegburg/Bonn > Köln Messe/Deutz > Düsseldorf Hbf;9;37.52;0.0;293;530.5;108.6;München Hbf;Düsseldorf Hbf
ICE 11;ICE;11;ICE;DB Fernverkehr AG;Berlin Gesundbrunnen – München Hbf;Berlin Gesundbrunnen > Berlin Hbf > Berlin Südkreuz > Lutherstadt Wittenberg Hbf > Leipzig Hbf > Erfurt Hbf > Eisenach Hbf > Fulda > Frankfurt(Main)Hbf > Mannheim Hbf > Stuttgart Hbf > Ulm Hbf > Augsburg Hbf > München-Pasing > München Hbf;15;22.0;2.0;486;817.7;101.0;Berlin Gesundbrunnen;München Hbf
IC 35;IC;35;IC;DB Fernverkehr AG;Norddeich Mole – Köln Hbf;Norddeich Mole > Norddeich > Norden > Emden Hbf > Leer(Ostfriesl) > Papenburg(Ems) > Meppen > Lingen(Ems) > Rheine > Münster(Westf)Hbf > Recklinghausen Hbf > Herne-Wanne-Eickel Hbf > Gelsenkirchen Hbf > Oberhausen Hbf > Duisburg Hbf > Düsseldorf Hbf > Köln Hbf;17;12.61;0.0;263;344.8;78.7;Norddeich Mole;Köln Hbf
EC 62;EC;62;IC;DB Fernverkehr AG;München Hbf – Salzburg Hbf;München Hbf > Rosenheim > Traunstein > Freilassing > Salzburg Hbf;5;8.0;0.0;103;123.0;71.7;München Hbf;Salzburg Hbf
ICE 25;ICE;25;ICE;DB Fernverkehr AG;München Hbf – Hamburg Hbf;München Hbf > Ingolstadt Hbf > Nürnberg Hbf > Würzburg Hbf > Fulda > Kassel-Wilhelmshöhe > Göttingen > Hannover Hbf > Lüneburg > Hamburg-Harburg > Hamburg Hbf;11;34.48;0.0;351;703.3;120.2;München Hbf;Hamburg Hbf
ICE 29;ICE;29;ICE;DB Fernverkehr AG;München Hbf – Berlin Gesundbrunnen;München Hbf > Ingolstadt Hbf > Nürnberg Hbf > Erfurt Hbf > Halle(Saale)Hbf > Berlin Südkreuz > Berlin Hbf > Berlin Gesundbrunnen;8;32.0;30.87;254;560.6;132.4;München Hbf;Berlin Gesundbrunnen
ICE 77;ICE;77;ICE;DB Fernverkehr AG;Berlin Südkreuz – Hengelo;Berlin Südkreuz > Berlin Hbf > Berlin-Spandau > Hannover Hbf > Bünde(Westf) > Osnabrück Hbf > Rheine > Bad Bentheim > Bad Bentheim(Gr) > Hengelo;10;16.0;0.0;241;456.9;113.8;Berlin Südkreuz;Hengelo
ICE (Nederlandse Spoorwegen);ICE;;ICE;Nederlandse Spoorwegen;Arnhem Centraal – Amsterdam Centraal;Arnhem Centraal > Utrecht Centraal > Amsterdam Centraal;3;28.81;0.0;61;90.6;89.1;Arnhem Centraal;Amsterdam Centraal
ICE 45;ICE;45;ICE;DB Fernverkehr AG;Köln Hbf – Stuttgart Hbf;Köln Hbf > Siegburg/Bonn > Montabaur > Limburg Süd > Wiesbaden Hbf > Mainz Hbf > Mannheim Hbf > Stuttgart Hbf;8;3.03;0.0;183;299.9;98.3;Köln Hbf;Stuttgart Hbf
EC (ÖBB);EC;;IC;ÖBB;Lindau-Reutin – St. Margrethen SG;Lindau-Reutin > Bregenz > St. Margrethen SG;3;19.58;0.0;17;15.5;54.7;Lindau-Reutin;St. Margrethen SG
IC 87;IC;87;IC;DB Fernverkehr AG;Singen(Hohentwiel) – Schaffhausen;Singen(Hohentwiel) > Schaffhausen;2;39.55;0.0;13;17.0;78.5;Singen(Hohentwiel);Schaffhausen
ICE 83;ICE;83;ICE;DB Fernverkehr AG;Strasbourg – Paris Est;Strasbourg > Paris Est;2;7.23;0.0;103;395.5;230.4;Strasbourg;Paris Est
ICE 20;ICE;20;ICE;DB Fernverkehr AG;Basel SBB – Hamburg Hbf;Basel SBB > Basel Bad Bf > Freiburg(Breisgau) Hbf > Offenburg > Karlsruhe Hbf > Mannheim Hbf > Frankfurt(Main)Hbf > Kassel-Wilhelmshöhe > Göttingen > Hannover Hbf > Uelzen > Hamburg Hbf;12;14.1;1.16;403;740.0;110.2;Basel SBB;Hamburg Hbf
ICE 60;ICE;60;ICE;DB Fernverkehr AG;Karlsruhe Hbf – München Hbf;Karlsruhe Hbf > Bruchsal > Stuttgart Hbf > Ulm Hbf > Augsburg Hbf > München-Pasing > München Hbf;7;11.9;0.0;164;273.1;99.9;Karlsruhe Hbf;München Hbf
IC 57;IC;57;IC;DB Fernverkehr AG;Leipzig Hbf – Rostock Hbf;Leipzig Hbf > Halle(Saale)Hbf > Köthen > Magdeburg Hbf > Stendal Hbf > Wittenberge > Ludwigslust > Schwerin Hbf > Bad Kleinen > Bützow > Rostock Hbf;11;5.23;0.0;254;364.2;86.0;Leipzig Hbf;Rostock Hbf
ICE 13;ICE;13;ICE;DB Fernverkehr AG;Frankfurt(M) Flughafen Fernbf – Berlin-Charlottenburg;Frankfurt(M) Flughafen Fernbf > Frankfurt(Main)Süd > Fulda > Kassel-Wilhelmshöhe > Göttingen > Hildesheim Hbf > Braunschweig Hbf > Wolfsburg Hbf > Stendal Hbf > Berlin-Spandau > Berlin-Charlottenburg;11;17.0;5.55;262;534.0;122.3;Frankfurt(M) Flughafen Fernbf;Berlin-Charlottenburg
IC 55;IC;55;IC;DB Fernverkehr AG;Magdeburg Hbf – Dresden Hbf;Magdeburg Hbf > Köthen > Halle(Saale)Hbf > Leipzig/Halle Flughafen > Leipzig Hbf > Riesa > Dresden-Neustadt > Dresden Hbf;8;27.32;0.0;157;218.4;83.5;Magdeburg Hbf;Dresden Hbf
ICE 10;ICE;10;ICE;DB Fernverkehr AG;Berlin Hbf – Köln Hbf;Berlin Hbf > Berlin-Spandau > Wolfsburg Hbf > Hannover Hbf > Bielefeld Hbf > Hamm(Westf)Hbf > Hagen Hbf > Wuppertal Hbf > Köln Hbf;9;51.71;0.0;275;505.1;110.2;Berlin Hbf;Köln Hbf
RJ (MAV);RJ;;SONSTIGE;MAV;Sturovo – Budapest-Nyugati;Sturovo > Szob(Gr) > Szob > Nagymaros-Visegrad > Vac > Budapest-Nyugati;6;1.68;0.0;71;65.8;55.6;Sturovo;Budapest-Nyugati
IC 17;IC;17;IC;DB Fernverkehr AG;Dresden Hbf – Rostock Hbf;Dresden Hbf > Dresden-Neustadt > Elsterwerda > Flughafen BER > Berlin Ostkreuz > Oranienburg > Neustrelitz Hbf > Waren(Müritz) > Rostock Hbf;9;14.32;0.0;242;368.9;91.5;Dresden Hbf;Rostock Hbf
ICE 24;ICE;24;ICE;DB Fernverkehr AG;Frankfurt(Main)Hbf – Westerland(Sylt);Frankfurt(Main)Hbf > Friedberg(Hess) > Gießen > Marburg(Lahn) > Treysa > Wabern(Bz Kassel) > Kassel-Wilhelmshöhe > Göttingen > Hannover Hbf > Lüneburg > Hamburg Hbf > Itzehoe > Heide(Holst) > Husum > Niebüll > Westerland(Sylt);16;4.0;0.0;492;645.9;78.8;Frankfurt(Main)Hbf;Westerland(Sylt)
ECE 75;ECE;75;ICE;DB Fernverkehr AG;Hamburg Hbf – Padborg st;Hamburg Hbf > Schleswig > Flensburg(Gr) > Padborg st;4;9.55;0.0;120;147.5;73.8;Hamburg Hbf;Padborg st
ICE 27;ICE;27;ICE;DB Fernverkehr AG;Dresden Hbf – Berlin Gesundbrunnen;Dresden Hbf > Dresden-Neustadt > Berlin Südkreuz > Berlin Hbf > Berlin Gesundbrunnen;5;3.0;0.0;116;170.2;88.0;Dresden Hbf;Berlin Gesundbrunnen
ICE 28;ICE;28;ICE;DB Fernverkehr AG;Hamburg-Altona – München Hbf;Hamburg-Altona > Hamburg Dammtor > Hamburg Hbf > Berlin Hbf > Berlin Südkreuz > Lutherstadt Wittenberg Hbf > Bitterfeld > Leipzig Hbf > Erfurt Hbf > Bamberg > Erlangen > Nürnberg Hbf > München Hbf;13;20.65;1.0;411;836.7;122.1;Hamburg-Altona;München Hbf
IC (Dänische Staatsbahnen);IC;;IC;Dänische Staatsbahnen;Fredericia st – Flensburg;Fredericia st > Kolding st > Lunderskov st > Vamdrup st > Vojens st > Roedekro st > Tinglev st > Padborg st > Flensburg(Gr) > Flensburg;10;17.61;0.0;83;112.7;81.5;Fredericia st;Flensburg
EN (BahnTouristikExpress);EN;;SONSTIGE;BahnTouristikExpress;Stockholm Central – Berlin Gesundbrunnen;Stockholm Central > Norrköping Central > Linköping Central > Nässjö Central > Alvesta station > Hässleholm Central > Lund Central > Koebenhavns Lufthavn st > Padborg st > Flensburg(Gr) > Hamburg Hbf > Berlin Gesundbrunnen;12;0.58;0.0;994;1177.3;71.1;Stockholm Central;Berlin Gesundbrunnen
ICE 16;ICE;16;ICE;DB Fernverkehr AG;Bremen Hbf – Hannover Hbf;Bremen Hbf > Hannover Hbf;2;8.0;0.0;59;100.4;102.1;Bremen Hbf;Hannover Hbf
ECE 20;ECE;20;ICE;DB Fernverkehr AG;Basel SBB – Hamburg Hbf;Basel SBB > Basel Bad Bf > Freiburg(Breisgau) Hbf > Offenburg > Karlsruhe Hbf > Mannheim Hbf > Frankfurt(Main)Hbf > Kassel-Wilhelmshöhe > Göttingen > Hannover Hbf > Uelzen > Hamburg Hbf;12;3.9;0.0;403;740.0;110.2;Basel SBB;Hamburg Hbf
ECE 85;ECE;85;ICE;DB Fernverkehr AG;Basel Bad Bf – Frankfurt(Main)Hbf;Basel Bad Bf > Freiburg(Breisgau) Hbf > Ringsheim/Europa-Park > Karlsruhe Hbf > Mannheim Hbf > Frankfurt(Main)Hbf;6;1.81;0.0;169;299.5;106.3;Basel Bad Bf;Frankfurt(Main)Hbf
ICE 51;ICE;51;ICE;DB Fernverkehr AG;Dresden Hbf – Düsseldorf Hbf;Dresden Hbf > Dresden-Neustadt > Leipzig Hbf > Erfurt Hbf > Kassel-Wilhelmshöhe > Altenbeken > Paderborn Hbf > Lippstadt > Soest > Dortmund Hbf > Bochum Hbf > Essen Hbf > Duisburg Hbf > Düsseldorf Hbf;14;1.94;0.0;402;562.8;84.0;Dresden Hbf;Düsseldorf Hbf
IC (DB Fernverkehr (Codesharing));IC;;IC;DB Fernverkehr (Codesharing);Zürich HB – Basel SBB;Zürich HB > Basel SBB;2;4.35;0.0;53;73.9;83.7;Zürich HB;Basel SBB
EN (PKP Intercity);EN;;SONSTIGE;PKP Intercity;Warszawa Wschodnia – Wien Hbf;Warszawa Wschodnia > Warszawa Centralna > Warszawa Zachodnia > Opoczno Poludnie > Wloszczowa Polnoc > Zawiercie > Dabrowa Gornicza > Sosnowiec Glowny > Katowice > Rybnik(PL) > Chalupki > Bohumin(Gr) > Bohumin > Ostrava hl.n. > Breclav > Breclav(Gr) > Wien Hbf;17;4.0;0.0;584;576.7;59.3;Warszawa Wschodnia;Wien Hbf
EN (ÖBB);EN;;SONSTIGE;ÖBB;Salzburg Hbf – Zagreb Glavni kolodvor;Salzburg Hbf > Schwarzach-St.Veit > Spittal-Millstätter See > Villach Hbf > Jesenice(Gr) > Jesenice(SLO) > Lesce-Bled > Kranj > Ljubljana > Zidani Most > Sevnica > Krsko > Dobova > Dobova(Gr) > Zapresic > Zagreb Glavni kolodvor;16;3.55;0.0;500;355.0;42.6;Salzburg Hbf;Zagreb Glavni kolodvor
ICE 49;ICE;49;ICE;DB Fernverkehr AG;Köln Hbf – Frankfurt(Main)Hbf;Köln Hbf > Siegburg/Bonn > Montabaur > Limburg Süd > Frankfurt(M) Flughafen Fernbf > Frankfurt(Main)Hbf;6;15.03;0.0;80;161.5;121.1;Köln Hbf;Frankfurt(Main)Hbf
RJ (ÖBB);RJ;;SONSTIGE;ÖBB;Kufstein – Innsbruck Hbf;Kufstein > Wörgl Hbf > Jenbach > Innsbruck Hbf;4;10.16;0.0;49;68.7;84.1;Kufstein;Innsbruck Hbf
EC 97;EC;97;IC;DB Fernverkehr AG;Horka(Gr) – Leipzig Hbf;Horka(Gr) > Hoyerswerda > Ruhland > Elsterwerda > Riesa > Leipzig Hbf;6;3.87;0.0;132;193.7;88.0;Horka(Gr);Leipzig Hbf
EC 90;EC;90;IC;DB Fernverkehr AG;Simbach(Inn) – Wien Hbf;Simbach(Inn) > Wels Hbf > Linz/Donau Hbf > St.Pölten Hbf > Wien Meidling > Wien Hbf;6;11.55;0.0;177;254.4;86.2;Simbach(Inn);Wien Hbf
RJ (Ceske Drahy);RJ;;SONSTIGE;Ceske Drahy;Praha hl.n. – Decin hl.n.;Praha hl.n. > Praha-Holesovice > Usti nad Labem hl.n. > Decin hl.n.;4;14.06;0.0;87;87.0;60.0;Praha hl.n.;Decin hl.n.
IC 1;IC;1;IC;SBB;Zürich HB – Bern;Zürich HB > Olten > Bern;3;0.94;0.0;59;104.9;106.7;Zürich HB;Bern
ICE 14;ICE;14;ICE;DB Fernverkehr AG;Berlin-Charlottenburg – Essen Hbf;Berlin-Charlottenburg > Berlin-Spandau > Hannover Hbf > Herford > Bielefeld Hbf > Gütersloh Hbf > Hamm(Westf)Hbf > Dortmund Hbf > Bochum Hbf > Essen Hbf;10;9.1;0.0;237;460.6;116.6;Berlin-Charlottenburg;Essen Hbf
ICE 4;ICE;4;ICE;DB Fernverkehr AG;Hamburg Hbf – Frankfurt(M) Flughafen Regionalbf;Hamburg Hbf > Hannover Hbf > Frankfurt(Main)Hbf > Frankfurt(M) Flughafen Regionalbf;4;3.23;3.23;236;404.3;102.8;Hamburg Hbf;Frankfurt(M) Flughafen Regionalbf
IC (Ceske Drahy);IC;;IC;Ceske Drahy;Breclav – Bohumin(Gr);Breclav > Ostrava hl.n. > Bohumin > Bohumin(Gr);4;4.0;0.0;178;169.3;57.1;Breclav;Bohumin(Gr)
ICE 17;ICE;17;ICE;DB Fernverkehr AG;Stralsund Hbf – Berlin Gesundbrunnen;Stralsund Hbf > Ribnitz-Damgarten West > Rostock Hbf > Waren(Müritz) > Neustrelitz Hbf > Oranienburg > Berlin Gesundbrunnen;7;1.23;0.0;195;265.5;81.7;Stralsund Hbf;Berlin Gesundbrunnen
RJ (Dänische Staatsbahnen);RJ;;SONSTIGE;Dänische Staatsbahnen;Padborg st – Koebenhavn H;Padborg st > Kolding st > Odense st > Ringsted st > Koebenhavn H;5;4.39;0.0;155;276.4;107.0;Padborg st;Koebenhavn H
ICE 3;ICE;3;ICE;DB Fernverkehr AG;Berlin Südkreuz – Frankfurt(M) Flughafen Regionalbf;Berlin Südkreuz > Berlin Hbf > Berlin-Spandau > Frankfurt(Main)Hbf > Frankfurt(M) Flughafen Regionalbf;5;2.42;1.84;268;441.0;98.7;Berlin Südkreuz;Frankfurt(M) Flughafen Regionalbf
EN (Ceske Drahy);EN;;SONSTIGE;Ceske Drahy;Breclav – Sturovo;Breclav > Kuty(Gr) > Kuty > Bratislava hl.st. > Nove Zamky > Sturovo;6;1.0;0.0;151;196.6;78.1;Breclav;Sturovo
EN (HZZP);EN;;SONSTIGE;HZZP;Salzburg Hbf – Zagreb Glavni kolodvor;Salzburg Hbf > Schwarzach-St.Veit > Spittal-Millstätter See > Villach Hbf > Jesenice(Gr) > Jesenice(SLO) > Lesce-Bled > Kranj > Ljubljana > Zidani Most > Sevnica > Krsko > Dobova > Dobova(Gr) > Zapresic > Zagreb Glavni kolodvor;16;2.0;0.0;500;355.0;42.6;Salzburg Hbf;Zagreb Glavni kolodvor
EC 85;EC;85;IC;DB Fernverkehr AG;Basel SBB – Basel Bad Bf;Basel SBB > Basel Bad Bf;2;1.81;0.0;7;2.6;22.3;Basel SBB;Basel Bad Bf
EC (HZZP);EC;;IC;HZZP;Dobova(Gr) – Zagreb Glavni kolodvor;Dobova(Gr) > Zapresic > Zagreb Glavni kolodvor;3;1.0;0.0;23;25.1;65.5;Dobova(Gr);Zagreb Glavni kolodvor
ECE 27;ECE;27;ICE;DB Fernverkehr AG;Flensburg – Hamburg-Altona;Flensburg > Hamburg-Altona;2;0.48;0.0;101;139.7;83.0;Flensburg;Hamburg-Altona
IC 51;IC;51;IC;DB Fernverkehr AG;Dortmund Hbf – Gera Hbf;Dortmund Hbf > Hamm(Westf)Hbf > Soest > Lippstadt > Paderborn Hbf > Altenbeken > Warburg(Westf) > Kassel-Wilhelmshöhe > Eisenach Hbf > Gotha > Erfurt Hbf > Weimar > Jena West > Jena-Göschwitz > Stadtroda > Hermsdorf-Klosterlausnitz > Gera Hbf;17;5.48;0.0;313;378.9;72.6;Dortmund Hbf;Gera Hbf
EC (Ceske Drahy);EC;;IC;Ceske Drahy;Praha hl.n. – Decin hl.n.;Praha hl.n. > Praha-Holesovice > Usti nad Labem hl.n. > Decin hl.n.;4;0.65;0.0;87;87.0;60.0;Praha hl.n.;Decin hl.n.
IC (ÖBB);IC;;IC;ÖBB;Wien Hbf – Breclav;Wien Hbf > Breclav(Gr) > Breclav;3;2.0;0.0;75;73.9;59.1;Wien Hbf;Breclav
ICE 90;ICE;90;ICE;DB Fernverkehr AG;Salzburg Hbf – München Hbf;Salzburg Hbf > Traunstein > Prien am Chiemsee > Rosenheim > München Hbf;5;4.0;0.0;111;122.7;66.3;Salzburg Hbf;München Hbf
IC 60;IC;60;IC;DB Fernverkehr AG;Karlsruhe Hbf – Stuttgart Hbf;Karlsruhe Hbf > Karlsruhe-Durlach > Bruchsal > Stuttgart Hbf;4;0.65;0.0;57;78.4;82.5;Karlsruhe Hbf;Stuttgart Hbf
ICE 6;ICE;6;ICE;DB Fernverkehr AG;Stuttgart Hbf – Berlin Gesundbrunnen;Stuttgart Hbf > Nürnberg Hbf > Berlin Südkreuz > Berlin Hbf > Berlin Gesundbrunnen;5;2.0;2.0;293;538.0;110.2;Stuttgart Hbf;Berlin Gesundbrunnen
RJ (ZSSK);RJ;;SONSTIGE;ZSSK;Sturovo – Decin hl.n.;Sturovo > Nove Zamky > Bratislava hl.st. > Kuty > Kuty(Gr) > Breclav > Brno hl.n. > Pardubice hl.n. > Kolin(CZ) > Praha-Holesovice > Usti nad Labem hl.n. > Decin hl.n.;12;0.84;0.0;442;540.2;73.3;Sturovo;Decin hl.n.
EN (ZSSK);EN;;SONSTIGE;ZSSK;Sturovo – Breclav;Sturovo > Nove Zamky > Bratislava hl.st. > Kuty > Kuty(Gr) > Breclav;6;1.0;0.0;150;196.6;78.6;Sturovo;Breclav
EC (MAV);EC;;IC;MAV;Hegyeshalom(Gr) – Hegyeshalom;Hegyeshalom(Gr) > Hegyeshalom;2;2.0;0.0;3;4.6;92.0;Hegyeshalom(Gr);Hegyeshalom
ICE-Sprinter 1;ICE;1;ICE;DB Fernverkehr AG;Frankfurt(Main)Hbf – Hamburg Hbf;Frankfurt(Main)Hbf > Hannover Hbf > Hamburg Hbf;3;18.0;18.0;214;395.3;110.8;Frankfurt(Main)Hbf;Hamburg Hbf
ICE-Sprinter 2;ICE;2;ICE;DB Fernverkehr AG;Hamburg Hbf – Köln Hbf;Hamburg Hbf > Hamburg-Harburg > Bremen Hbf > Diepholz > Osnabrück Hbf > Münster(Westf)Hbf > Dortmund Hbf > Solingen Hbf > Köln Hbf;9;18.0;18.0;240;373.9;93.5;Hamburg Hbf;Köln Hbf
ICE-Sprinter 3;ICE;3;ICE;DB Fernverkehr AG;Köln Hbf – Berlin Südkreuz;Köln Hbf > Wuppertal Hbf > Hagen Hbf > Bielefeld Hbf > Hannover Hbf > Berlin-Spandau > Berlin Hbf > Berlin Südkreuz;8;18.0;18.0;259;509.5;118.0;Köln Hbf;Berlin Südkreuz
ICE-Sprinter 4;ICE;4;ICE;DB Fernverkehr AG;München Hbf – Berlin Südkreuz;München Hbf > Nürnberg Hbf > Erfurt Hbf > Halle(Saale)Hbf > Berlin Südkreuz;5;18.0;18.0;235;551.5;140.8;München Hbf;Berlin Südkreuz
ICE-Sprinter 5;ICE;5;ICE;DB Fernverkehr AG;Frankfurt(Main)Hbf – Berlin Hbf;Frankfurt(Main)Hbf > Erfurt Hbf > Halle(Saale)Hbf > Berlin Südkreuz > Berlin Hbf;5;18.0;18.0;232;431.4;111.6;Frankfurt(Main)Hbf;Berlin Hbf
ICE-Sprinter 6;ICE;6;ICE;DB Fernverkehr AG;Paris Est – Saarbrücken Hbf;Paris Est > Forbach(fr) > Saarbrücken Hbf;3;18.0;18.0;108;340.8;189.3;Paris Est;Saarbrücken Hbf
ICE-Sprinter 7;ICE;7;ICE;DB Fernverkehr AG;Stuttgart Hbf – Berlin Gesundbrunnen;Stuttgart Hbf > Nürnberg Hbf > Berlin Südkreuz > Berlin Hbf > Berlin Gesundbrunnen;5;18.0;18.0;293;538.0;110.2;Stuttgart Hbf;Berlin Gesundbrunnen
