route_id;short_name;agency_id;gattung;linie;produkt
49;EC;12;EC;;IC
69;EC;2;EC;;IC
14;EC;4;EC;;IC
64;EC;5;EC;;IC
48;EC;7;EC;;IC
41;EC 62;4;EC;62;IC
34;EC 62;8;EC;62;IC
7;EC 85;8;EC;85;IC
74;EC 90;4;EC;90;IC
8;EC 90;8;EC;90;IC
21;EC 95;11;EC;95;IC
82;EC 95;8;EC;95;IC
83;EC 96;11;EC;96;IC
93;EC 96;8;EC;96;IC
65;EC 97;8;EC;97;IC
75;ECE;13;ECE;;ICE
58;ECE 20;8;ECE;20;ICE
35;ECE 27;8;ECE;27;ICE
28;ECE 75;8;ECE;75;ICE
59;ECE 85;8;ECE;85;ICE
94;ECE 88;8;ECE;88;ICE
86;EN;11;EN;;SONSTIGE
43;EN;12;EN;;SONSTIGE
15;EN;2;EN;;SONSTIGE
51;EN;3;EN;;SONSTIGE
52;EN;4;EN;;SONSTIGE
70;EN;5;EN;;SONSTIGE
29;EN;9;EN;;SONSTIGE
60;IC;10;IC;;IC
1;IC;11;IC;;IC
88;IC;13;IC;;IC
30;IC;2;IC;;IC
71;IC;4;IC;;IC
22;IC;7;IC;;IC
56;IC 1;7;IC;1;IC
44;IC 17;8;IC;17;IC
89;IC 35;8;IC;35;IC
76;IC 51;8;IC;51;IC
26;IC 55;8;IC;55;IC
2;IC 56;8;IC;56;IC
27;IC 57;8;IC;57;IC
16;IC 60;8;IC;60;IC
50;IC 61;8;IC;61;IC
9;IC 87;8;IC;87;IC
18;ICE;4;ICE;;ICE
17;ICE;6;ICE;;ICE
72;ICE;7;ICE;;ICE
61;ICE 1;8;ICE;1;ICE
77;ICE 10;8;ICE;10;ICE
31;ICE 11;8;ICE;11;ICE
23;ICE 12;8;ICE;12;ICE
62;ICE 13;8;ICE;13;ICE
63;ICE 14;8;ICE;14;ICE
78;ICE 15;8;ICE;15;ICE
24;ICE 16;8;ICE;16;ICE
95;ICE 17;8;ICE;17;ICE
32;ICE 18;8;ICE;18;ICE
57;ICE 19;8;ICE;19;ICE
10;ICE 20;8;ICE;20;ICE
42;ICE 22;8;ICE;22;ICE
19;ICE 24;8;ICE;24;ICE
45;ICE 25;8;ICE;25;ICE
3;ICE 26;8;ICE;26;ICE
11;ICE 27;8;ICE;27;ICE
38;ICE 28;8;ICE;28;ICE
12;ICE 29;8;ICE;29;ICE
4;ICE 3;8;ICE;3;ICE
67;ICE 33;8;ICE;33;ICE
79;ICE 4;8;ICE;4;ICE
87;ICE 41;8;ICE;41;ICE
33;ICE 42;8;ICE;42;ICE
36;ICE 43;8;ICE;43;ICE
90;ICE 45;8;ICE;45;ICE
53;ICE 47;8;ICE;47;ICE
20;ICE 49;8;ICE;49;ICE
5;ICE 50;8;ICE;50;ICE
39;ICE 51;8;ICE;51;ICE
80;ICE 55;8;ICE;55;ICE
73;ICE 6;8;ICE;6;ICE
46;ICE 60;8;ICE;60;ICE
47;ICE 62;8;ICE;62;ICE
84;ICE 77;8;ICE;77;ICE
40;ICE 78;8;ICE;78;ICE
91;ICE 79;8;ICE;79;ICE
54;ICE 82;1;ICE;82;ICE
37;ICE 82;8;ICE;82;ICE
81;ICE 83;1;ICE;83;ICE
92;ICE 83;8;ICE;83;ICE
66;ICE 90;8;ICE;90;ICE
68;ICE 91;8;ICE;91;ICE
25;RJ;12;RJ;;SONSTIGE
13;RJ;13;RJ;;SONSTIGE
55;RJ;2;RJ;;SONSTIGE
85;RJ;3;RJ;;SONSTIGE
6;RJ;4;RJ;;SONSTIGE
