stop_id;station_id
8404;22625
266325;117544
186535;203191
663772;378725
327435;90097
38726;396218
666884;79866
466949;136937
194761;169559
343596;169559
401900;510360
377471;83632
638504;164260
570823;20335
19421;575362
425672;656913
144382;456179
40159;77452
339060;473292
5195;457953
661113;573454
5433;657659
596600;445830
9743;315898
582791;4872
404651;660675
692005;550478
173068;174282
509007;232153
76729;431744
506680;297876
517631;464157
595803;502136
567318;659606
336357;399757
173957;127712
247605;127712
334465;127712
346355;127712
445510;127712
97214;127712
271405;613345
297640;613345
34566;613345
34803;613345
457232;613345
514519;613345
624886;613345
97466;613345
451802;559973
524079;559973
214355;391201
300562;391201
303322;391201
47284;391201
615897;391201
687476;391201
242533;337692
266092;337692
596113;337692
171434;327376
243919;327376
294918;327376
406390;327376
582950;327376
135979;464720
381656;464720
122847;446591
366624;446591
373518;446591
530616;451103
39822;510671
248852;618056
666421;588749
237704;634086
242603;422140
321163;170193
389788;665705
567603;471931
92673;240005
305039;536697
685271;174196
296978;528353
21594;372447
595906;29588
181800;436294
336515;688966
579670;688966
611831;688966
378482;308105
419685;337616
144110;57233
433583;323161
121093;351575
145639;477761
235047;228347
651304;1001
460524;490386
603154;497711
273085;125560
67426;365415
437328;257676
665752;619269
447561;686926
132655;329478
536951;586577
312253;170179
88805;427667
58857;270995
473231;619325
552680;647905
118352;341519
227043;656759
261259;346025
610805;181656
13589;243815
661491;543923
389024;337329
430538;337692
614412;325087
426105;181141
232528;227595
436923;482440
425244;227637
627929;347970
24674;583614
29897;451640
622508;320394
11710;521333
22138;163849
84844;226858
88393;461066
353904;445070
34407;26993
404991;500697
126977;188622
371049;678907
324590;375141
185700;524679
224183;276714
355514;312777
12094;620787
459449;656122
390596;117449
297152;640892
227921;41860
335966;224643
595805;553920
269140;549058
290885;609947
182930;691821
37864;241671
614659;241671
631407;303933
513421;621598
546596;206566
297908;174282
481598;174282
336726;601951
114737;161450
212300;468143
374748;471479
359446;285026
276798;141674
131469;238156
147723;51519
353337;267257
135985;540195
396181;465461
205488;21642
358654;237547
323382;310614
683035;305446
604470;5734
198644;160045
286756;247025
38225;69606
42363;38672
110532;667068
30995;176697
648507;381506
672302;533867
10254;354957
176279;354957
280168;354957
602749;354957
414270;472499
430218;328829
82426;491201
695453;526634
515639;252148
206591;565892
50408;309229
474341;216930
63949;26389
6988;355878
37320;265080
49586;4795
289189;107964
634211;506051
334675;142762
616168;595938
108617;631605
237026;197934
477697;428469
137089;350796
71206;688618
241428;19646
325515;81166
244607;644690
608854;606270
125947;338037
644072;436196
543484;392849
71196;583035
136465;145252
643052;168530
210277;3558
595196;670154
423499;158073
133858;95739
672554;285647
259789;531677
266911;531677
355664;531677
452198;531677
580575;531677
518715;331094
568246;428519
350233;396514
213267;412729
430579;9066
400006;267162
179973;576155
296367;93866
427720;610794
17737;416646
360246;659783
386540;241671
457630;442631
533478;655579
332556;404628
504602;635340
454381;567911
345361;65847
236603;603461
576101;307913
4284;239328
551111;331895
662052;341575
156677;180320
450296;574035
95167;161542
426300;205890
119658;264321
169399;264321
626810;264321
144458;637838
241769;348071
249684;262513
673253;146906
98805;477894
151305;350746
108581;496137
48108;579889
999;482842
554846;438277
430811;185434
541017;480653
348649;550099
331717;97193
528893;542190
262762;281559
324397;546325
275907;306204
552830;588565
328885;486352
504607;39899
380485;597555
144545;461309
386052;513044
34804;67505
360429;178938
412791;497089
27707;125185
637744;19112
321707;319073
361714;610211
120981;150560
173269;360176
254298;190242
296269;621475
476355;13819
98682;190047
171187;485693
636273;673820
482766;61534
70879;274287
243389;560592
115574;231011
96412;222158
615112;504703
487034;429971
586027;391274
456662;296891
369697;213090
378364;192031
578326;246292
442075;573067
498813;332709
167554;580053
550619;135640
627728;212568
367338;456575
99167;675844
269536;626975
84281;565099
203765;202002
496091;32495
555132;304116
411350;517455
142617;95437
406642;95437
551380;510314
642871;27695
475366;541903
302879;608769
138282;128231
508642;302226
630977;579888
106351;617061
144693;678634
395734;30077
31240;100888
479249;549925
274652;577641
22416;53188
223191;422056
141588;188852
426180;567877
125949;40708
389926;390604
478086;653982
510296;426722
648296;167729
669469;545852
491897;473516
382354;565918
51536;642822
353205;14372
667193;243196
443612;92390
555708;436966
669104;309788
184159;175147
77626;5569
407208;457377
190289;502931
660050;348473
186166;314586
48202;675943
510064;365906
435486;176209
89315;58038
597645;464794
171867;176337
201666;280725
688918;401728
442196;582139
552719;537395
500618;607346
263820;460148
687402;645573
163142;313350
358460;673336
406843;444549
69167;450630
232649;607447
533065;141649
686393;480131
225360;692224
498535;484741
510515;86349
61189;332653
547996;425229
291851;9941
213746;9941
420471;9941
319740;456005
413646;545038
89712;325703
366700;490265
23376;642408
162121;368478
117266;651630
414074;487028
299000;660348
579862;324344
330889;303008
199632;44915
344314;382078
438429;273219
210719;334578
169806;315947
568584;195950
183500;63836
279232;327904
331070;637192
226679;340764
642014;139226
189629;148477
395535;99055
228469;622042
666729;430638
444977;398625
620195;64889
8633;556763
225420;111314
220829;598255
564933;83956
423333;149885
306935;402204
26614;99034
133029;247162
232390;684148
12585;591256
553059;591256
515734;639669
19589;644167
41832;565766
617965;552264
192351;222222
495683;368193
600451;152171
627285;499625
201876;351181
349546;335130
156520;544415
284642;634943
667945;412609
606246;155586
388094;693694
531162;693694
575892;693694
351903;464435
556355;653775
399014;17941
660100;578733
302736;596419
549631;596419
193123;551798
603137;279667
275157;401361
225105;419752
244897;325540
193527;110363
282908;133722
54978;663551
593594;575544
395636;612371
366978;48467
447867;300981
688120;440288
363396;90261
538408;296331
47428;256667
560819;354436
41370;598868
380506;16971
268925;290554
299639;192145
166978;468296
221025;463735
17118;311786
172365;262116
230395;123366
468508;157968
213953;241020
459674;630295
659985;309710
109173;89065
490102;89065
486420;270382
570553;42071
160490;187569
216678;671861
629068;329216
209292;180380
411555;180380
555352;180380
682384;180380
529414;695368
428718;419171
124684;72217
234744;556408
139393;10831
524825;371540
15691;447324
242902;351643
300423;632424
142269;603166
347109;65970
312342;189221
494717;528753
385624;273099
52134;329086
668404;552402
511020;679686
137911;543734
410597;665711
477249;437604
526240;517030
320792;695219
239350;165995
488445;295467
246031;446591
64470;112969
652867;98544
118929;115202
80160;382856
249266;611513
63895;8389
74770;228870
134152;502892
695055;63619
86849;32934
327744;610549
422356;190878
674298;652315
211459;329017
242975;329017
466283;329017
50361;329017
76354;329017
90594;329017
575883;478341
679667;446029
54435;412384
100684;269485
1917;668361
131856;581912
353089;548973
567467;3332
30989;469977
509422;402680
530547;49031
386474;31176
202486;23816
248563;235276
79675;83946
625983;251903
427364;45002
432428;374452
218466;510956
200546;25598
295183;215972
117166;683842
502232;274821
683851;607310
198060;19534
67896;266187
104189;492332
192199;621690
111936;253250
101114;604565
464485;24890
161845;82096
437311;424397
417005;446184
215113;333235
526984;300365
494211;532185
521429;482951
299353;584165
468415;118412
28602;207594
437583;260588
377871;291712
211844;451103
388852;679270
155725;355645
90955;129801
142156;644330
207425;39653
661248;692027
460261;359711
568749;649755
567283;116047
42075;517967
669071;194868
165568;659092
509799;135002
623018;157156
336258;468987
685745;403644
518011;190482
29712;135333
368830;321940
352016;197616
402121;87362
295542;458602
236051;468938
16082;232153
610824;232153
396795;344531
124328;580296
286717;85219
297260;451231
141666;312313
425508;380319
75967;371953
437958;476721
569549;624762
593789;32069
417405;631640
305206;68632
150530;440759
301085;540755
605615;568518
477043;142048
62527;503214
628741;58792
413270;242764
289876;106125
635851;254321
602421;370112
95858;141628
534732;374368
471335;96724
436514;641311
327570;265473
