stop_id;name;parent;lat;lon;location_type;platform
8404;Aachen Hbf;22625;50.7678;6.091499;;
117544;Aachen Süd(Gr);;50.731915;6.04541;1;
266325;Aachen Süd(Gr);117544;50.731915;6.04541;;
22625;Aachen, Hbf;;50.7678;6.091499;1;
186535;Aalen Hbf;203191;48.841015;10.096271;;
203191;Aalen, Hauptbahnhof;;48.841045;10.09604;1;
378725;Altenbeken;;51.766094;8.943016;1;
663772;Altenbeken;378725;51.766434;8.943319;;
90097;Alvesta station;;56.89848;14.556882;1;
327435;Alvesta station;90097;56.89848;14.556882;;
396218;Amersfoort Centraal;;52.153465;5.373909;1;
38726;Amersfoort Centraal;396218;52.153465;5.373909;;
79866;Amsterdam Centraal;;52.37919;4.899431;1;
666884;Amsterdam Centraal;79866;52.37919;4.899431;;
466949;Andernach;136937;50.434544;7.404839;;
136937;Andernach Bahnhof;;50.434532;7.404822;1;
194761;Angermünde;169559;53.01574;13.995672;;5
343596;Angermünde;169559;53.015793;13.995908;;3
169559;Angermünde, Bahnhof;;53.015823;13.995871;1;
510360;Anklam;;53.855984;13.701563;1;
401900;Anklam;510360;53.856102;13.701827;;
83632;Ansbach;;49.29803;10.578246;1;
377471;Ansbach;83632;49.29803;10.578239;;
164260;Antwerpen Centraal;;51.215813;4.421168;1;
638504;Antwerpen Centraal;164260;51.215813;4.421168;;
20335;Apeldoorn;;52.20943;5.968491;1;
570823;Apeldoorn;20335;52.20943;5.968491;;
575362;Arnhem Centraal;;51.98478;5.901003;1;
19421;Arnhem Centraal;575362;51.98478;5.901003;;
656913;Aschaffenburg Hbf;;49.980556;9.1437;1;
425672;Aschaffenburg Hbf;656913;49.980556;9.143697;;
456179;Augsburg Hbf;;48.36544;10.885569;1;
144382;Augsburg Hbf;456179;48.36544;10.88557;;
77452;Augustfehn;;53.220894;7.759677;1;
40159;Augustfehn;77452;53.22089;7.759659;;
339060;Bad Bentheim;473292;52.30985;7.158539;;
473292;Bad Bentheim Bahnhof;;52.30953;7.158788;1;
457953;Bad Bentheim(Gr);;52.3091;7.04016;1;
5195;Bad Bentheim(Gr);457953;52.3091;7.04016;;
573454;Bad Gastein;;47.11178;13.131924;1;
661113;Bad Gastein;573454;47.11178;13.131924;;
657659;Bad Hersfeld;;50.869766;9.716581;1;
5433;Bad Hersfeld;657659;50.869766;9.716581;;
445830;Bad Hofgastein;;47.195343;13.100503;1;
596600;Bad Hofgastein;445830;47.195343;13.100503;;
9743;Bad Kleinen;315898;53.766975;11.466925;;
315898;Bad Kleinen Bahnhof;;53.76746;11.466429;1;
582791;Bad Oeynhausen;4872;52.2054;8.796523;;
4872;Bad Oeynhausen, Bf/ZOB;;52.205353;8.79916;1;
660675;Bad Zwischenahn;;53.182568;8.002996;1;
404651;Bad Zwischenahn;660675;53.18255;8.003123;;
550478;Baden-Baden;;48.7902;8.191036;1;
692005;Baden-Baden;550478;48.790325;8.190831;;
173068;Bahnhof, Elsterwerda;174282;51.46012;13.51666;;1
509007;Bahnhof, Wittenberge;232153;53.004498;11.762504;;4
431744;Bamberg;;49.90076;10.899484;1;
76729;Bamberg;431744;49.90076;10.899489;;
297876;Basel Bad Bf;;47.567287;7.607805;1;
506680;Basel Bad Bf;297876;47.567287;7.607805;;
464157;Basel SBB;;47.547413;7.589563;1;
517631;Basel SBB;464157;47.547413;7.589563;;
502136;Bebra;;50.969566;9.797788;1;
595803;Bebra;502136;50.969566;9.797788;;
567318;Bensheim;659606;49.681328;8.616717;;
659606;Bensheim, Bahnhof;;49.68095;8.616766;1;
399757;Bergen Bahnhof;;54.420822;13.418737;1;
336357;Bergen auf Rügen;399757;54.4205;13.417821;;
173957;Berlin Gesundbrunnen;127712;52.548794;13.3904;;6
247605;Berlin Gesundbrunnen;127712;52.548485;13.390691;;9
334465;Berlin Gesundbrunnen;127712;52.548386;13.390704;;10
346355;Berlin Gesundbrunnen;127712;52.548573;13.390519;;8
445510;Berlin Gesundbrunnen;127712;52.548885;13.39039;;5
97214;Berlin Gesundbrunnen;127712;52.54869;13.390501;;7
271405;Berlin Hbf;613345;52.525223;13.369887;;8
297640;Berlin Hbf;613345;52.525097;13.369321;;4
34566;Berlin Hbf;613345;52.524998;13.369061;;2
34803;Berlin Hbf;613345;52.525143;13.369612;;6
457232;Berlin Hbf;613345;52.52496;13.368911;;1
514519;Berlin Hbf;613345;52.52519;13.369752;;7
624886;Berlin Hbf;613345;52.52511;13.369472;;5
97466;Berlin Hbf;613345;52.52506;13.369167;;3
451802;Berlin Ostkreuz;559973;52.503067;13.469961;;14
524079;Berlin Ostkreuz;559973;52.503128;13.469622;;13
214355;Berlin Südkreuz;391201;52.475887;13.365455;;4
300562;Berlin Südkreuz;391201;52.475685;13.365454;;5
303322;Berlin Südkreuz;391201;52.475407;13.365754;;8
47284;Berlin Südkreuz;391201;52.475925;13.365291;;3
615897;Berlin Südkreuz;391201;52.47565;13.365612;;6
687476;Berlin Südkreuz;391201;52.475433;13.365603;;7
242533;Berlin-Charlottenburg;337692;52.504032;13.301903;;1
266092;Berlin-Charlottenburg;337692;52.504097;13.301861;;2
596113;Berlin-Charlottenburg;337692;52.50424;13.301782;;4
171434;Berlin-Lichtenberg;327376;52.510277;13.497433;;15
243919;Berlin-Lichtenberg;327376;52.51037;13.497302;;16
294918;Berlin-Lichtenberg;327376;52.510124;13.496304;;21
406390;Berlin-Lichtenberg;327376;52.510216;13.496164;;22
582950;Berlin-Lichtenberg;327376;52.51009;13.496357;;20
135979;Berlin-Schöneweide;464720;52.45469;13.509638;;2
381656;Berlin-Schöneweide;464720;52.45462;13.509517;;1
122847;Berlin-Spandau;446591;52.534542;13.197124;;5
366624;Berlin-Spandau;446591;52.5346;13.197163;;4
373518;Berlin-Spandau;446591;52.534485;13.1971;;6
530616;Berlin-Wannsee;451103;52.42135;13.180446;;6
510671;Bern;;46.948833;7.439131;1;
39822;Bern;510671;46.948833;7.439131;;
618056;Biberach ZOB/Bahnhof;;48.10193;9.79311;1;
248852;Biberach(Riß);618056;48.101845;9.793127;;
588749;Bielefeld Hbf;;52.028954;8.533268;1;
666421;Bielefeld Hbf;588749;52.029263;8.532722;;
237704;Bingen(Rhein) Hbf;634086;49.968727;7.884263;;
634086;Bingen, Hauptbahnhof;;49.96874;7.883543;1;
422140;Bischofshofen;;47.41786;13.219888;1;
242603;Bischofshofen;422140;47.41786;13.219888;;
170193;Bitterfeld;;51.62286;12.31685;1;
321163;Bitterfeld;170193;51.62286;12.31685;;
665705;Bludenz;;47.154724;9.814564;1;
389788;Bludenz;665705;47.154724;9.814564;;
471931;Bochnia;;49.9773;20.430775;1;
567603;Bochnia;471931;49.9773;20.430775;;
240005;Bochum Hbf;;51.479465;7.223335;1;
92673;Bochum Hbf;240005;51.478607;7.223275;;
536697;Bohumin;;49.90073;18.359444;1;
305039;Bohumin;536697;49.90073;18.359444;;
174196;Bohumin(Gr);;49.916576;18.322226;1;
685271;Bohumin(Gr);174196;49.916576;18.322226;;
528353;Bohusovice nad Ohri;;50.491306;14.149456;1;
296978;Bohusovice nad Ohri;528353;50.491306;14.149456;;
372447;Boleslawiec;;51.266155;15.568923;1;
21594;Boleslawiec;372447;51.266155;15.568923;;
29588;Bondorf;;48.52327;8.827879;1;
595906;Bondorf(b Herrenberg);29588;48.523552;8.827662;;
436294;Bonn Hbf;;50.732006;7.097131;1;
181800;Bonn Hbf;436294;50.73332;7.095235;;
336515;Brandenburg Hbf;688966;52.40043;12.565258;;1
579670;Brandenburg Hbf;688966;52.400276;12.565075;;2
611831;Brandenburg Hbf;688966;52.40021;12.565134;;3
688966;Brandenburg, Hauptbahnhof;;52.400795;12.566036;1;
308105;Bratislava hl.st.;;48.15891;17.106466;1;
378482;Bratislava hl.st.;308105;48.15891;17.106466;;
419685;Braunschweig Hbf;337616;52.253967;10.538819;;
337616;Braunschweig, Hauptbahnhof/Viewegs Garten;;52.254;10.538873;1;
57233;Breclav;;48.7539;16.893236;1;
144110;Breclav;57233;48.7539;16.893236;;
323161;Breclav(Gr);;48.71265;16.86837;1;
433583;Breclav(Gr);323161;48.71265;16.86837;;
351575;Bregenz;;47.503002;9.739627;1;
121093;Bregenz;351575;47.503002;9.739627;;
477761;Bremen Hbf;;53.083256;8.813857;1;
145639;Bremen Hbf;477761;53.08348;8.813834;;
228347;Brig;;46.319424;7.988095;1;
235047;Brig;228347;46.319424;7.988095;;
1001;Brno hl.n.;;49.19054;16.612774;1;
651304;Brno hl.n.;1001;49.19054;16.612774;;
490386;Bruchsal;;49.124924;8.590347;1;
460524;Bruchsal;490386;49.124622;8.589649;;
497711;Bruck/Mur;;47.41388;15.279491;1;
603154;Bruck/Mur;497711;47.41388;15.279491;;
125560;Brugge;;51.196934;3.217081;1;
273085;Brugge;125560;51.196934;3.217081;;
365415;Brussels Airport - Zaventem;;50.89784;4.483525;1;
67426;Brussels Airport - Zaventem;365415;50.89784;4.483525;;
257676;Bruxelles Midi;;50.835377;4.335694;1;
437328;Bruxelles Midi;257676;50.835377;4.335694;;
619269;Bruxelles-Nord;;50.860237;4.361454;1;
665752;Bruxelles-Nord;619269;50.860237;4.361454;;
686926;Brzeg;;50.85297;17.471178;1;
447561;Brzeg;686926;50.85297;17.471178;;
329478;Brzeg Dolny;;51.266193;16.726768;1;
132655;Brzeg Dolny;329478;51.266193;16.726768;;
586577;Brzesko Okocim;;49.986397;20.6103;1;
536951;Brzesko Okocim;586577;49.986397;20.6103;;
170179;Buchloe;;48.033722;10.716219;1;
312253;Buchloe;170179;48.033722;10.716217;;
427667;Budapest-Kelenföld;;47.464355;19.020456;1;
88805;Budapest-Kelenföld;427667;47.464355;19.020456;;
270995;Budapest-Keleti;;47.50038;19.085072;1;
58857;Budapest-Keleti;270995;47.50038;19.085072;;
619325;Budapest-Nyugati;;47.510708;19.057467;1;
473231;Budapest-Nyugati;619325;47.510708;19.057467;;
647905;Bydgoszcz Glowna;;53.135113;17.991636;1;
552680;Bydgoszcz Glowna;647905;53.135113;17.991636;;
341519;Böblingen;;48.687847;9.004533;1;
118352;Böblingen;341519;48.68776;9.004128;;
227043;Büchen;656759;53.47497;10.623298;;
656759;Büchen, Büchen;;53.47663;10.620934;1;
261259;Bünde(Westf);346025;52.202076;8.573876;;
346025;Bünde, Bahnhof / ZOB;;52.20198;8.574518;1;
610805;Bützow;181656;53.837112;11.998194;;
181656;Bützow Bahnhof;;53.837006;11.997513;1;
13589;Celle;243815;52.620457;10.062468;;
243815;Celle Bahnhof;;52.62053;10.063212;1;
543923;Ceska Trebova;;49.897324;16.446808;1;
661491;Ceska Trebova;543923;49.897324;16.446808;;
337329;Chalupki;;49.925476;18.311562;1;
389024;Chalupki;337329;49.925476;18.311562;;
430538;Charlottenburg Bahnhof Stuttgarter Pl., Berlin;337692;52.504173;13.301819;;3
325087;Chelm;;51.141197;23.494036;1;
614412;Chelm;325087;51.141197;23.494036;;
181141;Chelm Miasto;;51.138405;23.459185;1;
426105;Chelm Miasto;181141;51.138405;23.459185;;
232528;Chemnitz Hbf;227595;50.839695;12.930877;;
227595;Chemnitz, Hauptbahnhof;;50.83963;12.930692;1;
482440;Chojna;;52.963406;14.443931;1;
436923;Chojna;482440;52.963406;14.443931;;
227637;Chojnow;;51.277657;15.937051;1;
425244;Chojnow;227637;51.277657;15.937051;;
347970;Choszczno;;53.16528;15.403792;1;
627929;Choszczno;347970;53.16528;15.403792;;
583614;Chur;;46.853085;9.528938;1;
24674;Chur;583614;46.853085;9.528938;;
451640;Coburg;;50.262924;10.957326;1;
29897;Coburg;451640;50.262928;10.957328;;
622508;Crailsheim;320394;49.13787;10.064326;;
320394;Crailsheim Bahnhof;;49.137913;10.06432;1;
609947;D-Flughafen Bf;;51.29158;6.787041;1;
521333;Dabrowa Gornicza;;50.330173;19.185452;1;
11710;Dabrowa Gornicza;521333;50.330173;19.185452;;
163849;Dabrowa Gornicza Zabkowice;;50.366478;19.264442;1;
22138;Dabrowa Gornicza Zabkowice;163849;50.366478;19.264442;;
226858;Darmstadt Hauptbahnhof;;49.87194;8.631148;1;
84844;Darmstadt Hbf;226858;49.8725;8.629636;;
461066;Debica;;50.054417;21.405565;1;
88393;Debica;461066;50.054417;21.405565;;
445070;Deblin;;51.577408;21.834736;1;
353904;Deblin;445070;51.577408;21.834736;;
26993;Decin hl.n.;;50.773376;14.20096;1;
34407;Decin hl.n.;26993;50.773415;14.201247;;
500697;Delmenhorst;;53.05278;8.629879;1;
404991;Delmenhorst;500697;53.05279;8.629758;;
188622;Dessau Hbf;;51.839867;12.234945;1;
126977;Dessau Hbf;188622;51.839867;12.234945;;
678907;Deventer;;52.257435;6.160506;1;
371049;Deventer;678907;52.257435;6.160506;;
375141;Diepholz;;52.6046;8.380249;1;
324590;Diepholz;375141;52.60477;8.380334;;
524679;Dobiegniew;;52.968422;15.746908;1;
185700;Dobiegniew;524679;52.968422;15.746908;;
276714;Dobova;;45.89839;15.655178;1;
224183;Dobova;276714;45.89839;15.655178;;
312777;Dobova(Gr);;45.890633;15.680238;1;
355514;Dobova(Gr);312777;45.890633;15.680238;;
12094;Donaueschingen;620787;47.9479;8.498788;;
620787;Donaueschingen Bahnhof;;47.947872;8.499141;1;
656122;Donauwörth;;48.714024;10.771447;1;
459449;Donauwörth;656122;48.714027;10.771443;;
117449;Dorfgastein;;47.238487;13.103074;1;
390596;Dorfgastein;117449;47.238487;13.103074;;
640892;Dortmund Hbf;;51.517197;7.459475;1;
297152;Dortmund Hbf;640892;51.517895;7.45929;;
41860;Dortmund Scharnhorst Bf;;51.538452;7.537602;1;
227921;Dortmund-Scharnhorst;41860;51.538372;7.536564;;
553920;Dresden Bahnhof Neustadt;;51.065426;13.740882;1;
224643;Dresden Hauptbahnhof;;51.03993;13.732932;1;
335966;Dresden Hbf;224643;51.04056;13.732035;;
595805;Dresden-Neustadt;553920;51.0659;13.740701;;
549058;Duisburg Hbf;;51.430454;6.774528;1;
269140;Duisburg Hbf;549058;51.429787;6.775903;;
290885;Düsseldorf Flughafen;609947;51.292007;6.786836;;
691821;Düsseldorf Hbf;;51.220253;6.792997;1;
182930;Düsseldorf Hbf;691821;51.219963;6.794319;;
37864;Eberswalde Hbf;241671;52.833805;13.796755;;4
614659;Eberswalde Hbf;241671;52.83376;13.796866;;3
241671;Eberswalde, Hauptbahnhof;;52.833683;13.79695;1;
303933;Eichenberg;;51.374825;9.921482;1;
631407;Eichenberg;303933;51.374825;9.921482;;
621598;Eisenach Hbf;;50.976894;10.331974;1;
513421;Eisenach Hbf;621598;50.97692;10.331986;;
546596;Ellwangen;206566;48.964123;10.129681;;
206566;Ellwangen, Bahnhof;;48.964535;10.129762;1;
297908;Elsterwerda;174282;51.45942;13.516226;;3
481598;Elsterwerda;174282;51.459404;13.516305;;2
174282;Elsterwerda, Bahnhof;;51.459805;13.516412;1;
336726;Emden Außenhafen;601951;53.344467;7.186179;;
114737;Emden Hbf;161450;53.369038;7.195176;;
601951;Emden(Ostfriesl) Außenhafen;;53.343895;7.186002;1;
161450;Emden(Ostfriesl) Hbf;;53.36925;7.195502;1;
212300;Emmerich;468143;51.834175;6.25648;;
468143;Emmerich Bahnhof;;51.8338;6.254951;1;
471479;Emmerich(Gr);;51.901196;6.137652;1;
374748;Emmerich(Gr);471479;51.901196;6.137652;;
359446;Engen;285026;47.856346;8.772786;;
285026;Engen Bahnhof;;47.856163;8.772669;1;
416646;Erfurt, Hauptbahnhof;;50.972057;11.037305;1;
276798;Ergenzingen;141674;48.489532;8.809857;;
141674;Ergenzingen Bahnhof;;48.489594;8.809949;1;
238156;Erkelenz;;51.076595;6.321634;1;
131469;Erkelenz;238156;51.076595;6.321634;;
51519;Erlangen;;49.595825;11.00164;1;
147723;Erlangen;51519;49.59583;11.001638;;
267257;Essen Hbf;;51.449734;7.012213;1;
353337;Essen Hbf;267257;51.451355;7.014793;;
540195;Esslingen (N);;48.73854;9.300582;1;
135985;Esslingen(Neckar);540195;48.738544;9.300522;;
396181;Eutingen im Gäu;465461;48.479954;8.782236;;
465461;Eutingen im Gäu Bahnhof;;48.47976;8.78237;1;
21642;Feldkirch;;47.24098;9.604102;1;
205488;Feldkirch;21642;47.24098;9.604102;;
237547;Fieberbrunn;;47.49114;12.528944;1;
358654;Fieberbrunn;237547;47.49114;12.528944;;
310614;Flensburg;;54.77409;9.436726;1;
323382;Flensburg;310614;54.77404;9.436526;;
305446;Flensburg [Grenze];;54.814842;9.36324;1;
683035;Flensburg(Gr);305446;54.814842;9.36324;;
5734;Flughafen BER;;52.364605;13.509874;1;
604470;Flughafen BER;5734;52.364063;13.509307;;1
541903;Flughafen Köln/Bonn Bf;;50.878902;7.119292;1;
160045;Flughafen Wien;;48.120823;16.562828;1;
198644;Flughafen Wien;160045;48.120823;16.562828;;
247025;Forbach(F);;49.189217;6.900258;1;
286756;Forbach(F);247025;49.189217;6.900258;;
69606;Forbach(fr);;49.21409;6.944314;1;
38225;Forbach(fr);69606;49.21409;6.944314;;
38672;Frankfurt (Main) Flughafen Fernbahnhof;;50.053055;8.570224;1;
667068;Frankfurt (Main) Flughafen Regionalbahnhof;;50.051205;8.571427;1;
176697;Frankfurt (Main) Hauptbahnhof;;50.106815;8.662661;1;
381506;Frankfurt (Main) Südbahnhof;;50.09933;8.686446;1;
533867;Frankfurt (Main) Westbahnhof;;50.119164;8.639821;1;
354957;Frankfurt (Oder), Bahnhof;;52.336708;14.547147;1;
42363;Frankfurt(M) Flughafen Fernbf;38672;50.053165;8.570185;;
110532;Frankfurt(M) Flughafen Regionalbf;667068;50.05122;8.571251;;
30995;Frankfurt(Main)Hbf;176697;50.10668;8.662828;;
648507;Frankfurt(Main)Süd;381506;50.099365;8.686457;;
672302;Frankfurt(Main)West;533867;50.1193;8.639395;;
10254;Frankfurt(Oder);354957;52.336605;14.546146;;10
176279;Frankfurt(Oder);354957;52.336517;14.545882;;12
280168;Frankfurt(Oder);354957;52.336643;14.54624;;9
602749;Frankfurt(Oder);354957;52.336563;14.545988;;11
472499;Frankfurt(Oder)(Gr);;52.321175;14.576403;1;
414270;Frankfurt(Oder)(Gr);472499;52.321175;14.576403;;
328829;Fredericia st;;55.56809;9.738813;1;
430218;Fredericia st;328829;55.56809;9.738813;;
82426;Freiberg(Sachs);491201;50.908726;13.344141;;
491201;Freiberg, Bahnhof;;50.90936;13.342219;1;
526634;Freiburg Hauptbahnhof;;47.99746;7.840954;1;
695453;Freiburg, Hauptbahnhof;526634;47.996544;7.840532;;
252148;Freilassing;;47.836914;12.977197;1;
515639;Freilassing;252148;47.836918;12.977193;;
565892;Friedberg (Hessen) Bahnhof;;50.33275;8.76125;1;
206591;Friedberg(Hess);565892;50.332607;8.762056;;
309229;Friedrichsh. Stadtbahnhof;;47.653057;9.473426;1;
50408;Friedrichshafen Stadt;309229;47.653225;9.4739;;
474341;Fulda;216930;50.554905;9.684169;;
216930;Fulda Bahnhof;;50.554924;9.683767;1;
26389;Fürth (Bay) Hbf;;49.469707;10.989989;1;
63949;Fürth(Bay)Hbf;26389;49.469707;10.989988;;
632424;GD, Bahnhof;;48.800285;9.787118;1;
355878;Garmisch-Partenkirchen;;47.491455;11.097014;1;
6988;Garmisch-Partenkirchen;355878;47.49145;11.097013;;
265080;Gdansk Glowny;;54.35552;18.643803;1;
37320;Gdansk Glowny;265080;54.35552;18.643803;;
4795;Gdansk Oliwa;;54.409893;18.571741;1;
49586;Gdansk Oliwa;4795;54.409893;18.571741;;
107964;Gdansk Wrzeszcz;;54.38186;18.605434;1;
289189;Gdansk Wrzeszcz;107964;54.38186;18.605434;;
506051;Gdynia Glowna;;54.52084;18.529556;1;
634211;Gdynia Glowna;506051;54.52084;18.529556;;
142762;Geilenkirchen;;50.96104;6.124518;1;
334675;Geilenkirchen;142762;50.96104;6.124518;;
595938;Gelsenkirchen Hbf;;51.504925;7.102206;1;
616168;Gelsenkirchen Hbf;595938;51.5049;7.102455;;
631605;Gent St Pieters;;51.035625;3.710609;1;
108617;Gent St Pieters;631605;51.035625;3.710609;;
197934;Gera Hbf;;50.88342;12.077098;1;
237026;Gera Hbf;197934;50.883423;12.077092;;
477697;Gießen;428469;50.57906;8.661462;;
428469;Gießen Bahnhof;;50.579887;8.663804;1;
350796;Gliwice;;50.301105;18.677158;1;
137089;Gliwice;350796;50.301105;18.677158;;
688618;Glogow;;51.668957;16.079712;1;
71206;Glogow;688618;51.668957;16.079712;;
19646;Gniezno;;52.52965;17.602184;1;
241428;Gniezno;19646;52.52965;17.602184;;
81166;Goleniow;;53.559483;14.839893;1;
325515;Goleniow;81166;53.559483;14.839893;;
644690;Golling-Abtenau;;47.60081;13.164054;1;
244607;Golling-Abtenau;644690;47.60081;13.164054;;
606270;Gotha;;50.93905;10.712328;1;
608854;Gotha;606270;50.93907;10.712568;;
338037;Graz Hbf;;47.0724;15.416519;1;
125947;Graz Hbf;338037;47.0724;15.416519;;
436196;Greifswald;;54.092926;13.370264;1;
644072;Greifswald;436196;54.092922;13.370262;;
392849;Gryfino;;53.254215;14.49302;1;
543484;Gryfino;392849;53.254215;14.49302;;
583035;Györ;;47.68198;17.63479;1;
71196;Györ;583035;47.68198;17.63479;;
145252;Gäufelden;;48.559715;8.850103;1;
136465;Gäufelden;145252;48.55966;8.850308;;
168530;Göttingen;;51.53672;9.925875;1;
643052;Göttingen;168530;51.536816;9.926072;;
3558;Günzburg;;48.460564;10.27926;1;
210277;Günzburg;3558;48.460564;10.279262;;
595196;Gütersloh Hbf;670154;51.90694;8.385071;;
670154;Gütersloh, Hbf/ZOB;;51.907433;8.384048;1;
158073;Hagen Hbf;;51.361965;7.461802;1;
423499;Hagen Hbf;158073;51.362747;7.460249;;
133858;Hagenow Land;95739;53.41358;11.215695;;
95739;Hagenow Land Bahnhof;;53.4135;11.215601;1;
672554;Haiger;285647;50.741207;8.221679;;
285647;Haiger Bahnhof;;50.74112;8.22199;1;
531677;Halle(Saale)Hbf;;51.47751;11.987085;1;
259789;Halle(Saale)Hbf;531677;51.477142;11.988049;;8
266911;Halle(Saale)Hbf;531677;51.476955;11.987331;;7
355664;Halle(Saale)Hbf;531677;51.477177;11.988167;;9
452198;Halle(Saale)Hbf;531677;51.47751;11.987085;;
580575;Halle(Saale)Hbf;531677;51.476925;11.9872;;6
518715;Hamburg Dammtor;331094;53.560753;9.989566;;
568246;Hamburg Hbf;428519;53.552734;10.006909;;
412729;Hamburg, Bergedorf;;53.489857;10.205967;1;
331094;Hamburg, Hamburg Dammtor;;53.560795;9.98941;1;
428519;Hamburg, Hamburg Hbf;;53.552753;10.007924;1;
396514;Hamburg, Hamburg-Altona;;53.551853;9.934554;1;
9066;Hamburg, Hamburg-Harburg;;53.456387;9.990955;1;
350233;Hamburg-Altona(S);396514;53.551853;9.934554;;
213267;Hamburg-Bergedorf;412729;53.489834;10.206171;;
430579;Hamburg-Harburg(S);9066;53.45696;9.991454;;
267162;Hamm (Westf), Hauptbahnhof;;51.678547;7.809172;1;
400006;Hamm(Westf)Hbf;267162;51.678078;7.807821;;
576155;Hanau Hauptbahnhof;;50.12135;8.92842;1;
179973;Hanau Hbf;576155;50.120953;8.929;;
93866;Hannover Hauptbahnhof;;52.377373;9.741991;1;
296367;Hannover Hbf;93866;52.376762;9.741021;;
610794;Hannover Messe / Laatzen;;52.317486;9.792149;1;
427720;Hannover Messe/Laatzen;610794;52.3169;9.792863;;
17737;Hauptbahnhof;416646;50.971928;11.037424;;
668361;Hauptbahnhof (oben);;48.78473;9.183172;1;
360246;Hauptbahnhof A1;659783;54.315235;10.131234;;
386540;Hauptbahnhof ZOB, Eberswalde;241671;52.833755;13.797157;;1
442631;Hegyeshalom;;47.913975;17.145296;1;
457630;Hegyeshalom;442631;47.913975;17.145296;;
655579;Hegyeshalom(Gr);;47.93826;17.095844;1;
533478;Hegyeshalom(Gr);655579;47.93826;17.095844;;
404628;Heide(Holst);;54.192932;9.101242;1;
332556;Heide(Holst);404628;54.19356;9.101029;;
504602;Heidelberg Hbf;635340;49.40357;8.675442;;
635340;Heidelberg, Hauptbahnhof;;49.404316;8.676243;1;
454381;Helmstedt;567911;52.222088;11.010553;;
567911;Helmstedt, Bahnhof;;52.22207;11.010093;1;
65847;Hengelo;;52.261852;6.793726;1;
345361;Hengelo;65847;52.261852;6.793726;;
236603;Herford;603461;52.11961;8.663643;;
603461;Herford, Bahnhof/ZOB;;52.119244;8.664628;1;
307913;Hermsdorf-Klosterlausnitz;;50.90385;11.858619;1;
576101;Hermsdorf-Klosterlausnitz;307913;50.903778;11.858626;;
239328;Herne Wanne-Eickel Hbf;;51.53249;7.165502;1;
4284;Herne-Wanne-Eickel Hbf;239328;51.531258;7.165783;;
331895;Herrenberg;;48.593956;8.862626;1;
551111;Herrenberg;331895;48.59399;8.862662;;
341575;Herzogenrath;;50.870914;6.094486;1;
662052;Herzogenrath;341575;50.870914;6.094486;;
180320;Hildesheim Hauptbahnhof;;52.159668;9.952588;1;
156677;Hildesheim Hbf;180320;52.160625;9.953497;;
574035;Hilversum;;52.22667;5.181399;1;
450296;Hilversum;574035;52.22667;5.181399;;
161542;Hnevice;;50.452686;14.361715;1;
95167;Hnevice;161542;50.452686;14.361715;;
205890;Hochfilzen;;47.467712;12.626525;1;
426300;Hochfilzen;205890;47.467712;12.626525;;
264321;Homburg (Saar) Hbf;;49.32808;7.337035;1;
119658;Homburg(Saar)Hbf;264321;49.327606;7.336528;;4
169399;Homburg(Saar)Hbf;264321;49.327637;7.336362;;5
626810;Homburg(Saar)Hbf;264321;49.328083;7.337035;;
637838;Hopfgarten im Brixental;;47.455353;12.14918;1;
144458;Hopfgarten im Brixental;637838;47.455353;12.14918;;
241769;Horb;348071;48.44147;8.688982;;
348071;Horb Bahnhof/ZOB;;48.44154;8.688676;1;
262513;Horka(Gr);;51.2862;15.032184;1;
249684;Horka(Gr);262513;51.2862;15.032184;;
673253;Hoyerswerda;146906;51.43279;14.231407;;
146906;Hoyerswerda Bahnhof;;51.433025;14.231129;1;
98805;Hude;477894;53.10943;8.460956;;
477894;Hude(Oldb);;53.10937;8.460953;1;
350746;Husum;;54.472015;9.056272;1;
151305;Husum;350746;54.472084;9.055953;;
496137;Hässleholm Central;;56.15852;13.763922;1;
108581;Hässleholm Central;496137;56.15852;13.763922;;
579889;Imst-Pitztal;;47.219074;10.76167;1;
48108;Imst-Pitztal;579889;47.219074;10.76167;;
482842;Ingolstadt Hbf;;48.74455;11.437341;1;
999;Ingolstadt Hbf;482842;48.74454;11.437337;;
438277;Innsbruck Hauptbahnhof;;47.263233;11.401031;1;
554846;Innsbruck Hbf;438277;47.263237;11.401028;;
185434;Inowroclaw;;52.804947;18.24406;1;
430811;Inowroclaw;185434;52.804947;18.24406;;
480653;Interlaken Ost;;46.6905;7.869;1;
541017;Interlaken Ost;480653;46.6905;7.869;;
550099;Interlaken West;;46.68263;7.851453;1;
348649;Interlaken West;550099;46.68263;7.851453;;
97193;Itzehoe;;53.92408;9.510151;1;
331717;Itzehoe;97193;53.923874;9.510287;;
542190;Jarocin;;51.96912;17.494276;1;
528893;Jarocin;542190;51.96912;17.494276;;
281559;Jaroslaw;;50.01067;22.677896;1;
262762;Jaroslaw;281559;50.01067;22.677896;;
546325;Jaworzno Szczakowa;;50.246326;19.297424;1;
324397;Jaworzno Szczakowa;546325;50.246326;19.297424;;
306204;Jena Paradies;;50.924854;11.587468;1;
275907;Jena Paradies;306204;50.924854;11.587461;;
588565;Jena West;;50.923286;11.57785;1;
552830;Jena West;588565;50.923286;11.577848;;
486352;Jena-Göschwitz;;50.8838;11.593217;1;
328885;Jena-Göschwitz;486352;50.88394;11.593537;;
39899;Jenbach;;47.388447;11.778454;1;
504607;Jenbach;39899;47.388447;11.778454;;
597555;Jesenice(Gr);;46.48141;14.020333;1;
380485;Jesenice(Gr);597555;46.48141;14.020333;;
461309;Jesenice(SLO);;46.436325;14.054913;1;
144545;Jesenice(SLO);461309;46.436325;14.054913;;
386052;Kaiserslautern Hbf;513044;49.43586;7.768627;;
513044;Kaiserslautern, Hbf;;49.436264;7.768253;1;
67505;Kalisz;;51.74282;18.071917;1;
34804;Kalisz;67505;51.74282;18.071917;;
178938;Kapfenberg;;47.44523;15.292357;1;
360429;Kapfenberg;178938;47.44523;15.292357;;
497089;Karlsruhe Hauptbahnhof;;48.993347;8.401036;1;
412791;Karlsruhe Hbf;497089;48.993515;8.402181;;
125185;Karlsruhe-Durlach;;49.00225;8.462759;1;
27707;Karlsruhe-Durlach;125185;49.002327;8.462822;;
19112;Kassel Bahnhof Wilhelmshöhe;;51.31313;9.44705;1;
637744;Kassel-Wilhelmshöhe;19112;51.312557;9.447116;;
319073;Katowice;;50.257515;19.017164;1;
321707;Katowice;319073;50.257515;19.017164;;
610211;Kedzierzyn Kozle;;50.34436;18.204765;1;
361714;Kedzierzyn Kozle;610211;50.34436;18.204765;;
120981;Kehl;150560;48.576656;7.806556;;
150560;Kehl Bahnhof;;48.576664;7.80689;1;
360176;Kehl(Gr);;48.575645;7.801118;1;
173269;Kehl(Gr);360176;48.575645;7.801118;;
190242;Kempten (Allgäu) Hbf;;47.711746;10.317618;1;
254298;Kempten(Allgäu)Hbf;190242;47.711746;10.31761;;
659783;Kiel Hauptbahnhof;;54.3155;10.130686;1;
621475;Kirchberg in Tirol;;47.448917;12.309101;1;
296269;Kirchberg in Tirol;621475;47.448917;12.309101;;
13819;Kitzbühel;;47.45411;12.391045;1;
476355;Kitzbühel;13819;47.45411;12.391045;;
190047;Kitzbühel Hahnenkamm;;47.44339;12.389856;1;
98682;Kitzbühel Hahnenkamm;190047;47.44339;12.389856;;
485693;Klagenfurt Hbf;;46.615604;14.313576;1;
171187;Klagenfurt Hbf;485693;46.615604;14.313576;;
673820;Klanxbüll;;54.86234;8.675999;1;
636273;Klanxbüll;673820;54.861996;8.676454;;
61534;Koblenz Hauptbahnhof;;50.350914;7.588321;1;
482766;Koblenz Hbf;61534;50.35093;7.588345;;
274287;Koebenhavn H;;55.67272;12.564617;1;
70879;Koebenhavn H;274287;55.67272;12.564617;;
560592;Koebenhavns Lufthavn st;;55.629604;12.649382;1;
243389;Koebenhavns Lufthavn st;560592;55.629604;12.649382;;
231011;Kolding st;;55.49084;9.481528;1;
115574;Kolding st;231011;55.49084;9.481528;;
222158;Kolin(CZ);;50.025436;15.214279;1;
96412;Kolin(CZ);222158;50.025436;15.214279;;
504703;Koluszki;;51.744602;19.818996;1;
615112;Koluszki;504703;51.744602;19.818996;;
429971;Konin;;52.231396;18.253336;1;
487034;Konin;429971;52.231396;18.253336;;
586027;Konstanz;391274;47.658752;9.177312;;
391274;Konstanz Bahnhof;;47.65874;9.177333;1;
296891;Kornwestheim;;48.86216;9.179965;1;
456662;Kornwestheim Pbf;296891;48.86222;9.179964;;
213090;Koscian;;52.07896;16.641829;1;
369697;Koscian;213090;52.07896;16.641829;;
192031;Kostrzyn;;52.591778;14.647988;1;
378364;Kostrzyn;192031;52.591778;14.647988;;
246292;Krakow Glowny;;50.067196;19.947426;1;
578326;Krakow Glowny;246292;50.067196;19.947426;;
573067;Krakow Plaszow;;50.03509;19.974894;1;
442075;Krakow Plaszow;573067;50.03509;19.974894;;
332709;Kralupy nad Vltavou;;50.238728;14.313473;1;
498813;Kralupy nad Vltavou;332709;50.238728;14.313473;;
580053;Kranj;;46.23901;14.348167;1;
167554;Kranj;580053;46.23901;14.348167;;
135640;Krefeld Hbf;;51.325584;6.568194;1;
550619;Krefeld Hbf;135640;51.325718;6.569885;;
212568;Kronach;;50.23961;11.320111;1;
627728;Kronach;212568;50.239613;11.320115;;
456575;Krsko;;45.95624;15.493454;1;
367338;Krsko;456575;45.95624;15.493454;;
675844;Krzeszowice;;50.130962;19.633242;1;
99167;Krzeszowice;675844;50.130962;19.633242;;
626975;Krzyz;;52.87742;16.017834;1;
269536;Krzyz;626975;52.87742;16.017834;;
565099;Kufstein;;47.58308;12.16555;1;
84281;Kufstein;565099;47.58308;12.16555;;
202002;Kutno;;52.226963;19.348616;1;
203765;Kutno;202002;52.226963;19.348616;;
32495;Kuty;;48.661892;17.047695;1;
496091;Kuty;32495;48.661892;17.047695;;
304116;Kuty(Gr);;48.71108;17.000406;1;
555132;Kuty(Gr);304116;48.71108;17.000406;;
27695;Köln Ehrenfeld Bf Ehrenfeld;;50.951527;6.91727;1;
517455;Köln Hbf;;50.94303;6.958727;1;
411350;Köln Hbf;517455;50.94303;6.958729;;
142617;Köln Messe/Deutz;95437;50.940872;6.975001;;
95437;Köln Messe/Deutz Bf;;50.940876;6.974996;1;
406642;Köln Messe/Deutz Gl.11-12;95437;50.941723;6.974067;;
551380;Köln Süd;510314;50.9273;6.938059;;
510314;Köln Süd Bf;;50.9273;6.938048;1;
642871;Köln-Ehrenfeld;27695;50.951534;6.917276;;
475366;Köln/Bonn Flughafen;541903;50.878902;7.119302;;
608769;Köthen;;51.75193;11.989358;1;
302879;Köthen;608769;51.75193;11.989358;;
128231;Kühnsdorf-Klopeiner See;;46.62484;14.620893;1;
138282;Kühnsdorf-Klopeiner See;128231;46.62484;14.620893;;
302226;Lancut;;50.08143;22.227507;1;
508642;Lancut;302226;50.08143;22.227507;;
579888;Landeck-Zams;;47.148243;10.578392;1;
630977;Landeck-Zams;579888;47.148243;10.578392;;
617061;Landquart;;46.96744;9.554045;1;
106351;Landquart;617061;46.96744;9.554045;;
144693;Landstuhl;678634;49.416286;7.565931;;
678634;Landstuhl, Bahnhof;;49.416332;7.566159;1;
30077;Langen am Arlberg;;47.13172;10.120375;1;
395734;Langen am Arlberg;30077;47.13172;10.120375;;
100888;Lask;;51.603775;19.111855;1;
31240;Lask;100888;51.603775;19.111855;;
549925;Leer(Ostfriesl);;53.23141;7.465229;1;
479249;Leer(Ostfriesl);549925;53.23165;7.465283;;
577641;Legnica;;51.21385;16.168922;1;
274652;Legnica;577641;51.21385;16.168922;;
53188;Leipzig Hbf;;51.34547;12.382064;1;
22416;Leipzig Hbf;53188;51.34547;12.382064;;
422056;Leipzig/Halle Flughafen;;51.42334;12.223426;1;
223191;Leipzig/Halle Flughafen;422056;51.42334;12.223426;;
188852;Lesce-Bled;;46.360416;14.157971;1;
141588;Lesce-Bled;188852;46.360416;14.157971;;
567877;Leszno;;51.846405;16.565569;1;
426180;Leszno;567877;51.846405;16.565569;;
40708;Leuven;;50.881542;4.716148;1;
125949;Leuven;40708;50.881542;4.716148;;
390604;Lichtenfels;;50.146454;11.059474;1;
389926;Lichtenfels;390604;50.146454;11.059472;;
653982;Liestal;;47.484463;7.731367;1;
478086;Liestal;653982;47.484463;7.731367;;
426722;Limburg (Lahn) Süd (ICE);;50.38191;8.095532;1;
510296;Limburg Süd;426722;50.3825;8.096112;;
167729;Lindau-Reutin;;47.552383;9.703292;1;
648296;Lindau-Reutin;167729;47.552383;9.703292;;
669469;Lingen(Ems);545852;52.519867;7.321731;;
545852;Lingen, Bahnhof;;52.51964;7.32127;1;
473516;Linköping Central;;58.41601;15.626675;1;
491897;Linköping Central;473516;58.41601;15.626675;;
565918;Linz/Donau Hbf;;48.290237;14.291864;1;
382354;Linz/Donau Hbf;565918;48.290237;14.291864;;
51536;Lippstadt;642822;51.67069;8.348785;;
642822;Lippstadt, Bustreff Bahnhof;;51.671047;8.349535;1;
14372;Liège-Guillemins;;50.62436;5.566483;1;
353205;Liège-Guillemins;14372;50.62436;5.566483;;
243196;Ljubljana;;46.05869;14.512937;1;
667193;Ljubljana;243196;46.05869;14.512937;;
92390;Lodz Chojny;;51.72638;19.484537;1;
443612;Lodz Chojny;92390;51.72638;19.484537;;
436966;Lodz Widzew;;51.763092;19.544464;1;
555708;Lodz Widzew;436966;51.763092;19.544464;;
309788;Lovosice;;50.509644;14.059534;1;
669104;Lovosice;309788;50.50971;14.059588;;
175147;Lubin;;51.39612;16.193586;1;
184159;Lubin;175147;51.39612;16.193586;;
5569;Lublin;;51.23124;22.568398;1;
77626;Lublin;5569;51.23124;22.568398;;
457377;Lublin Zachodni;;51.218742;22.508389;1;
407208;Lublin Zachodni;457377;51.218742;22.508389;;
190289;Ludwigshafen(Rh)Hbf;502931;49.47653;8.433042;;
502931;Ludwigshafen, Hauptbahnhof;;49.476994;8.433321;1;
660050;Ludwigslust;348473;53.33467;11.494491;;
348473;Ludwigslust Bahnhof;;53.334454;11.494384;1;
314586;Ludwigsstadt;;50.486584;11.382993;1;
186166;Ludwigsstadt;314586;50.486584;11.382989;;
675943;Lund Central;;55.70552;13.186582;1;
48202;Lund Central;675943;55.70552;13.186582;;
365906;Lunderskov st;;55.48012;9.303791;1;
510064;Lunderskov st;365906;55.48012;9.303791;;
176209;Lutherstadt Wittenberg Hbf;;51.86781;12.662285;1;
435486;Lutherstadt Wittenberg Hbf;176209;51.86781;12.662285;;
58038;Lüneburg;;53.249966;10.419999;1;
89315;Lüneburg;58038;53.249657;10.41989;;
484741;MG Hbf /Europaplatz;;51.19716;6.445286;1;
598868;MG Rheydt Hbf;;51.163162;6.441055;1;
464794;Magdeburg Hbf;;52.130512;11.626963;1;
597645;Magdeburg Hbf;464794;52.130512;11.626963;;
171867;Mainz Hbf;176337;50.001118;8.25872;;
176337;Mainz, Hauptbahnhof;;50.00145;8.258419;1;
280725;Maishofen-Saalbach;;47.358585;12.810197;1;
201666;Maishofen-Saalbach;280725;47.358585;12.810197;;
401728;Mallnitz-Obervellach;;46.981647;13.176141;1;
688918;Mallnitz-Obervellach;401728;46.981647;13.176141;;
442196;Mannheim Hbf;582139;49.479355;8.468921;;
582139;Mannheim, Hauptbahnhof;;49.479748;8.469936;1;
537395;Marburg Hauptbahnhof;;50.819263;8.774011;1;
552719;Marburg(Lahn);537395;50.81927;8.775014;;
500618;Marienhafe;607346;53.519238;7.27436;;
607346;Marienhafe Bahnhof;;53.519894;7.273257;1;
460148;Memmingen;;47.985584;10.18685;1;
263820;Memmingen;460148;47.98558;10.186853;;
687402;Meppen;645573;52.696022;7.298015;;
645573;Meppen, Bahnhof;;52.69565;7.298111;1;
313350;Middelfart st;;55.50162;9.734662;1;
163142;Middelfart st;313350;55.50162;9.734662;;
673336;Miedzyzdroje;;53.92421;14.45478;1;
358460;Miedzyzdroje;673336;53.92421;14.45478;;
444549;Mieszkowice;;52.782093;14.485966;1;
406843;Mieszkowice;444549;52.782093;14.485966;;
69167;Minden(Westf);450630;52.29014;8.934728;;
450630;Minden, Kaiserstraße;;52.289406;8.927866;1;
232649;Montabaur;607447;50.444836;7.825333;;
607447;Montabaur Bf;;50.44482;7.825305;1;
141649;Mosonmagyarovar;;47.850357;17.266424;1;
533065;Mosonmagyarovar;141649;47.850357;17.266424;;
480131;Murnau;;47.682266;11.192631;1;
686393;Murnau;480131;47.682266;11.192628;;
692224;Myslowice;;50.23779;19.1419;1;
225360;Myslowice;692224;50.23779;19.1419;;
498535;Mönchengladbach Hbf;484741;51.196583;6.446111;;
510515;Mühlacker;86349;48.953194;8.846101;;
86349;Mühlacker Bahnhof;;48.9531;8.845881;1;
332653;Mühldorf (Oberbay);;48.24821;12.51964;1;
61189;Mühldorf(Oberbay);332653;48.248207;12.519638;;
425229;Müllheim (Baden) Bahnhof;;47.80945;7.599056;1;
547996;Müllheim im Markgräflerland;425229;47.809742;7.599332;;
9941;München Hbf;;48.14029;11.559602;1;
291851;München Hbf;9941;48.140232;11.558335;;
213746;München Hbf Gl.27-36;9941;48.14153;11.556708;;
420471;München Hbf Gl.5-10;9941;48.13993;11.554814;;
319740;München Ost;456005;48.12744;11.604971;;
413646;München-Pasing;545038;48.149853;11.461872;;
325703;Münster Hauptbahnhof;;51.9567;7.63444;1;
89712;Münster(Westf)Hbf;325703;51.956566;7.635715;;
490265;Mürzzuschlag;;47.60791;15.677244;1;
366700;Mürzzuschlag;490265;47.60791;15.677244;;
642408;Nagymaros-Visegrad;;47.790894;18.9588;1;
23376;Nagymaros-Visegrad;642408;47.790894;18.9588;;
368478;Naleczow;;51.31779;22.21296;1;
162121;Naleczow;368478;51.31779;22.21296;;
651630;Naumburg(Saale)Hbf;;51.16307;11.796984;1;
117266;Naumburg(Saale)Hbf;651630;51.16307;11.796984;;
414074;Neu-Edingen/Friedrichsfeld;487028;49.44867;8.580125;;
487028;Neu-Edingen/Friedrichsfeld, Bf;;49.44833;8.580025;1;
299000;Neu-Ulm;660348;48.393494;10.005766;;
660348;Neu-Ulm Bahnhof;;48.393497;10.005768;1;
324344;Neumünster;;54.07566;9.979757;1;
579862;Neumünster;324344;54.075752;9.979816;;
303008;Neuss Hauptbahnhof;;51.203526;6.683106;1;
330889;Neuss Hbf;303008;51.20435;6.684527;;
199632;Neustadt(Weinstr)Hbf;44915;49.349552;8.140757;;
44915;Neustadt, Hauptbahnhof;;49.349934;8.14038;1;
382078;Neustrelitz Hauptbahnhof;;53.359474;13.07435;1;
344314;Neustrelitz Hbf;382078;53.359257;13.074603;;
273219;Niebüll;;54.78956;8.834768;1;
438429;Niebüll;273219;54.789604;8.834572;;
334578;Nienburg(Weser);;52.645344;9.217862;1;
210719;Nienburg(Weser);334578;52.645565;9.217753;;
169806;Norddeich;315947;53.62158;7.160824;;
568584;Norddeich Mole;195950;53.624313;7.158806;;
315947;Norddeich(Norden);;53.62152;7.160884;1;
195950;Norddeich(Norden) Mole;;53.62432;7.158739;1;
183500;Norden;63836;53.588196;7.218913;;
63836;Norden(Ostfriesl);;53.588013;7.219321;1;
327904;Norrköping Central;;58.596558;16.18368;1;
279232;Norrköping Central;327904;58.596558;16.18368;;
637192;Nove Zamky;;47.995003;18.173956;1;
331070;Nove Zamky;637192;47.995003;18.173956;;
340764;Nowa Sol;;51.799683;15.708106;1;
226679;Nowa Sol;340764;51.799683;15.708106;;
139226;Nowy Tomysl;;52.304085;16.13294;1;
642014;Nowy Tomysl;139226;52.304085;16.13294;;
148477;Nässjö Central;;57.652126;14.694786;1;
189629;Nässjö Central;148477;57.652126;14.694786;;
99055;Nürnberg Hbf;;49.445614;11.082992;1;
395535;Nürnberg Hbf;99055;49.445618;11.082989;;
430638;OB Sterkrade Bf.;;51.511837;6.844354;1;
622042;Oberhausen Hbf;;51.474;6.853346;1;
228469;Oberhausen Hbf;622042;51.474876;6.851588;;
666729;Oberhausen-Sterkrade;430638;51.512085;6.843543;;
398625;Oberndorf (Neckar) Bahnhof;;48.29609;8.575363;1;
444977;Oberndorf(Neckar);398625;48.29567;8.575514;;
64889;Oberstdorf;;47.411034;10.278092;1;
620195;Oberstdorf;64889;47.411034;10.278097;;
556763;Oborniki Slaskie;;51.298965;16.907549;1;
8633;Oborniki Slaskie;556763;51.298965;16.907549;;
111314;Odense st;;55.401775;10.386005;1;
225420;Odense st;111314;55.401775;10.386005;;
220829;Offenburg;598255;48.476475;7.946723;;
598255;Offenburg Bahnhof;;48.476498;7.946668;1;
83956;Oldenburg(Oldb)Hbf;;53.14432;8.222713;1;
564933;Oldenburg(Oldb)Hbf;83956;53.14432;8.222713;;
149885;Olten;;47.351936;7.9077;1;
423333;Olten;149885;47.351936;7.9077;;
402204;Oostende;;51.22849;2.926827;1;
306935;Oostende;402204;51.22849;2.926827;;
99034;Opalenica;;52.309727;16.400345;1;
26614;Opalenica;99034;52.309727;16.400345;;
247162;Opoczno Poludnie;;51.358517;20.231709;1;
133029;Opoczno Poludnie;247162;51.358517;20.231709;;
684148;Opole Glowne;;50.661514;17.925863;1;
232390;Opole Glowne;684148;50.661514;17.925863;;
12585;Oranienburg;591256;52.75408;13.249215;;28
553059;Oranienburg;591256;52.754093;13.249336;;20
639669;Osnabrück Hbf;;52.27313;8.060825;1;
515734;Osnabrück Hbf;639669;52.27285;8.061781;;
456005;Ostbahnhof;;48.12815;11.604545;1;
644167;Ostermundigen;;46.956802;7.481498;1;
19589;Ostermundigen;644167;46.956802;7.481498;;
565766;Ostrava hl.n.;;49.852085;18.267262;1;
41832;Ostrava hl.n.;565766;49.852085;18.267262;;
552264;Ostseebad Binz;;54.404823;13.600502;1;
617965;Ostseebad Binz;552264;54.40482;13.600507;;
222222;Pabianice;;51.66095;19.325098;1;
192351;Pabianice;222222;51.66095;19.325098;;
368193;Padborg st;;54.82425;9.358803;1;
495683;Padborg st;368193;54.82425;9.358803;;
152171;Paderborn Hbf;;51.71329;8.740635;1;
600451;Paderborn Hbf;152171;51.71298;8.740505;;
627285;Papenburg(Ems);499625;53.089706;7.386708;;
499625;Papenburg, Bahnhof;;53.090492;7.388636;1;
351181;Pardubice hl.n.;;50.0317;15.75753;1;
201876;Pardubice hl.n.;351181;50.03174;15.756211;;
335130;Paris Est;;48.876976;2.35912;1;
349546;Paris Est;335130;48.876976;2.35912;;
544415;Pasewalk;;53.515038;13.989293;1;
156520;Pasewalk;544415;53.515354;13.988875;;
545038;Pasing;;48.149143;11.460697;1;
634943;Pforzheim Hauptbahnhof;;48.89398;8.703247;1;
284642;Pforzheim Hbf;634943;48.89411;8.703007;;
412609;Pilawa;;51.957237;21.53291;1;
667945;Pilawa;412609;51.957237;21.53291;;
155586;Pleszew;;51.89199;17.73284;1;
606246;Pleszew;155586;51.89199;17.73284;;
388094;Potsdam Hbf;693694;52.391582;13.06674;;1
531162;Potsdam Hbf;693694;52.391666;13.066749;;3
575892;Potsdam Hbf;693694;52.391422;13.066721;;4
464435;Poznan Glowny;;52.401993;16.91087;1;
351903;Poznan Glowny;464435;52.401993;16.91087;;
653775;Praha hl.n.;;50.08306;14.436039;1;
556355;Praha hl.n.;653775;50.08306;14.436039;;
17941;Praha-Holesovice;;50.110214;14.440013;1;
399014;Praha-Holesovice;17941;50.110214;14.440013;;
578733;Praha-Podbaba;;50.11236;14.395604;1;
660100;Praha-Podbaba;578733;50.11236;14.395604;;
302736;Prenzlau;596419;53.32162;13.86654;;2
549631;Prenzlau;596419;53.321636;13.866409;;1
596419;Prenzlau, Bahnhof;;53.321613;13.866558;1;
551798;Prien am Chiemsee;;47.855515;12.346616;1;
193123;Prien am Chiemsee;551798;47.855515;12.346615;;
603137;Prora;279667;54.444984;13.564057;;
279667;Prora Bahnhof;;54.444996;13.564049;1;
401361;Przemysl Glowny;;49.78366;22.776363;1;
275157;Przemysl Glowny;401361;49.78366;22.776363;;
419752;Przemysl Zasanie;;49.79363;22.774115;1;
225105;Przemysl Zasanie;419752;49.79363;22.774115;;
325540;Przeworsk;;50.067215;22.503357;1;
244897;Przeworsk;325540;50.067215;22.503357;;
110363;Pulawy Miasto;;51.426903;21.985098;1;
193527;Pulawy Miasto;110363;51.426903;21.985098;;
133722;Pörtschach am Wörther See;;46.636196;14.146286;1;
282908;Pörtschach am Wörther See;133722;46.636196;14.146286;;
663551;Raciborz;;50.09035;18.226397;1;
54978;Raciborz;663551;50.09035;18.226397;;
593594;Radolfzell;575544;47.735874;8.968984;;
575544;Radolfzell Bahnhof;;47.73581;8.969247;1;
612371;Radymno;;49.939533;22.829151;1;
395636;Radymno;612371;49.939533;22.829151;;
366978;Ravensburg;48467;47.78448;9.6061;;
48467;Ravensburg, Bahnhof;;47.784554;9.606673;1;
300981;Rawicz;;51.608677;16.840118;1;
447867;Rawicz;300981;51.608677;16.840118;;
440288;Recklinghausen Hbf;;51.61598;7.201371;1;
688120;Recklinghausen Hbf;440288;51.61636;7.20349;;
90261;Regensburg Hbf;;49.01167;12.099624;1;
363396;Regensburg Hbf;90261;49.011673;12.099617;;
296331;Rejowiec;;51.11764;23.239265;1;
538408;Rejowiec;296331;51.11764;23.239265;;
47428;Remagen;256667;50.577003;7.23027;;
256667;Remagen Bf;;50.577198;7.229767;1;
560819;Rheine;354436;52.2763;7.434255;;
354436;Rheine, Bahnhof;;52.276505;7.435733;1;
41370;Rheydt Hbf;598868;51.16303;6.439564;;
16971;Ribnitz-Damgarten West;;54.239353;12.436843;1;
380506;Ribnitz-Damgarten West;16971;54.239178;12.436965;;
268925;Riesa;290554;51.309654;13.287734;;
290554;Riesa Busbf/Bahnhof;;51.3094;13.288383;1;
192145;Ringsheim/Europa-Park;;48.248665;7.773032;1;
299639;Ringsheim/Europa-Park;192145;48.248726;7.773037;;
468296;Ringsted st;;55.438038;11.786155;1;
166978;Ringsted st;468296;55.438038;11.786155;;
463735;Roedekro st;;55.069687;9.332754;1;
221025;Roedekro st;463735;55.069687;9.332754;;
311786;Ropczyce;;50.078583;21.582882;1;
17118;Ropczyce;311786;50.078583;21.582882;;
262116;Roppen;;47.21582;10.817376;1;
172365;Roppen;262116;47.21582;10.817376;;
123366;Rosenheim;;47.850018;12.119207;1;
230395;Rosenheim;123366;47.850018;12.119202;;
157968;Rostock Hauptbahnhof;;54.07818;12.130724;1;
468508;Rostock Hbf;157968;54.078247;12.131079;;
213953;Rottweil;241020;48.165302;8.639295;;
241020;Rottweil Bahnhof;;48.165245;8.639745;1;
630295;Roudnice nad Labem;;50.426598;14.263827;1;
459674;Roudnice nad Labem;630295;50.426598;14.263827;;
309710;Rudolstadt (Thüringen);;50.718;11.339156;1;
659985;Rudolstadt(Thür);309710;50.71793;11.338899;;
109173;Ruhland;89065;51.455208;13.870102;;3
490102;Ruhland;89065;51.455162;13.87019;;4
89065;Ruhland, Bahnhof;;51.455334;13.869934;1;
270382;Rybnik(PL);;50.089134;18.547642;1;
486420;Rybnik(PL);270382;50.089134;18.547642;;
42071;Rzepin;;52.350224;14.815073;1;
570553;Rzepin;42071;52.350224;14.815073;;
187569;Rzeszow Glowny;;50.043114;22.006798;1;
160490;Rzeszow Glowny;187569;50.043114;22.006798;;
337692;S Charlottenburg Bhf (Berlin);;52.50473;13.303862;1;
591256;S Oranienburg Bhf;;52.754486;13.248311;1;
559973;S Ostkreuz Bhf (Berlin);;52.503113;13.469221;1;
693694;S Potsdam Hauptbahnhof;;52.391445;13.067157;1;
603166;S Schönefeld (bei Berlin) Bhf;;52.390907;13.513046;1;
464720;S Schöneweide Bhf (Berlin);;52.454613;13.510149;1;
446591;S Spandau Bhf (Berlin);;52.534798;13.197477;1;
391201;S Südkreuz Bhf (Berlin);;52.475502;13.365552;1;
451103;S Wannsee Bhf (Berlin);;52.421726;13.178932;1;
613345;S+U Berlin Hauptbahnhof;;52.525604;13.369075;1;
127712;S+U Gesundbrunnen Bhf (Berlin);;52.548637;13.388372;1;
327376;S+U Lichtenberg Bhf (Berlin);;52.510674;13.498359;1;
671861;Saalfeld (Saale);;50.65049;11.374546;1;
216678;Saalfeld(Saale);671861;50.650272;11.374583;;
329216;Saalfelden;;47.426857;12.829765;1;
629068;Saalfelden;329216;47.426857;12.829765;;
180380;Saarbrücken Hbf;;49.24107;6.99102;1;
209292;Saarbrücken Hbf;180380;49.24148;6.991045;;14
411555;Saarbrücken Hbf;180380;49.241096;6.990953;;3
555352;Saarbrücken Hbf;180380;49.241352;6.991011;;12
682384;Saarbrücken Hbf;180380;49.241283;6.991011;;5
695368;Salzburg Hbf;;47.81305;13.04582;1;
529414;Salzburg Hbf;695368;47.81305;13.04582;;
419171;Salzwedel;;52.858112;11.162035;1;
428718;Salzwedel;419171;52.858112;11.162035;;
72217;Sargans;;47.044823;9.44626;1;
124684;Sargans;72217;47.044823;9.44626;;
556408;Schaffhausen;;47.69828;8.632756;1;
234744;Schaffhausen;556408;47.69828;8.632756;;
10831;Schleswig;;54.499516;9.538149;1;
139393;Schleswig;10831;54.49946;9.53814;;
371540;Schorndorf;;48.80694;9.52569;1;
524825;Schorndorf;371540;48.80715;9.52631;;
447324;Schwarzach-St.Veit;;47.318535;13.154464;1;
15691;Schwarzach-St.Veit;447324;47.318535;13.154464;;
351643;Schwerin Hauptbahnhof;;53.6347;11.407499;1;
242902;Schwerin Hbf;351643;53.63474;11.407455;;
300423;Schwäbisch Gmünd;632424;48.80101;9.787795;;
142269;Schönefeld(bei Berlin);603166;52.391064;13.51271;;
65970;Scinawa;;51.409657;16.421356;1;
347109;Scinawa;65970;51.409657;16.421356;;
189221;Sedziszow Malopolski;;50.07528;21.694704;1;
312342;Sedziszow Malopolski;189221;50.07528;21.694704;;
528753;Sevnica;;46.009678;15.301231;1;
494717;Sevnica;528753;46.009678;15.301231;;
273099;Siegburg Bf;;50.793903;7.203006;1;
385624;Siegburg/Bonn;273099;50.793915;7.203026;;
329086;Sieradz;;51.59766;18.714989;1;
52134;Sieradz;329086;51.59766;18.714989;;
552402;Simbach (Inn);;48.26281;13.022958;1;
668404;Simbach(Inn);552402;48.262814;13.022952;;
679686;Singen (Htw) Bahnhof;;47.758987;8.841345;1;
511020;Singen(Hohentwiel);679686;47.75888;8.841269;;
543734;Skierniewice;;51.967182;20.149752;1;
137911;Skierniewice;543734;51.967182;20.149752;;
410597;Soest;665711;51.57842;8.104589;;
665711;Soest, Bahnhof;;51.57811;8.104223;1;
437604;Solingen Hbf;;51.160538;7.003706;1;
477249;Solingen Hbf;437604;51.160767;7.004187;;
517030;Sonthofen;;47.513283;10.272092;1;
526240;Sonthofen;517030;47.513283;10.272093;;
695219;Sopot;;54.440166;18.562323;1;
320792;Sopot;695219;54.440166;18.562323;;
165995;Sosnowiec Glowny;;50.2789;19.126411;1;
239350;Sosnowiec Glowny;165995;50.2789;19.126411;;
488445;Spaichingen;295467;48.06899;8.740147;;
295467;Spaichingen Bahnhof;;48.069103;8.740168;1;
246031;Spandau Seegefelder Str., Berlin;446591;52.534668;13.197191;;3
112969;Spiez;;46.686398;7.680103;1;
64470;Spiez;112969;46.686398;7.680103;;
98544;Spittal-Millstätter See;;46.795734;13.487544;1;
652867;Spittal-Millstätter See;98544;46.795734;13.487544;;
115202;Sroda Wielkopolska;;52.21805;17.274818;1;
118929;Sroda Wielkopolska;115202;52.21805;17.274818;;
80160;St Georgen(Schwarzw);382856;48.123814;8.341955;;
611513;St. Anton am Arlberg;;47.12733;10.267088;1;
249266;St. Anton am Arlberg;611513;47.12733;10.267088;;
8389;St. Gallen(CH);;47.42318;9.369897;1;
63895;St. Gallen(CH);8389;47.42318;9.369897;;
382856;St. Georgen Bahnhof;;48.124187;8.342762;1;
228870;St. Johann im Pongau;;47.348377;13.194961;1;
74770;St. Johann im Pongau;228870;47.348377;13.194961;;
502892;St. Johann in Tirol;;47.51962;12.430775;1;
134152;St. Johann in Tirol;502892;47.51962;12.430775;;
63619;St. Margrethen SG;;47.453217;9.638262;1;
695055;St. Margrethen SG;63619;47.453217;9.638262;;
32934;St. Paul im Lavanttal;;46.72139;14.85579;1;
86849;St. Paul im Lavanttal;32934;46.72139;14.85579;;
610549;St.Pölten Hbf;;48.208275;15.624683;1;
327744;St.Pölten Hbf;610549;48.208275;15.624683;;
190878;Stadtroda;;50.86817;11.723213;1;
422356;Stadtroda;190878;50.868217;11.722792;;
652315;Stargard;;53.33975;15.031746;1;
674298;Stargard;652315;53.33975;15.031746;;
329017;Stendal Hbf;;52.594723;11.854412;1;
211459;Stendal Hbf;329017;52.59494;11.85532;;1
242975;Stendal Hbf;329017;52.594658;11.855434;;4
466283;Stendal Hbf;329017;52.594784;11.855384;;3
50361;Stendal Hbf;329017;52.594837;11.855358;;2
76354;Stendal Hbf;329017;52.594585;11.855459;;5
90594;Stendal Hbf;329017;52.594723;11.854412;;
478341;Stockholm Central;;59.330013;18.05763;1;
575883;Stockholm Central;478341;59.330013;18.05763;;
446029;Stralsund Hauptbahnhof;;54.309105;13.077773;1;
679667;Stralsund Hbf;446029;54.30829;13.078022;;
412384;Strasbourg;;48.58534;7.734067;1;
54435;Strasbourg;412384;48.58534;7.734067;;
269485;Sturovo;;47.800125;18.67992;1;
100684;Sturovo;269485;47.800125;18.67992;;
1917;Stuttgart Hbf;668361;48.78478;9.182757;;
131856;Stuttgart-Vaihingen;581912;48.72628;9.113226;;
548973;Sulz (Neckar) Bahnhof;;48.366695;8.636762;1;
353089;Sulz(Neckar);548973;48.366486;8.636748;;
3332;Swidnik Miasto;;51.223846;22.695324;1;
567467;Swidnik Miasto;3332;51.223846;22.695324;;
469977;Swiebodzin;;52.245144;15.53954;1;
30989;Swiebodzin;469977;52.245144;15.53954;;
402680;Swinoujscie;;53.90482;14.266627;1;
509422;Swinoujscie;402680;53.90482;14.266627;;
49031;Szamotuly;;52.603542;16.58542;1;
530547;Szamotuly;49031;52.603542;16.58542;;
31176;Szczecin Dabie;;53.391228;14.669465;1;
386474;Szczecin Dabie;31176;53.391228;14.669465;;
23816;Szczecin Glowny;;53.418785;14.550318;1;
202486;Szczecin Glowny;23816;53.418785;14.550318;;
235276;Szob;;47.821;18.862057;1;
248563;Szob;235276;47.821;18.862057;;
83946;Szob(Gr);;47.824898;18.844774;1;
79675;Szob(Gr);83946;47.824898;18.844774;;
251903;Tarnow;;50.0054;20.97418;1;
625983;Tarnow;251903;50.0054;20.97418;;
45002;Tatabanya;;47.58493;18.393612;1;
427364;Tatabanya;45002;47.58493;18.393612;;
374452;Tczew;;54.09732;18.790155;1;
432428;Tczew;374452;54.09732;18.790155;;
510956;Telfs-Pfaffenhofen;;47.30071;11.078869;1;
218466;Telfs-Pfaffenhofen;510956;47.30071;11.078869;;
25598;Thun;;46.754852;7.629606;1;
200546;Thun;25598;46.754852;7.629606;;
215972;Tinglev st;;54.936172;9.258234;1;
295183;Tinglev st;215972;54.936172;9.258234;;
683842;Traunstein;;47.86973;12.638802;1;
117166;Traunstein;683842;47.869728;12.638801;;
274821;Treuchtlingen;;48.96127;10.908162;1;
502232;Treuchtlingen;274821;48.961266;10.908159;;
607310;Treysa;;50.91066;9.185673;1;
683851;Treysa;607310;50.91066;9.185673;;
19534;Trzebinia;;50.153934;19.453215;1;
198060;Trzebinia;19534;50.153934;19.453215;;
67896;Tuttlingen;266187;47.98058;8.798542;;
266187;Tuttlingen Bahnhof;;47.980576;8.798702;1;
492332;Tutzing;;47.9074;11.273731;1;
104189;Tutzing;492332;47.907143;11.27289;;
621690;Uelzen;;52.96979;10.553017;1;
192199;Uelzen;621690;52.96978;10.553053;;
253250;Ulm Hauptbahnhof;;48.39912;9.984181;1;
111936;Ulm Hbf;253250;48.3994;9.982608;;
604565;Usti nad Labem hl.n.;;50.65956;14.044728;1;
101114;Usti nad Labem hl.n.;604565;50.65956;14.044728;;
24890;Utrecht Centraal;;52.089397;5.109861;1;
464485;Utrecht Centraal;24890;52.089397;5.109861;;
82096;Vac;;47.782726;19.13306;1;
161845;Vac;82096;47.782726;19.13306;;
581912;Vaihingen;;48.72698;9.113912;1;
424397;Vaihingen (E);;48.94815;8.957578;1;
437311;Vaihingen(Enz);424397;48.948116;8.957632;;
446184;Vamdrup st;;55.428093;9.286454;1;
417005;Vamdrup st;446184;55.428093;9.286454;;
333235;Velden am Wörther See;;46.620056;14.04472;1;
215113;Velden am Wörther See;333235;46.620056;14.04472;;
300365;Velgast;;54.277256;12.803149;1;
526984;Velgast;300365;54.277317;12.803137;;
532185;Verden(Aller);;52.920864;9.237906;1;
494211;Verden(Aller);532185;52.92082;9.237855;;
521429;Viersen;482951;51.254948;6.403896;;
482951;Viersen Bahnhof;;51.2545;6.404;1;
584165;Villach Hbf;;46.618614;13.848449;1;
299353;Villach Hbf;584165;46.618614;13.848449;;
118412;Villingen Bahnhof/ZOB;;48.057804;8.465526;1;
468415;Villingen(Schwarzw);118412;48.05802;8.465261;;
207594;Visp;;46.29403;7.881465;1;
28602;Visp;207594;46.29403;7.881465;;
260588;Vojens st;;55.248478;9.304915;1;
437583;Vojens st;260588;55.248478;9.304915;;
291712;Wabern(Bz Kassel);;51.102966;9.358136;1;
377871;Wabern(Bz Kassel);291712;51.102966;9.358136;;
211844;Wannsee Bahnhof (S), Berlin;451103;52.421402;13.180358;;5
388852;Warburg(Westf);679270;51.492954;9.163845;;
679270;Warburg, Bahnhof;;51.492752;9.163858;1;
355645;Waren (Müritz) Bahnhof;;53.52151;12.681077;1;
155725;Waren(Müritz);355645;53.52151;12.680678;;
129801;Warnemünde;;54.17711;12.090839;1;
90955;Warnemünde;129801;54.176853;12.091271;;
644330;Warszawa Centralna;;52.22886;21.003235;1;
142156;Warszawa Centralna;644330;52.22886;21.003235;;
39653;Warszawa Wschodnia;;52.25155;21.052336;1;
207425;Warszawa Wschodnia;39653;52.25155;21.052336;;
692027;Warszawa Zachodnia;;52.21997;20.965246;1;
661248;Warszawa Zachodnia;692027;52.21997;20.965246;;
359711;Wegliniec;;51.290108;15.223085;1;
460261;Wegliniec;359711;51.290108;15.223085;;
568749;Weil am Rhein;649755;47.59361;7.60844;;
649755;Weil am Rhein Bahnhof;;47.593803;7.608542;1;
116047;Weilheim;;47.845364;11.142855;1;
567283;Weilheim(Oberbay);116047;47.845364;11.14286;;
517967;Weimar;;50.991486;11.326463;1;
42075;Weimar;517967;50.991486;11.326458;;
669071;Weinheim(Bergstr)Hbf;194868;49.553303;8.665351;;
194868;Weinheim, Hauptbahnhof;;49.55333;8.665697;1;
659092;Weißenfels;;51.204617;11.970926;1;
165568;Weißenfels;659092;51.204617;11.970926;;
135002;Wels Hbf;;48.166077;14.026569;1;
509799;Wels Hbf;135002;48.166077;14.026569;;
157156;Werder (Havel), Bahnhof;;52.392704;12.926459;1;
623018;Werder(Havel);157156;52.39294;12.926189;;
336258;Westerland(Sylt);468987;54.906837;8.310925;;
468987;Westerland(Sylt) ZOB/Bahnhof;;54.906895;8.310884;1;
403644;Westerstede-Ocholt;;53.20229;7.886531;1;
685745;Westerstede-Ocholt;403644;53.202168;7.886468;;
190482;Weststeiermark;;46.813923;15.296772;1;
518011;Weststeiermark;190482;46.813923;15.296772;;
135333;Wien Hauptbahnhof;;48.185104;16.377113;1;
29712;Wien Hbf;135333;48.1851;16.377113;;
321940;Wien Meidling;;48.174583;16.333736;1;
368830;Wien Meidling;321940;48.174583;16.333736;;
197616;Wiener Neustadt Hbf;;47.81108;16.233652;1;
352016;Wiener Neustadt Hbf;197616;47.81108;16.233652;;
87362;Wiesbaden Hauptbahnhof;;50.06948;8.244634;1;
402121;Wiesbaden Hbf;87362;50.07079;8.243731;;
295542;Wiesloch-Walldorf;458602;49.29135;8.664146;;
458602;Wiesloch-Walldorf, Bf;;49.29107;8.664224;1;
468938;Winterthur;;47.500336;8.723821;1;
236051;Winterthur;468938;47.500336;8.723821;;
16082;Wittenberge;232153;53.003883;11.762578;;3
610824;Wittenberge;232153;53.00387;11.762465;;2
232153;Wittenberge, Bahnhof;;53.002373;11.763205;1;
344531;Wloszczowa Polnoc;;50.85811;19.947002;1;
396795;Wloszczowa Polnoc;344531;50.85811;19.947002;;
580296;Woerden;;52.08515;4.893511;1;
124328;Woerden;580296;52.08515;4.893511;;
286717;Wolfsburg Hbf;85219;52.429497;10.787784;;
85219;Wolfsburg, Hauptbahnhof;;52.42946;10.78776;1;
451231;Wolow;;51.333015;16.633755;1;
297260;Wolow;451231;51.333015;16.633755;;
141666;Worms Hbf;312313;49.63494;8.356448;;
312313;Worms, Hauptbahnhof;;49.635113;8.356955;1;
380319;Wroclaw Glowny;;51.09808;17.037088;1;
425508;Wroclaw Glowny;380319;51.09808;17.037088;;
371953;Wronki;;52.704967;16.38615;1;
75967;Wronki;371953;52.704967;16.38615;;
476721;Wuppertal Hbf;;51.25508;7.149323;1;
437958;Wuppertal Hbf;476721;51.254364;7.149543;;
624762;Wysoka Kamienska;;53.82494;14.832578;1;
569549;Wysoka Kamienska;624762;53.82494;14.832578;;
32069;Wörgl Hbf;;47.4918;12.060581;1;
593789;Wörgl Hbf;32069;47.4918;12.060581;;
631640;Würzburg Hbf;;49.801796;9.93578;1;
417405;Würzburg Hbf;631640;49.801796;9.93578;;
68632;Zabrze;;50.30528;18.786947;1;
305206;Zabrze;68632;50.30528;18.786947;;
440759;Zagreb Glavni kolodvor;;45.80444;15.978705;1;
150530;Zagreb Glavni kolodvor;440759;45.80444;15.978705;;
540755;Zapresic;;45.844494;15.813187;1;
301085;Zapresic;540755;45.844494;15.813187;;
568518;Zawiercie;;50.481018;19.422993;1;
605615;Zawiercie;568518;50.481018;19.422993;;
142048;Zbaszyn;;52.259502;15.894974;1;
477043;Zbaszyn;142048;52.259502;15.894974;;
503214;Zbaszynek;;52.242508;15.818092;1;
62527;Zbaszynek;503214;52.242508;15.818092;;
58792;Zdunska Wola;;51.61125;18.946575;1;
628741;Zdunska Wola;58792;51.61125;18.946575;;
242764;Zell am See;;47.32052;12.796571;1;
413270;Zell am See;242764;47.32052;12.796571;;
106125;Zidani Most;;46.085587;15.170323;1;
289876;Zidani Most;106125;46.085587;15.170323;;
254321;Zielona Gora Glowna;;51.947437;15.513709;1;
635851;Zielona Gora Glowna;254321;51.947437;15.513709;;
370112;Zmigrod;;51.474678;16.901731;1;
602421;Zmigrod;370112;51.474678;16.901731;;
141628;Zyrardow;;52.052116;20.448338;1;
95858;Zyrardow;141628;52.052116;20.448338;;
374368;Zürich Flughafen;;47.450386;8.562402;1;
534732;Zürich Flughafen;374368;47.450386;8.562402;;
96724;Zürich HB;;47.378178;8.540212;1;
471335;Zürich HB;96724;47.378178;8.540212;;
436514;Züssow;641311;53.97388;13.548191;;
641311;Züssow Bahnhof;;53.97299;13.549442;1;
265473;Ötztal;;47.238483;10.859114;1;
327570;Ötztal;265473;47.238483;10.859114;;
