trip_id;route_id;service_id
333788;1;1005
736986;1;1005
859870;1;1005
64624;1;1050
1260773;1;1057
1080221;1;132
1659588;1;141
43366;1;15
1081540;1;222
1578615;1;288
1743653;1;288
209107;1;288
575361;1;288
1133444;1;315
554312;1;315
556633;1;315
748336;1;315
1395559;1;334
1341613;1;335
1309445;1;379
1696438;1;412
1604392;1;413
1672070;1;413
326585;1;413
590063;1;413
1780524;1;422
1581030;1;432
1657548;1;444
415431;1;464
1062285;1;505
1700257;1;505
442434;1;505
907933;1;505
956031;1;536
436439;1;538
1702949;1;54
1267089;1;554
638596;1;554
1071096;1;600
1313096;1;601
131945;1;601
144019;1;601
573481;1;601
1502434;1;608
1305253;1;61
1475450;1;61
1104370;1;62
1559609;1;62
602093;1;62
638679;1;62
75869;1;62
840091;1;62
991397;1;62
631782;1;695
1303678;1;738
218727;1;738
686278;1;741
14318;1;763
1427120;1;784
100279;1;829
1779619;1;888
366485;1;941
1743918;10;10
84657;10;1005
1194168;10;1013
1570278;10;1014
886312;10;1014
915792;10;1016
751858;10;1027
1204892;10;1033
573486;10;1033
135772;10;1037
1338215;10;1047
143733;10;131
1579104;10;143
304635;10;143
474650;10;143
972554;10;143
612710;10;144
848083;10;144
923384;10;144
1734094;10;153
1669066;10;158
1429498;10;198
1091118;10;203
1105562;10;213
513175;10;288
596465;10;288
699354;10;288
1018798;10;292
56909;10;303
554752;10;356
275465;10;365
1040921;10;413
1133653;10;413
1207660;10;413
1532241;10;413
1588211;10;413
1745407;10;413
748143;10;413
761428;10;413
859677;10;413
869367;10;413
944523;10;413
966328;10;413
549727;10;422
39478;10;445
1031582;10;45
1492229;10;45
870116;10;45
973316;10;455
345193;10;469
1964;10;491
611460;10;493
584317;10;496
1443156;10;522
281562;10;522
471999;10;530
1218042;10;537
130500;10;537
514257;10;537
273343;10;583
881530;10;583
1050562;10;595
962342;10;596
1099159;10;600
1192565;10;600
436675;10;600
864407;10;601
1071948;10;604
1115350;10;608
1448267;10;608
1463877;10;608
1782763;10;615
449282;10;615
1111071;10;616
47813;10;636
55614;10;636
776210;10;656
661095;10;664
903742;10;671
759821;10;696
284109;10;715
120941;10;734
1386677;10;734
1689143;10;734
936269;10;734
1707696;10;761
985952;10;785
1192936;10;799
1122934;10;803
1137795;10;803
1652312;10;803
1463700;10;829
159272;10;829
419534;10;829
595447;10;829
82302;10;829
1162751;10;85
270371;10;85
645094;10;85
1315292;10;852
1190897;10;856
399552;10;857
304067;10;866
909621;10;891
1249527;10;901
962243;10;92
1382238;10;944
1143120;10;998
190346;10;998
267269;10;998
1033452;11;1047
461655;11;120
554684;11;175
825849;11;175
30394;11;275
1540789;11;296
671511;11;570
1782338;11;65
1500985;11;737
1275140;11;761
955503;11;784
842661;11;941
1758064;11;969
1684852;12;1016
1215926;12;1047
1322590;12;1047
1602055;12;1047
30674;12;107
380247;12;107
990724;12;107
1618778;12;137
377263;12;143
1452498;12;158
847868;12;175
1310181;12;259
1391147;12;259
333632;12;259
1517381;12;266
374998;12;28
1051371;12;311
1440094;12;313
1042951;12;334
111702;12;334
1202661;12;334
1260840;12;334
131919;12;334
1418368;12;334
1587669;12;334
1690693;12;334
1743289;12;334
213711;12;334
220938;12;334
246208;12;334
32310;12;334
460462;12;334
461773;12;334
493300;12;334
803130;12;334
966689;12;334
1507666;12;380
1018860;12;391
1337189;12;445
594299;12;445
194608;12;449
1112540;12;464
228090;12;484
1312520;12;522
536782;12;531
1316012;12;539
1044419;12;600
1489405;12;600
908913;12;600
1036042;12;615
1259978;12;615
1554364;12;615
1643776;12;65
127494;12;676
412190;12;72
1346279;12;736
1011860;12;739
6222;12;751
809551;12;751
147875;12;761
854579;12;761
473759;12;789
339476;12;808
1669751;12;827
1563746;12;832
374348;12;85
1531114;12;852
1583915;12;852
439426;12;852
1100511;12;891
1211372;12;901
598777;12;937
791087;12;939
1277530;12;962
1360394;12;962
507658;12;969
32640;13;1005
748069;13;12
284523;13;121
481186;13;132
363595;13;157
1346599;13;158
1665232;13;158
507160;13;175
1368803;13;268
23589;13;268
219937;13;281
531063;13;281
20876;13;294
402405;13;439
365307;13;537
77579;13;537
1366936;13;608
1253405;13;62
371020;13;620
1195820;13;65
185115;13;656
270677;13;857
1589361;14;1005
1315522;14;1044
960788;14;1049
1409119;14;1052
783158;14;107
301712;14;142
1629989;14;144
1075955;14;146
1732254;14;146
1069944;14;158
1088254;14;158
1121801;14;158
474809;14;158
841291;14;158
726298;14;18
580229;14;210
526075;14;234
392997;14;238
212673;14;297
1176524;14;309
1238319;14;309
1328378;14;309
337916;14;309
445740;14;309
727679;14;309
451690;14;317
1494066;14;334
159887;14;334
312730;14;334
592084;14;370
1110785;14;395
1738671;14;395
673564;14;395
764789;14;395
709862;14;400
637447;14;410
990438;14;443
1016103;14;486
336605;14;486
1213306;14;554
1448428;14;554
18992;14;554
667900;14;554
886635;14;554
1025814;14;558
129423;14;558
1456946;14;558
1109240;14;600
1593920;14;600
1686297;14;600
570602;14;600
716691;14;600
1525293;14;61
63063;14;638
831170;14;67
843918;14;676
1231579;14;692
920652;14;74
1278294;14;767
13543;14;767
1453316;14;767
1667573;14;767
448823;14;767
621405;14;767
719560;14;767
929034;14;767
117503;14;768
128236;14;769
273429;14;778
1517620;14;784
736894;14;784
680480;14;789
398521;14;810
548594;14;825
409344;14;831
248988;14;836
1160892;14;87
1162487;14;87
94621;14;900
443882;14;956
765056;14;98
280738;14;997
120395;15;530
575396;15;657
572185;16;132
290953;16;213
32742;16;213
209696;16;485
158914;16;822
1206740;17;1005
1783740;17;1005
1166516;17;1014
1489226;17;1014
1140352;17;1027
1645914;17;1027
1648567;17;1027
20516;17;1027
37950;17;1027
412019;17;1027
73210;17;1027
756518;17;1027
764218;17;1027
1751014;17;1028
1015090;17;103
1553760;17;103
21033;17;1041
19888;17;1047
627629;17;1056
859370;17;1056
818681;17;12
12827;17;123
818346;17;127
739420;17;132
304371;17;158
1013946;17;189
1130680;17;189
126446;17;189
1271946;17;189
1713388;17;189
1740459;17;189
1757257;17;189
347823;17;189
937623;17;189
951947;17;189
1606746;17;194
1698007;17;194
279113;17;194
422460;17;194
538519;17;200
112137;17;225
1298506;17;225
777352;17;248
1541150;17;261
1288584;17;274
1316049;17;283
425396;17;283
462500;17;283
1071562;17;288
1258410;17;288
1323496;17;288
1610895;17;288
1090650;17;29
638977;17;307
691405;17;307
414789;17;330
1407811;17;349
1217027;17;368
1095485;17;396
1749379;17;396
1292264;17;413
1496988;17;413
1521094;17;413
440087;17;413
705426;17;413
970570;17;413
1440077;17;415
1690994;17;447
1032980;17;45
11766;17;45
163265;17;45
272146;17;45
284115;17;45
334886;17;45
423985;17;45
45642;17;45
495660;17;45
54963;17;45
651524;17;45
672882;17;45
792702;17;45
942302;17;45
989713;17;45
1347831;17;453
1358832;17;464
798469;17;51
1398820;17;528
647611;17;528
1146800;17;530
1653481;17;530
1676018;17;530
60365;17;530
867530;17;533
1263139;17;537
473167;17;537
1309926;17;545
50405;17;56
1598139;17;560
859276;17;575
984772;17;583
114313;17;600
1153596;17;600
1194571;17;600
1333252;17;600
13425;17;600
1366459;17;600
1442001;17;600
1705673;17;600
1770390;17;600
187479;17;600
203787;17;600
231246;17;600
478412;17;600
663637;17;600
74255;17;600
762959;17;600
8619;17;600
391526;17;608
1440214;17;609
1403059;17;615
606400;17;615
135267;17;617
1145528;17;636
242648;17;636
570309;17;636
110518;17;656
606589;17;656
1513316;17;670
26744;17;670
400734;17;670
424322;17;704
1123310;17;734
1159924;17;734
1201379;17;734
1291806;17;734
1318002;17;734
1462319;17;734
1491454;17;734
267037;17;734
364199;17;734
369010;17;734
4362;17;734
555358;17;734
1686487;17;735
1213055;17;76
1157551;17;761
1265106;17;761
1363258;17;761
1521591;17;761
1613681;17;761
1613883;17;761
271884;17;761
284459;17;761
408773;17;761
619560;17;761
781009;17;761
833971;17;761
866570;17;761
93297;17;761
1446836;17;799
1550509;17;799
1037448;17;801
720511;17;802
1045066;17;805
960130;17;805
1146078;17;829
1159893;17;829
1175849;17;829
1212515;17;829
1272436;17;829
1438603;17;829
1450445;17;829
1616522;17;829
1729079;17;829
1729210;17;829
271241;17;829
30747;17;852
1601499;17;864
1445544;17;875
191973;17;875
778079;17;875
1244745;17;891
1338316;17;891
1548159;17;891
1609597;17;891
1711728;17;891
1741934;17;891
389991;17;891
465419;17;891
559722;17;891
968575;17;891
114276;17;906
801606;17;94
1337801;17;943
1207763;17;952
1193922;18;102
1437420;18;102
351884;18;102
972959;18;102
1035073;18;1045
224556;18;1045
299458;18;1045
802168;18;1045
952406;18;1045
1584984;18;175
769188;18;278
609185;18;329
1139023;18;334
1592810;18;334
355277;18;334
420425;18;334
4735;18;334
974727;18;335
604519;18;413
1290773;18;416
22702;18;416
1639035;18;439
992268;18;439
1000894;18;450
120872;18;600
255955;18;620
1113595;18;642
1123208;18;642
1256310;18;642
663026;18;642
338680;18;659
679872;18;734
1437510;18;782
1252473;18;817
1455524;18;83
105433;18;921
1583187;18;921
884685;18;924
1093158;18;955
1122418;18;955
154481;18;955
1618409;18;955
485687;18;955
1151276;19;1031
1470122;19;1047
26452;19;132
775712;19;132
406599;19;175
819896;19;309
48265;19;329
1576774;19;413
1405671;19;439
938279;19;439
723156;19;466
41858;19;515
958209;19;620
324225;19;659
812555;19;722
1271087;19;85
1028946;19;885
1131188;19;947
1395511;19;978
1483321;19;998
69647;2;1005
90983;2;1005
1406831;2;1008
1596853;2;1020
1057510;2;1055
311119;2;156
1389222;2;171
5900;2;171
1195709;2;215
271253;2;215
893596;2;215
1088986;2;236
216897;2;236
322252;2;236
991018;2;317
1251849;2;334
588141;2;334
258130;2;341
1684145;2;396
1608824;2;446
667961;2;484
1000128;2;489
1398930;2;489
1636105;2;504
363627;2;504
1248658;2;537
1486844;2;537
45701;2;537
940323;2;537
1524404;2;545
524668;2;545
644700;2;565
1420917;2;587
680888;2;587
1406730;2;592
1317591;2;600
1646479;2;600
539806;2;600
560748;2;600
879450;2;600
465693;2;608
504404;2;608
512915;2;608
643799;2;608
830436;2;608
167943;2;609
1387383;2;615
170697;2;615
900680;2;634
1101104;2;636
215497;2;636
958292;2;636
1029800;2;663
1039685;2;676
1155144;2;677
1554959;2;677
972891;2;677
117364;2;693
1359590;2;693
833904;2;693
329639;2;713
479779;2;715
785806;2;74
1559218;2;823
1561136;2;852
313204;2;887
1373571;2;891
1680498;2;903
1207284;2;906
1280133;2;906
1293236;2;906
1764354;2;906
204838;2;906
955179;2;906
966279;2;906
995460;2;906
1399864;2;93
308061;2;949
457971;2;969
495349;2;969
762123;2;969
1401613;2;976
1309652;2;983
1386789;20;1034
1525100;20;143
1737464;20;143
322066;20;143
595359;20;143
734804;20;143
1085064;20;334
1232842;20;334
1460810;20;334
1615796;20;334
1739778;20;334
1744487;20;334
1759164;20;334
24035;20;334
606487;20;334
351195;20;414
1330766;20;656
1461797;20;656
1150353;20;736
1364723;20;736
167128;20;736
202037;21;1002
1730343;21;1005
534952;21;1005
39362;21;107
811123;21;107
1526002;21;196
440105;21;196
286949;21;224
55084;21;224
729168;21;224
1675860;21;260
385540;21;266
449790;21;272
111248;21;285
1329753;21;285
1746582;21;288
799153;21;309
1782203;21;340
1080977;21;374
314292;21;374
513427;21;395
570618;21;40
1306969;21;430
309270;21;444
360778;21;444
406923;21;444
629468;21;444
866101;21;444
376334;21;499
14062;21;507
20875;21;568
380303;21;569
1369850;21;583
514784;21;583
250756;21;596
908797;21;596
1100916;21;62
141844;21;62
1637321;21;62
1722654;21;62
257797;21;62
621268;21;62
711087;21;62
724659;21;62
803637;21;62
834870;21;62
1616303;21;644
345959;21;724
130146;21;760
1783739;21;762
512942;21;771
1556904;21;779
1394024;21;780
1625911;21;784
1338391;21;791
1325480;21;8
713266;21;819
23152;21;848
385906;21;866
243109;21;874
950085;21;881
1549396;21;936
573852;21;954
986338;21;961
703832;21;995
797525;22;1004
774443;22;1005
622412;22;1009
1299878;22;102
483802;22;1020
1354901;22;1036
268700;22;1036
1203208;22;1047
1427980;22;114
1613890;22;115
1002797;22;117
950413;22;128
605202;22;130
1383450;22;143
1655109;22;143
643187;22;143
72401;22;143
1004166;22;157
118049;22;157
1228621;22;157
1312880;22;157
1334098;22;157
1441519;22;157
589448;22;157
850001;22;157
365860;22;19
96969;22;196
270554;22;197
1546118;22;198
1777582;22;209
241577;22;213
1604826;22;220
1099135;22;229
256600;22;229
263631;22;229
26525;22;23
374384;22;239
1505409;22;252
966106;22;255
1317988;22;319
1353853;22;319
509558;22;319
399452;22;334
64504;22;334
1440549;22;343
849620;22;357
113835;22;361
1291884;22;376
930464;22;376
1218935;22;396
145840;22;396
211289;22;401
833482;22;401
784554;22;413
1260055;22;477
1328113;22;477
201810;22;477
356347;22;477
872810;22;477
63151;22;484
1603122;22;488
632776;22;529
57572;22;530
848295;22;530
1635403;22;564
272224;22;571
1212931;22;584
1523476;22;584
1581800;22;584
981919;22;584
1557380;22;628
1573595;22;628
1696723;22;628
318024;22;628
549525;22;628
686182;22;628
72723;22;628
1224358;22;636
739241;22;636
905964;22;636
906509;22;636
702592;22;652
1239876;22;656
1138197;22;686
1226485;22;686
1405048;22;686
140702;22;686
1713552;22;686
1407788;22;688
1182167;22;717
1136584;22;756
784851;22;756
578780;22;761
889235;22;796
1202617;22;822
157976;22;822
351481;22;822
955391;22;822
142910;22;829
1777544;22;829
1777624;22;829
268671;22;829
413795;22;829
422843;22;829
47641;22;829
627436;22;829
1681604;22;878
796422;22;878
104278;22;905
1772416;22;905
224837;22;905
6876;22;905
1489908;22;92
1695995;22;92
1779739;22;92
5094;22;92
1254129;22;945
380602;22;945
1664493;22;965
189347;22;966
1289600;23;1005
1440331;23;1005
1655668;23;1005
809697;23;1005
1444618;23;1010
1593765;23;1014
483667;23;1014
491847;23;1033
58666;23;1033
629326;23;1033
803714;23;1033
832719;23;1033
1371063;23;112
779828;23;112
555253;23;119
1049548;23;138
15354;23;144
227266;23;144
1256423;23;147
510339;23;147
1641311;23;158
9013;23;158
1073285;23;176
999518;23;199
1100046;23;213
1471689;23;213
959238;23;213
98118;23;213
1753262;23;22
1756572;23;22
195698;23;22
299015;23;22
51793;23;22
551364;23;22
87399;23;22
137040;23;223
803029;23;225
119100;23;232
1137703;23;263
1098007;23;288
1478878;23;291
211848;23;309
266719;23;309
846828;23;309
476228;23;330
1016844;23;356
111603;23;356
1344736;23;356
1528029;23;356
1567321;23;356
417274;23;356
930899;23;356
156898;23;362
336736;23;366
1665805;23;377
1709531;23;377
960236;23;394
1254608;23;396
1645260;23;396
405209;23;396
981738;23;410
1636116;23;411
1122419;23;413
1281808;23;413
1333350;23;413
1469454;23;413
1504209;23;413
150914;23;413
1573591;23;413
1585571;23;413
264111;23;413
286517;23;413
310437;23;413
343321;23;413
446913;23;413
477985;23;413
53960;23;413
94961;23;413
717187;23;43
1340024;23;45
623140;23;454
1268188;23;455
1328133;23;484
1559702;23;49
772276;23;493
1153792;23;500
1122440;23;515
976106;23;515
1559574;23;52
1007270;23;522
1152383;23;522
248969;23;522
293749;23;522
830028;23;522
904333;23;522
90117;23;537
912540;23;537
1164622;23;546
1658739;23;583
482940;23;594
1412404;23;600
1239641;23;608
1736109;23;608
342786;23;608
620572;23;613
1251786;23;615
1644488;23;615
1017058;23;636
1531746;23;636
877872;23;641
1343215;23;656
1445475;23;656
1631441;23;665
1095423;23;676
1510988;23;676
1563614;23;676
1148993;23;701
479604;23;706
670958;23;718
1288402;23;734
466444;23;745
229156;23;750
342678;23;761
418782;23;761
665817;23;761
558111;23;784
1062608;23;829
145689;23;829
423835;23;829
918265;23;843
1269906;23;85
1691345;23;85
115610;23;852
1318730;23;852
1100506;23;857
762829;23;857
1557090;23;868
913187;23;870
1409386;23;893
902287;23;901
910800;24;235
1039768;24;334
1106832;24;334
1402103;24;334
1530652;24;334
222405;24;334
416771;24;334
982427;24;334
448498;24;818
1027055;25;413
245247;25;442
851522;25;589
102503;26;1005
660970;26;1005
994126;26;1005
995973;26;1005
1199911;26;1008
261475;26;1008
9167;26;1008
85415;26;1014
1473772;26;1016
890964;26;102
1283838;26;1028
1380533;26;1028
713068;26;1028
827124;26;1047
897633;26;1047
977894;26;1047
1288715;26;112
448005;26;112
1333774;26;114
1391825;26;114
1582574;26;114
1656877;26;114
25729;26;114
508264;26;114
619480;26;114
804098;26;114
1781228;26;138
934701;26;138
1430823;26;143
1084931;26;158
936526;26;163
534512;26;174
602493;26;187
1137980;26;198
1581920;26;198
764386;26;198
1173929;26;20
1676181;26;213
873072;26;215
1135041;26;225
1140138;26;225
1272630;26;225
131822;26;225
1364716;26;225
1377636;26;225
1520594;26;225
1620132;26;225
172144;26;225
1743935;26;225
23461;26;225
257849;26;225
269834;26;225
456789;26;225
62884;26;225
646211;26;225
71048;26;225
781394;26;225
792965;26;225
810117;26;225
826377;26;225
842803;26;225
1242020;26;236
1367004;26;236
1379293;26;236
33075;26;236
380024;26;236
552135;26;236
575831;26;236
650139;26;236
806133;26;236
764004;26;265
1431243;26;266
1192167;26;288
1307016;26;288
716936;26;288
1131285;26;309
1302844;26;309
1587106;26;309
379473;26;330
186371;26;339
1517270;26;34
1703117;26;34
1043219;26;368
1667795;26;396
1380193;26;41
519436;26;429
1256137;26;436
219375;26;436
811318;26;436
952699;26;445
134545;26;446
1693804;26;45
266166;26;45
824625;26;45
880598;26;45
884106;26;45
335765;26;464
1342995;26;479
259635;26;504
631566;26;504
680716;26;504
1587797;26;515
1784106;26;522
1027318;26;526
1137913;26;526
1367655;26;526
1520379;26;526
1775054;26;526
221839;26;526
854046;26;526
434650;26;60
552263;26;600
702323;26;600
999730;26;600
1467546;26;608
346090;26;608
403888;26;608
804758;26;608
634172;26;609
697345;26;609
1442082;26;610
770162;26;614
1082584;26;615
1609812;26;619
1288252;26;62
155217;26;62
1664654;26;62
221199;26;62
502985;26;62
66403;26;62
866220;26;62
943622;26;62
1690853;26;638
1695413;26;656
1284970;26;676
1465000;26;676
1698447;26;676
823945;26;676
1243805;26;683
1574204;26;69
1639659;26;693
865296;26;708
892811;26;736
158539;26;74
1023020;26;754
1389585;26;761
332315;26;761
954545;26;761
73954;26;814
1708799;26;822
1597431;26;829
440611;26;829
471589;26;829
480832;26;829
847035;26;829
1120671;26;85
1661592;26;85
1275971;26;852
1340574;26;852
589295;26;852
801011;26;852
204936;26;857
889074;26;882
1412675;26;891
678541;26;891
1493435;26;906
1640166;26;906
1767104;26;906
909294;26;906
40140;26;91
270250;26;925
517097;26;938
613263;26;940
1045007;26;965
1519297;26;965
1575991;26;965
1647722;26;965
1681641;26;965
1733950;26;965
1516837;26;967
1213196;26;970
1129157;26;99
1356407;26;997
1696434;26;997
244318;26;997
419468;26;997
937213;26;997
1295668;27;1005
133478;27;1005
460794;27;1005
820738;27;1005
128720;27;143
439929;27;143
835782;27;143
971156;27;143
1464365;27;198
600706;27;198
27217;27;436
202058;27;5
926861;27;5
1047486;27;609
1022350;27;86
1581877;27;86
1333038;27;998
618651;27;998
1375238;28;175
1443984;28;175
1655946;28;175
1764395;28;175
179029;28;175
335190;28;175
514612;28;175
81367;28;175
137125;28;254
1099797;28;305
1496876;28;305
1632913;28;305
554049;28;305
705447;28;305
755107;28;305
1475584;28;32
1707638;28;33
1029633;28;436
939904;28;493
1292428;28;582
1397171;28;582
1539689;28;608
464037;28;620
1336694;28;641
603372;28;748
1154816;28;81
157993;28;883
1703024;28;922
9189;28;929
1039476;29;1001
179368;29;106
1470945;29;198
32934;29;392
895016;29;614
198771;29;700
313380;29;847
1105612;3;1005
1501239;3;1005
269167;3;109
386242;3;109
1411084;3;132
1777004;3;132
417349;3;132
438042;3;132
585388;3;132
752222;3;132
659740;3;163
1300793;3;211
126622;3;289
473221;3;289
559305;3;289
586407;3;289
1245031;3;316
870433;3;316
1415780;3;413
519586;3;413
98259;3;493
1602501;3;494
915201;3;494
805586;3;527
1111231;3;551
1573447;3;600
494316;3;600
1142139;3;636
1266360;3;636
1334307;3;636
1359350;3;636
1506890;3;636
853453;3;636
636142;3;641
316388;3;649
460269;3;671
1002747;3;722
137373;3;722
1548436;3;722
1633267;3;722
637200;3;722
517384;3;789
108007;3;901
19239;3;901
1625949;3;982
79426;30;1005
1136905;30;141
76763;30;385
1334897;30;404
1489240;30;412
984502;30;413
814640;30;422
1242958;30;536
539288;30;618
226010;30;784
923545;30;829
1517551;30;889
1240590;31;1005
131474;31;1005
218007;31;1005
299217;31;1005
417053;31;1005
586974;31;1005
1411968;31;1014
908975;31;1014
1504108;31;1033
1179623;31;1047
1288426;31;1047
95277;31;1047
1008690;31;107
1281321;31;107
1481019;31;107
313731;31;107
437993;31;107
57483;31;107
669143;31;107
695685;31;107
819042;31;107
884060;31;107
1758554;31;112
520283;31;112
621671;31;112
56451;31;125
29144;31;144
989042;31;144
536079;31;145
1134015;31;158
1199729;31;158
920837;31;158
1382511;31;198
365422;31;198
816360;31;198
875229;31;198
1138538;31;210
398831;31;210
1194458;31;213
1363884;31;213
1556670;31;213
1769288;31;213
395288;31;213
861216;31;213
1673717;31;236
968334;31;236
1404317;31;243
120297;31;250
1208406;31;264
1428144;31;285
1682801;31;285
275684;31;305
81564;31;305
961535;31;309
1022012;31;321
400942;31;321
1662162;31;330
207149;31;330
384623;31;330
1169927;31;334
1470802;31;335
211658;31;335
504068;31;335
864816;31;335
986217;31;335
824853;31;347
1318398;31;348
530519;31;355
1259222;31;362
1741443;31;362
1064750;31;413
962335;31;413
1381980;31;419
1618719;31;419
157630;31;445
769238;31;445
1017060;31;45
1028985;31;45
1367903;31;45
1726901;31;45
246608;31;45
474827;31;45
692865;31;45
83573;31;45
665309;31;450
265927;31;464
569338;31;464
624522;31;47
343173;31;493
363069;31;522
999915;31;522
1398983;31;524
1728171;31;530
803230;31;530
1313116;31;533
1710650;31;533
60506;31;533
791282;31;533
956332;31;533
493802;31;537
1762008;31;559
603846;31;577
451873;31;583
795053;31;583
938257;31;585
1341460;31;600
1119603;31;608
715637;31;608
739559;31;608
617448;31;611
1188676;31;614
1311150;31;614
1775713;31;614
906161;31;614
104375;31;615
1708244;31;615
668034;31;615
1461574;31;636
1579977;31;636
1648831;31;636
1659413;31;636
207984;31;636
1404731;31;642
1035302;31;656
1339167;31;656
1349756;31;656
1480903;31;656
1566593;31;656
457919;31;656
741388;31;656
1185577;31;676
367022;31;676
964656;31;676
1639690;31;721
1070945;31;734
1118240;31;734
1323262;31;734
1417991;31;734
1422577;31;734
1444998;31;734
1648478;31;734
1710654;31;734
1734513;31;734
52393;31;734
932913;31;734
854172;31;746
1517577;31;751
1555483;31;761
1620866;31;761
1681966;31;761
609450;31;761
745485;31;761
1189888;31;802
390437;31;802
114939;31;803
1242651;31;803
1271067;31;803
1027283;31;829
1448852;31;829
1601871;31;829
1732071;31;829
316028;31;829
423068;31;829
672623;31;829
704946;31;829
949073;31;829
1779587;31;831
105601;31;85
134361;31;85
157018;31;85
986133;31;85
1644943;31;852
962933;31;852
1048143;31;857
633919;31;857
960783;31;869
10142;31;876
149209;31;876
189051;31;876
950809;31;876
40924;31;877
1100947;31;884
1503633;31;884
505445;31;884
1273152;31;891
226693;31;891
1578739;31;936
1431537;31;953
102531;31;955
10419;31;955
1088139;31;955
1100136;31;955
1328849;31;955
1364514;31;955
1421424;31;955
1544238;31;955
464139;31;955
907913;31;955
1411887;31;969
522203;31;980
1777768;32;1005
326315;32;1005
240504;32;1031
264816;32;1031
241383;32;1033
93575;32;1033
1005029;32;1047
1230139;32;143
1579834;32;157
248919;32;157
1358301;32;158
557279;32;158
701265;32;158
902811;32;158
187740;32;175
1487922;32;178
1105949;32;184
1310688;32;184
232598;32;184
1625813;32;198
514691;32;198
895509;32;198
739859;32;210
261146;32;241
126763;32;267
1614199;32;267
1122535;32;285
433911;32;290
1243045;32;305
1291531;32;305
13700;32;305
1488002;32;305
1675498;32;305
1725160;32;305
1778243;32;305
680446;32;305
689166;32;305
264993;32;309
198046;32;362
244150;32;362
13967;32;387
134926;32;413
1756700;32;426
1435850;32;439
1498394;32;464
1550015;32;493
840882;32;493
357136;32;503
1173129;32;522
1301310;32;522
1307424;32;600
378334;32;600
350334;32;608
1770070;32;614
1518611;32;615
432280;32;615
542859;32;615
893438;32;615
534846;32;620
847044;32;620
794176;32;674
317631;32;725
1245199;32;726
462802;32;734
1452739;32;743
1039592;32;744
890039;32;744
1133060;32;751
1288657;32;751
1476127;32;751
50394;32;753
30405;32;761
418683;32;77
277259;32;790
547859;32;803
708561;32;806
1591725;32;808
399227;32;820
1092467;32;857
179078;32;857
1641881;32;864
416110;32;88
1581949;32;889
97571;32;891
172867;32;933
1752692;32;933
423587;32;933
1654641;32;955
398238;32;955
1018577;32;969
1353795;32;969
1657781;32;969
841281;32;969
943091;32;969
127543;32;998
1637;32;998
1277634;33;1005
205666;33;1005
315100;33;1005
331770;33;1005
458245;33;1005
572544;33;1005
627380;33;1014
696801;33;1014
85388;33;1014
986185;33;1014
1594987;33;1016
411195;33;1017
1124538;33;102
1623663;33;1027
1503258;33;1033
519381;33;1033
902963;33;1033
1447014;33;104
1146781;33;1047
1640105;33;1047
261147;33;1047
295018;33;1047
371109;33;11
188985;33;112
746480;33;112
516022;33;125
1260708;33;128
1568306;33;128
312533;33;140
1353092;33;157
1010871;33;158
1123218;33;158
1311125;33;158
1398546;33;158
589925;33;158
760550;33;158
778816;33;158
822513;33;158
540332;33;16
94558;33;167
1751385;33;191
993322;33;198
953370;33;208
1059298;33;210
1470471;33;210
485512;33;210
61458;33;210
1230849;33;213
703369;33;213
539276;33;224
1171353;33;266
137381;33;27
1463979;33;288
425955;33;288
472685;33;288
479652;33;288
974601;33;288
1189012;33;290
389832;33;290
433491;33;290
138720;33;309
1437913;33;309
997028;33;309
1025879;33;330
1685341;33;330
40237;33;330
1687956;33;335
422768;33;335
46391;33;335
968658;33;335
1155989;33;362
1367158;33;362
304259;33;362
763129;33;362
987469;33;362
1285272;33;368
1398485;33;368
1489691;33;368
426521;33;368
439790;33;368
454648;33;368
561160;33;368
743651;33;37
651407;33;395
695193;33;395
1366685;33;396
521237;33;40
297408;33;41
89228;33;422
1107418;33;445
1594571;33;445
572726;33;445
763061;33;445
1257563;33;450
129138;33;464
1583633;33;464
572842;33;467
1606310;33;475
1115467;33;478
1187433;33;493
1673453;33;493
1283105;33;522
1437043;33;522
991149;33;524
359331;33;534
1304794;33;537
1313415;33;537
371323;33;537
818177;33;537
1351588;33;54
1624341;33;54
1697483;33;54
1723004;33;54
995623;33;54
6065;33;540
1586116;33;55
123743;33;554
135736;33;583
560081;33;583
697029;33;583
888495;33;583
1375869;33;596
1001929;33;600
122079;33;600
1517753;33;600
985818;33;600
1032438;33;608
1108834;33;608
1199849;33;608
1607209;33;608
1648189;33;608
579203;33;608
1057378;33;614
1144591;33;614
1233346;33;614
8249;33;614
974127;33;614
100622;33;615
1082769;33;615
299483;33;615
871079;33;615
1302626;33;619
1576667;33;620
1669862;33;628
1671802;33;628
170058;33;628
975082;33;628
1084958;33;63
1154018;33;630
1554334;33;632
1299901;33;636
1362452;33;636
1033557;33;656
1072351;33;656
1755938;33;656
339377;33;656
431489;33;656
978841;33;656
1482555;33;676
158645;33;676
1601490;33;676
938555;33;676
830070;33;697
1665251;33;702
16791;33;705
1018865;33;734
1208978;33;734
1306921;33;734
1354719;33;734
1390209;33;734
141905;33;734
1750391;33;734
268205;33;734
1201784;33;751
187485;33;751
707027;33;751
1145872;33;761
1436699;33;761
1767779;33;761
187931;33;761
366823;33;761
757601;33;761
859422;33;761
963641;33;761
997887;33;762
1234426;33;773
956187;33;784
438797;33;795
25968;33;802
1206556;33;803
149679;33;803
325369;33;803
347974;33;803
811661;33;803
676947;33;821
1187734;33;829
1192308;33;829
122578;33;829
1422345;33;829
1483233;33;829
1527496;33;829
1646769;33;829
199697;33;829
608345;33;829
626814;33;829
81988;33;829
962670;33;829
1457206;33;831
1641417;33;835
747592;33;85
1217769;33;852
1224950;33;852
1249958;33;852
636651;33;852
665030;33;852
843221;33;852
914973;33;852
1346638;33;857
816901;33;857
1067994;33;869
1676450;33;870
1035379;33;891
1244401;33;891
419256;33;891
612286;33;891
659506;33;891
944059;33;891
987859;33;891
849852;33;895
553848;33;898
130481;33;904
220573;33;92
633545;33;92
837292;33;92
365831;33;928
117378;33;93
1582446;33;936
830120;33;936
570504;33;941
1558704;33;944
1047679;33;955
1168101;33;955
210892;33;955
416595;33;955
606355;33;955
747119;33;955
823270;33;955
1151976;33;965
103360;33;969
1054497;33;985
1055536;33;989
1433845;33;989
354649;33;997
1010954;34;334
1276296;34;334
1322359;34;334
1726397;34;334
420529;35;288
1359449;35;62
1324645;36;1
682151;36;1005
790524;36;1005
286063;36;1007
1078137;36;1014
305275;36;1014
679046;36;1014
708341;36;1014
906648;36;1014
1570111;36;1016
1734610;36;1022
1188241;36;1033
230062;36;1033
473669;36;1033
1119009;36;1047
1488863;36;1047
175235;36;1047
1234705;36;113
120907;36;132
240623;36;132
1125019;36;144
1310033;36;144
1695628;36;144
1311057;36;158
27781;36;158
1713359;36;16
782018;36;163
869402;36;163
791302;36;170
1227707;36;175
642459;36;175
1392628;36;177
1442238;36;177
1704264;36;180
1492099;36;188
68934;36;210
1136518;36;219
1139175;36;219
751960;36;219
603299;36;224
993809;36;225
1428845;36;249
686632;36;256
392366;36;270
171243;36;280
1736074;36;3
1177455;36;309
884826;36;309
1578519;36;330
635764;36;330
267388;36;333
143753;36;336
75744;36;350
1375492;36;371
669376;36;396
1172177;36;413
1342501;36;413
1412344;36;413
1453170;36;413
1512114;36;413
1554234;36;413
1610791;36;413
1659795;36;413
192310;36;413
29166;36;413
52852;36;413
862468;36;413
93569;36;413
1155187;36;422
14527;36;422
690960;36;422
672569;36;43
1058591;36;439
180400;36;45
367280;36;463
741740;36;490
417897;36;493
1284247;36;515
1450911;36;515
754476;36;515
1539640;36;522
1682155;36;522
257839;36;522
400448;36;522
876028;36;537
991227;36;583
1004150;36;586
844353;36;596
1399489;36;600
1032944;36;608
1368217;36;608
153534;36;608
477888;36;608
61009;36;608
883185;36;608
1470274;36;609
1183602;36;614
1211477;36;614
28025;36;615
702554;36;615
1517225;36;620
1433419;36;628
955822;36;636
293910;36;639
1163756;36;641
589216;36;656
154954;36;676
161322;36;719
1779906;36;72
1033667;36;722
1090267;36;722
1334356;36;722
1341508;36;722
1488056;36;722
1491350;36;722
1570072;36;722
1729740;36;722
32377;36;722
663789;36;722
897048;36;722
936973;36;722
1364169;36;732
1581467;36;740
262069;36;740
488611;36;748
556698;36;748
885670;36;748
15499;36;751
324447;36;751
1033207;36;761
772408;36;761
993826;36;761
761134;36;803
1238250;36;812
540416;36;829
1484489;36;85
1571541;36;85
984070;36;85
1190961;36;852
126368;36;852
1369697;36;852
1644703;36;855
1004445;36;857
1753141;36;870
953113;36;889
82760;36;89
1146634;36;890
1000047;36;891
1027646;36;891
1632605;36;891
1731915;36;891
303706;36;891
1220100;36;9
40556;36;906
260016;36;915
319906;36;915
325670;36;920
402220;36;93
1083400;36;936
550107;36;936
1006284;36;95
1052509;36;975
787142;36;975
916090;36;981
364117;36;994
842242;37;1005
782625;37;1047
1206575;37;107
678503;37;107
1395051;37;133
593158;37;143
641664;37;143
825143;37;143
417203;37;148
188568;37;169
708220;37;213
1584057;37;259
1627216;37;259
746611;37;290
235178;37;304
1159704;37;323
197727;37;334
1406107;37;356
305532;37;413
170516;37;436
1134044;37;445
852522;37;462
1189449;37;537
268679;37;537
444709;37;537
1244551;37;582
1068229;37;600
442319;37;600
583248;37;600
1384508;37;608
1456071;37;608
1004224;37;609
1212721;37;609
313728;37;609
193067;37;636
496618;37;636
838856;37;656
492750;37;733
1543981;37;74
287009;37;800
1091464;37;829
1566116;37;829
1591265;37;829
894845;37;829
775051;37;891
1171915;37;903
820457;37;957
1771329;38;1035
1056529;38;107
1092322;38;107
1595021;38;132
494898;38;144
1488226;38;158
35715;38;158
1383166;38;175
1486974;38;175
1537488;38;175
237762;38;175
475788;38;175
493409;38;175
636499;38;175
223841;38;198
1198001;38;208
775870;38;208
573282;38;285
1263811;38;305
1787176;38;305
527599;38;305
527904;38;305
881944;38;305
1127915;38;309
7123;38;334
1164777;38;340
1700166;38;368
311771;38;368
94316;38;40
398346;38;410
915994;38;439
998587;38;439
1352841;38;445
759020;38;463
472010;38;464
1177962;38;484
1627669;38;492
1629809;38;493
175612;38;509
1148381;38;514
1231468;38;516
1290108;38;520
653293;38;522
75128;38;522
335661;38;523
1181513;38;54
692951;38;568
779634;38;582
941267;38;594
1415894;38;599
1132088;38;608
372991;38;609
1427878;38;615
164099;38;620
909239;38;626
753149;38;637
1084201;38;662
208352;38;676
33236;38;74
553404;38;74
1034805;38;748
1573437;38;751
1262523;38;759
1308355;38;761
1337215;38;761
1486109;38;780
1749234;38;884
566609;38;884
1486298;38;908
235792;38;96
1771697;38;963
1632651;38;969
1290980;38;971
1348406;38;986
1252113;38;998
75011;38;998
109302;39;309
1122526;39;309
341039;39;309
599261;39;309
1305395;39;677
1659980;39;677
1044996;39;977
255010;39;977
1369040;4;107
671391;4;107
74248;4;107
754540;4;107
1779718;4;158
67129;4;158
1196621;4;162
923452;4;162
250333;4;373
301900;4;373
678430;4;373
169177;4;506
1705558;4;600
24209;4;600
116235;40;1017
1113599;40;1027
1266986;40;1027
1458232;40;1027
1417033;40;1041
693396;40;113
1787695;40;150
507024;40;163
847629;40;163
487568;40;213
100034;40;225
1020396;40;225
1437125;40;225
1499672;40;225
1507182;40;225
1782136;40;225
699312;40;225
1275242;40;271
1518285;40;271
1582258;40;271
909149;40;271
1408666;40;313
920473;40;313
1057136;40;330
1734846;40;340
641731;40;396
1309969;40;436
1263791;40;439
1750202;40;439
328156;40;439
905288;40;439
391513;40;445
1027899;40;453
11398;40;453
1426594;40;453
1459066;40;453
1004136;40;463
1763021;40;464
522552;40;480
1733774;40;515
301935;40;515
56252;40;515
661740;40;526
1001749;40;530
1608640;40;530
877387;40;537
939085;40;537
1287344;40;550
1080807;40;56
747661;40;56
1322945;40;560
248822;40;583
1554612;40;600
1521644;40;603
497711;40;608
1610366;40;609
392393;40;609
653863;40;609
775716;40;609
975210;40;609
1527897;40;615
254672;40;620
58608;40;620
964155;40;620
1418945;40;640
1095049;40;671
588352;40;681
230724;40;702
1130684;40;76
189757;40;76
939750;40;76
1482308;40;764
887427;40;799
795432;40;858
1071537;40;864
899534;40;864
1633986;40;891
212451;40;894
241012;40;894
413685;40;906
762982;40;943
1046137;41;334
614968;41;334
768860;41;334
950854;41;334
1236143;42;1005
1405803;42;1005
1638437;42;1005
159870;42;1011
700991;42;1011
1295559;42;1014
1384496;42;1014
336074;42;1014
377079;42;1014
771931;42;1014
802147;42;1014
1502505;42;1033
188995;42;1036
1031420;42;1047
1113775;42;1047
1528337;42;1047
1539741;42;1047
314215;42;1047
441126;42;1047
933912;42;1047
775975;42;132
1446509;42;143
359741;42;143
1668233;42;144
249608;42;144
643885;42;151
1707783;42;158
514412;42;158
128096;42;174
1042432;42;198
1356444;42;198
941874;42;210
1220985;42;213
1562687;42;213
580851;42;231
1708270;42;266
1132456;42;288
1465216;42;288
18146;42;288
84898;42;288
884562;42;288
891144;42;288
3412;42;309
182252;42;333
1004036;42;335
1359473;42;335
1372685;42;335
1410060;42;335
1420762;42;335
1535425;42;335
1635284;42;335
1660616;42;335
582123;42;335
1145223;42;347
389187;42;347
759074;42;347
413047;42;368
729934;42;371
1228622;42;373
1089732;42;396
1122417;42;40
9152;42;402
975767;42;403
1592345;42;413
432571;42;413
631281;42;413
1226508;42;445
1118132;42;45
1629119;42;45
1665117;42;45
1737263;42;45
480455;42;45
350760;42;463
1076748;42;493
1226481;42;493
1662604;42;522
743065;42;530
1415516;42;537
125008;42;581
228993;42;597
593685;42;6
469640;42;600
637946;42;600
1328539;42;608
635968;42;608
1010508;42;609
1039294;42;611
1081168;42;614
1158761;42;614
746112;42;615
470232;42;635
761304;42;636
1548743;42;638
1031210;42;64
641302;42;656
644989;42;676
224165;42;678
1530275;42;690
632223;42;702
456946;42;718
1270392;42;722
172284;42;722
729969;42;722
126372;42;734
1436148;42;734
1478617;42;734
248960;42;734
333789;42;734
34751;42;734
360769;42;734
7502;42;734
844172;42;734
878369;42;734
881104;42;734
1604346;42;736
1681583;42;761
1438859;42;782
1548576;42;782
691517;42;822
384244;42;826
123774;42;829
145119;42;829
1626099;42;829
1636211;42;829
1648835;42;829
227438;42;829
409833;42;829
517825;42;829
65852;42;829
816895;42;829
854892;42;829
91414;42;829
1071475;42;840
1084285;42;85
1068802;42;852
311124;42;852
1716377;42;857
1736376;42;884
1222038;42;891
1201282;42;947
444031;42;960
1054570;42;997
1339826;42;997
1395394;42;997
1397248;42;997
20166;42;997
434387;42;997
543933;42;997
1006684;43;1015
1562825;43;1033
299270;43;113
33796;43;220
1582554;43;224
1456840;43;257
1780338;43;334
199580;43;334
213152;43;334
999230;43;530
1282671;43;622
1393290;43;636
1333757;43;657
1187045;43;787
1178431;43;849
603327;43;942
1632219;44;198
434717;44;246
1541590;44;25
191369;44;317
1130056;44;33
1575598;44;334
1670417;44;334
1784234;44;334
452657;44;334
1027496;44;391
1348854;44;391
1438884;44;391
1591569;44;391
401743;44;391
663004;44;391
422150;44;421
466797;44;436
283791;44;484
281786;44;493
536905;44;497
1042684;44;520
159325;44;615
1433722;44;656
984944;44;656
465429;44;718
580308;44;734
1735799;44;969
432446;44;969
454263;44;969
579764;44;969
641493;44;969
702573;44;969
905155;44;969
970054;44;969
1397044;45;1005
405018;45;1005
510633;45;1005
1409893;45;1014
816222;45;1014
1044976;45;1033
1300649;45;1033
149620;45;1047
870553;45;1047
1672386;45;1053
1722776;45;1053
1075472;45;107
1096735;45;107
1287917;45;107
1368719;45;107
1609886;45;107
1613131;45;107
1628350;45;107
1748907;45;107
196678;45;107
676221;45;107
76958;45;107
802132;45;107
808220;45;107
808276;45;107
876784;45;107
93791;45;107
1663160;45;109
1032801;45;112
1347085;45;113
1011223;45;125
339295;45;125
612880;45;132
1578197;45;134
1666163;45;134
1750815;45;134
611721;45;134
743742;45;134
844625;45;134
1082934;45;143
1195556;45;144
1215950;45;144
1701357;45;145
1108011;45;158
1195381;45;158
1335348;45;158
1582820;45;158
1620221;45;158
1680105;45;158
173965;45;158
218247;45;158
253960;45;158
414292;45;158
631449;45;158
728408;45;158
937839;45;158
535127;45;17
642031;45;175
1594800;45;179
189304;45;190
1196046;45;195
1617304;45;195
1031850;45;198
1371152;45;198
1617784;45;198
608252;45;198
872405;45;198
936663;45;205
1076967;45;210
900254;45;210
792758;45;242
1740294;45;247
1667089;45;262
101122;45;285
1126317;45;285
1215850;45;285
1290628;45;285
1318725;45;285
1380368;45;285
1710378;45;285
351520;45;285
477087;45;285
481745;45;285
77006;45;285
793850;45;285
1277071;45;305
425038;45;309
746557;45;309
728562;45;317
1040276;45;325
679758;45;362
1237238;45;363
1414323;45;396
481283;45;396
749097;45;405
343743;45;413
938591;45;413
1377987;45;422
1233952;45;439
66825;45;439
906988;45;439
913493;45;439
1536231;45;44
1416607;45;445
87564;45;445
508002;45;456
411323;45;46
1054514;45;464
165399;45;464
1671499;45;464
294103;45;464
1198192;45;493
1598419;45;493
1610413;45;493
402344;45;493
655967;45;493
74979;45;493
767943;45;501
985309;45;518
341126;45;533
406075;45;533
1297741;45;537
81937;45;537
834132;45;537
375693;45;541
466909;45;556
1771743;45;573
935417;45;583
1634800;45;600
1688686;45;600
403341;45;600
822852;45;600
831842;45;600
266941;45;607
363401;45;607
772800;45;607
1077573;45;608
35442;45;608
1192326;45;614
1385149;45;614
1575401;45;614
1650706;45;614
3719;45;614
1030019;45;620
1094587;45;620
1122531;45;620
1418150;45;620
1064882;45;628
1751767;45;628
92399;45;628
1780110;45;636
873351;45;636
975388;45;636
719497;45;646
1343922;45;65
391332;45;650
184301;45;656
664387;45;656
1298885;45;672
1665384;45;676
392932;45;676
1179386;45;70
163518;45;70
205378;45;715
1317959;45;720
130014;45;751
1486794;45;751
1706136;45;751
1787270;45;751
1080726;45;761
1110958;45;761
1612334;45;761
1751174;45;761
197741;45;761
240041;45;761
9994;45;761
211492;45;770
383304;45;772
1585505;45;773
463385;45;777
1508085;45;803
854994;45;803
1145852;45;829
1359378;45;829
1445429;45;829
1508074;45;829
1520985;45;829
1724117;45;829
298618;45;829
399117;45;829
456567;45;829
686307;45;829
832020;45;829
1303479;45;84
1767129;45;85
862783;45;85
461266;45;852
545396;45;852
1221068;45;857
1486526;45;857
1670855;45;857
394325;45;857
298326;45;869
8031;45;870
891723;45;870
1469533;45;877
569633;45;877
812958;45;877
888610;45;877
113744;45;884
151468;45;884
366593;45;884
576551;45;884
631293;45;884
72877;45;884
814259;45;884
934691;45;884
11865;45;887
436302;45;891
66162;45;891
743393;45;891
1368974;45;896
1140886;45;90
133844;45;911
1724847;45;911
612254;45;911
1017623;45;941
1229697;45;941
1686498;45;941
1735020;45;941
175521;45;941
312890;45;941
699125;45;941
85433;45;941
92771;45;941
523547;45;950
126719;45;951
1591314;45;969
186280;45;969
243043;45;969
563371;45;969
189375;45;998
661218;45;998
874968;45;998
1165436;46;1033
964355;46;105
1550035;46;107
452641;46;107
1677597;46;113
952660;46;132
455404;46;158
146903;46;182
1399816;46;183
402055;46;198
850380;46;198
1372859;46;204
822845;46;210
604548;46;285
1045623;46;288
1337781;46;288
733667;46;288
766791;46;288
817834;46;288
619999;46;290
27063;46;309
830162;46;309
343917;46;33
1020286;46;335
1229933;46;335
150064;46;335
1542930;46;335
396016;46;335
478625;46;335
502863;46;335
491185;46;36
1130044;46;363
199086;46;363
961889;46;363
702443;46;379
109706;46;396
756752;46;417
1169361;46;459
863552;46;486
362473;46;493
1134768;46;537
1642881;46;537
1494668;46;575
1044413;46;583
522431;46;600
1558158;46;608
477347;46;608
1635225;46;614
841957;46;615
1370724;46;62
437492;46;62
681198;46;62
199002;46;628
505181;46;634
30961;46;656
1320798;46;716
1044610;46;734
1064757;46;734
1248302;46;734
1253820;46;734
41569;46;734
456964;46;734
538989;46;734
734805;46;734
891112;46;734
1622646;46;755
838761;46;780
1778345;46;799
434590;46;802
31025;46;817
837259;46;822
661727;46;829
1258484;46;85
690683;46;85
772003;46;902
19962;46;906
812067;46;92
29783;46;955
96993;46;955
401162;46;965
624618;46;965
1468066;46;969
587055;46;969
201182;47;1014
29349;47;1014
517257;47;1014
1115812;47;1028
1149356;47;1045
1440117;47;1045
1504185;47;1045
663430;47;1045
973368;47;1045
1325685;47;1047
206827;47;1047
664796;47;1047
975239;47;107
303750;47;118
720341;47;118
175681;47;143
104391;47;144
219418;47;144
901062;47;144
1402003;47;157
1153446;47;158
1236300;47;158
1536864;47;185
633805;47;198
823416;47;198
372338;47;269
921260;47;286
1072356;47;309
1768540;47;309
456721;47;309
610798;47;309
888248;47;309
97802;47;309
378025;47;33
915990;47;33
1298237;47;332
481462;47;335
1037888;47;363
1199586;47;363
1638138;47;363
272766;47;363
478466;47;363
945329;47;368
107;47;378
203962;47;378
1071563;47;396
756637;47;396
802269;47;396
1402289;47;408
153917;47;408
1104866;47;413
1441363;47;413
1650715;47;413
1698238;47;413
1753954;47;413
315365;47;413
37831;47;413
507372;47;413
613812;47;413
619405;47;413
751585;47;413
805422;47;413
846217;47;413
254553;47;416
1222190;47;439
1640491;47;439
856708;47;439
938825;47;439
1047057;47;45
1150656;47;45
1177579;47;45
1271153;47;45
1418016;47;45
164860;47;45
256908;47;45
334625;47;45
434088;47;45
471438;47;45
497618;47;45
774791;47;45
747724;47;463
943985;47;508
89658;47;535
1509651;47;537
601629;47;537
686686;47;575
827982;47;580
1011400;47;600
1140933;47;600
860585;47;600
962591;47;600
1411092;47;608
619104;47;608
992207;47;614
1674907;47;615
521030;47;615
566652;47;615
1678415;47;642
391003;47;642
623633;47;642
632881;47;642
966148;47;642
404612;47;656
580657;47;668
952742;47;675
198444;47;731
1130787;47;734
1246957;47;734
1385796;47;734
1424904;47;734
1455194;47;734
16343;47;734
1713173;47;734
237022;47;734
251800;47;734
3006;47;734
658224;47;734
783664;47;734
982009;47;734
1007831;47;757
1221379;47;757
786631;47;757
789273;47;803
1294969;47;822
1297775;47;822
1600983;47;822
380067;47;822
415201;47;822
684813;47;822
825416;47;822
1166068;47;829
56856;47;829
866869;47;829
1025676;47;85
775997;47;85
208288;47;861
701416;47;880
610591;47;9
525706;47;924
1261882;47;955
1485183;47;955
1507667;47;955
1784633;47;955
561984;47;955
722083;47;955
813884;47;955
841055;47;955
933505;47;955
1409984;47;965
1256771;47;997
653751;48;1044
500697;48;1049
407447;48;1052
1629153;48;107
1043301;48;110
1507301;48;136
411063;48;142
890899;48;144
1605778;48;146
1631384;48;146
1014403;48;158
1571485;48;158
194895;48;158
634968;48;158
845382;48;158
1196392;48;210
116094;48;234
1662395;48;238
974732;48;273
1021987;48;309
350701;48;317
1383718;48;318
44944;48;370
1312540;48;395
208747;48;395
668738;48;395
852001;48;395
375847;48;400
322533;48;410
1689401;48;443
1452872;48;460
363414;48;486
161401;48;542
828416;48;543
1172103;48;554
1367199;48;554
1501415;48;554
1638084;48;554
1664773;48;558
176018;48;558
270933;48;558
1147489;48;600
1280881;48;600
1426166;48;600
298421;48;600
971334;48;600
628494;48;61
1628912;48;658
732592;48;67
1305998;48;692
1087052;48;767
1197442;48;767
1362682;48;767
1410220;48;767
1603658;48;767
2119;48;767
356088;48;767
49323;48;767
1011030;48;768
1001008;48;769
1367329;48;778
136432;48;784
695531;48;784
682983;48;789
86061;48;810
1483333;48;836
1101839;48;846
1386565;48;864
1222277;48;87
1257021;48;87
400412;48;879
1117865;48;900
241802;48;900
379601;48;956
1251746;48;98
300044;48;997
878730;49;334
91732;49;334
904125;5;1005
945684;5;1005
207526;5;1014
974974;5;1024
460127;5;1040
1031693;5;1046
1177116;5;1046
1623417;5;1046
1665197;5;1046
1787880;5;1046
268433;5;1046
334887;5;1046
626884;5;1046
697479;5;1046
698336;5;1046
1144085;5;155
219127;5;198
226385;5;198
1179882;5;201
1589067;5;207
1191204;5;210
1364201;5;269
674158;5;309
337230;5;334
1228288;5;368
1144608;5;391
1024570;5;396
32535;5;445
264598;5;464
1006351;5;483
1731788;5;484
578980;5;484
1137376;5;615
119446;5;615
256739;5;615
167759;5;682
1306899;5;73
1284333;5;829
1331978;5;829
1357335;5;829
1547478;5;829
174135;5;829
1757697;5;829
279649;5;829
55137;5;829
577499;5;829
63585;5;829
665003;5;829
698023;5;829
727980;5;829
1076677;5;85
1163692;5;869
1252429;5;869
1296199;5;891
1207454;5;946
1032644;5;969
1360919;5;969
1368529;5;969
1376687;5;969
1438450;5;969
217925;5;969
23069;5;969
420372;5;969
646509;5;969
688242;5;969
778420;5;969
984010;5;969
1184112;50;1016
181877;50;1016
304240;50;1027
381867;50;1027
427587;50;1027
824884;50;1027
947353;50;1027
1189431;50;1028
127375;50;1028
1295953;50;1028
163298;50;1028
1662224;50;1028
1761347;50;1028
632087;50;1028
757630;50;1028
103701;50;1033
468645;50;1043
1287314;50;112
817296;50;132
1627621;50;14
1375629;50;154
493083;50;158
270314;50;185
1423880;50;198
1776644;50;198
888452;50;198
730877;50;224
1093265;50;225
136701;50;225
1388762;50;225
1473500;50;225
1667489;50;225
1673679;50;225
1736823;50;225
597994;50;225
617201;50;225
1014392;50;301
1337964;50;308
448492;50;308
1200902;50;309
671667;50;309
1256730;50;313
1275251;50;313
14292;50;313
1479017;50;313
1526788;50;313
1645834;50;313
633666;50;313
79481;50;313
859109;50;313
905749;50;313
903820;50;362
398014;50;396
100543;50;413
1238540;50;413
534019;50;413
590676;50;437
728439;50;445
844182;50;45
232169;50;476
953386;50;485
1507706;50;56
1636809;50;575
671019;50;575
1737463;50;60
1108704;50;600
282302;50;61
205858;50;610
1683356;50;615
688950;50;656
1450022;50;687
1346752;50;74
228841;50;761
302974;50;794
238040;50;803
147882;50;822
1478742;50;829
399385;50;858
329438;50;891
505393;50;891
614588;50;891
586157;50;894
1680838;50;91
53109;50;927
709414;50;927
1776388;50;959
1213029;50;965
1494963;50;965
1506853;50;965
584539;50;965
594012;50;965
710628;50;965
770198;50;965
1315212;50;997
902985;50;997
780480;51;334
202226;52;334
1592426;52;396
1555608;52;669
1076294;52;755
1406288;52;784
664807;52;813
55044;52;917
43125;52;935
1628206;53;1005
537090;53;1005
1146338;53;1013
136781;53;1028
1498564;53;1028
1642809;53;1028
209471;53;1047
46342;53;1047
1579149;53;108
956770;53;108
732030;53;112
1028881;53;12
147577;53;158
859823;53;158
1084176;53;181
292644;53;192
376014;53;198
778593;53;198
1580414;53;210
1444519;53;217
829119;53;225
1523902;53;245
63075;53;270
876640;53;286
212379;53;309
1418736;53;33
472418;53;33
939008;53;33
1359818;53;330
594886;53;346
755719;53;362
1008042;53;363
1020923;53;363
33609;53;365
1327407;53;368
1743804;53;368
309157;53;368
510142;53;368
649528;53;368
1504566;53;396
929211;53;41
1125952;53;413
1313551;53;413
1343478;53;413
1694525;53;413
264752;53;413
600855;53;413
962784;53;413
971468;53;413
170214;53;431
1459564;53;45
1652641;53;45
325387;53;45
480826;53;45
555154;53;45
779564;53;45
925392;53;45
433886;53;458
1221913;53;463
1377128;53;463
1592992;53;463
1417329;53;517
328749;53;520
1055519;53;534
25276;53;537
1738162;53;555
164665;53;57
226422;53;575
590982;53;575
1435694;53;588
1528947;53;600
695462;53;608
742764;53;608
1692390;53;61
650529;53;612
1081927;53;615
1131762;53;615
1330369;53;615
152342;53;615
194828;53;615
577502;53;615
916291;53;648
1108987;53;676
1173990;53;680
1680895;53;730
1199090;53;734
1267782;53;734
511154;53;734
732870;53;734
800666;53;734
1212190;53;761
1506474;53;761
930677;53;774
1052960;53;782
696785;53;782
1207120;53;793
1528698;53;799
216944;53;80
1284982;53;822
1309799;53;822
1472095;53;822
1514917;53;822
1694222;53;822
1358698;53;834
63542;53;852
1188625;53;857
1569174;53;857
407943;53;871
1317940;53;891
655593;53;891
1600704;53;92
105328;53;95
1308591;53;955
1622858;53;955
463816;53;955
50068;53;955
761509;53;955
893217;53;955
1387745;53;965
1383877;53;969
669914;53;977
982120;53;977
503969;53;981
335500;53;990
1267681;53;997
692301;53;997
568030;54;1005
381159;54;143
1398855;54;148
622187;54;213
103857;54;290
195109;54;304
1085238;54;33
806188;54;334
441295;54;356
1688902;54;359
841585;54;369
443852;54;39
348724;54;436
490394;54;436
486288;54;537
510095;54;537
832026;54;537
147560;54;591
545099;54;600
1186956;54;608
1497158;54;608
127596;54;609
918472;54;609
634915;54;636
448413;54;661
632667;54;685
1022958;54;709
778044;54;808
1164892;54;829
225527;54;829
934430;54;829
1180313;54;869
1499754;55;1014
714007;55;1026
1479429;55;1047
111217;55;12
1131672;55;327
1247003;55;327
1661674;55;334
722911;55;334
806556;55;334
1267514;55;340
984787;55;413
307893;55;442
166361;55;578
1116972;55;589
1302597;55;589
1315631;55;589
1583868;55;589
225484;55;589
300545;55;589
847289;55;629
936471;55;636
1518076;55;68
453288;55;691
1362864;55;761
261026;55;761
411655;55;761
1637081;55;81
1367853;55;989
1271776;56;168
241251;56;322
1114600;56;330
324742;56;423
307429;56;467
1219173;56;653
1213625;56;700
904312;56;71
1350042;56;93
1714611;57;1005
903284;57;1005
979671;57;1014
179712;57;1033
296203;57;1039
1204876;57;132
1263036;57;132
1384001;57;132
1694851;57;132
1742447;57;132
3954;57;132
405278;57;132
58967;57;132
76980;57;132
305817;57;157
1465582;57;158
8593;57;158
1424484;57;20
1018572;57;245
1168752;57;265
140895;57;265
1693898;57;265
436699;57;265
513125;57;265
728490;57;265
823285;57;265
852402;57;265
938657;57;265
960675;57;265
996574;57;265
231552;57;268
646351;57;268
1734174;57;276
310861;57;285
375719;57;285
913053;57;288
1302485;57;289
600079;57;300
1245300;57;309
990101;57;309
240299;57;310
1615808;57;38
1723600;57;396
266679;57;397
1290044;57;424
720181;57;436
1262101;57;44
1516808;57;440
354305;57;522
1705115;57;526
23641;57;526
370663;57;526
1004313;57;537
1199950;57;537
1721314;57;537
646732;57;537
1175946;57;600
1638220;57;600
1684056;57;600
234721;57;600
770595;57;600
847293;57;600
925397;57;600
945488;57;600
1043131;57;608
1560270;57;608
1155158;57;614
757762;57;614
1203297;57;642
1569861;57;65
1572895;57;65
1575411;57;65
1777779;57;65
325382;57;65
382295;57;65
385813;57;65
424944;57;65
484948;57;65
554403;57;65
580916;57;65
1126630;57;676
1349581;57;676
183442;57;689
1078741;57;761
1691939;57;761
1412164;57;869
1594010;57;869
580879;57;912
1089123;57;92
314941;57;923
1660419;57;930
294493;57;969
969708;58;1005
934582;58;109
328453;58;132
65026;58;144
235249;58;177
685418;58;200
595905;58;280
1114577;58;322
1074439;58;356
1564920;58;356
190208;58;368
1501483;58;413
1629884;58;413
1296630;58;45
401103;58;504
985590;58;522
1100542;58;600
1295279;58;722
390009;58;734
760502;58;761
1249922;58;802
1044004;58;82
19505;58;826
462147;58;829
65805;58;829
1410923;58;919
817096;59;173
844154;59;30
317581;59;406
1044048;59;469
1192544;59;671
413976;59;671
1569737;59;901
1570959;6;1047
472066;6;113
948845;6;198
879171;6;251
1226059;6;334
1592244;6;334
1644960;6;334
272457;6;334
566366;6;334
1091481;6;335
1562196;6;335
936354;6;520
1179008;6;589
189957;6;615
667499;6;629
1099046;6;655
1157973;6;68
1212843;6;83
1783140;6;83
1697423;60;1014
273590;60;1033
299342;60;128
1667326;60;160
1437817;60;170
19163;60;170
1513247;60;177
265925;60;200
453423;60;253
1622190;60;258
1411834;60;277
532701;60;290
1423837;60;302
1215980;60;322
1717501;60;375
1583949;60;409
913695;60;471
1187736;60;510
1502088;60;530
923060;60;631
52236;60;656
27042;60;712
590312;60;715
1777244;60;775
192466;60;799
455273;60;864
1046103;60;903
233025;60;910
565573;60;922
254735;60;93
684861;60;93
772806;60;93
1203350;60;973
556301;61;1014
270130;61;1047
626167;61;107
302267;61;198
421648;61;213
999503;61;216
1719058;61;225
313031;61;225
1376620;61;226
397298;61;265
374881;61;309
672263;61;32
1686193;61;362
1396304;61;41
604965;61;464
538617;61;515
1140658;61;530
60081;61;583
1642896;61;614
100003;61;671
1388287;61;673
31899;61;676
867954;61;722
926940;61;76
972516;61;824
1404178;61;85
1221700;61;873
221673;61;941
13061;61;947
1522433;61;967
654663;61;970
1098722;62;1005
190091;62;1005
560830;62;1005
588718;62;1005
1573212;62;101
847148;62;1019
483437;62;1027
1745447;62;1047
1022743;62;144
873398;62;147
1268419;62;149
485782;62;172
584657;62;172
685451;62;172
1741271;62;176
1035825;62;177
1232341;62;177
1419667;62;177
1538809;62;177
349328;62;177
580224;62;177
883159;62;177
901264;62;177
964066;62;177
984923;62;177
965761;62;347
623239;62;354
1412566;62;356
1443476;62;356
410282;62;356
162212;62;363
1243441;62;377
93562;62;384
1183667;62;398
971093;62;422
268530;62;425
1300168;62;45
24735;62;45
256037;62;457
791960;62;464
335480;62;467
1246439;62;469
1787298;62;469
1182870;62;473
1738337;62;474
791974;62;525
956468;62;525
494726;62;547
1063378;62;593
1696500;62;593
1514138;62;602
145979;62;614
1674866;62;614
931821;62;614
642070;62;634
113539;62;636
1661047;62;636
98310;62;667
131072;62;676
1030997;62;718
264838;62;722
10716;62;734
151476;62;734
1568301;62;734
1680237;62;734
257432;62;734
1423428;62;761
568161;62;781
61621;62;781
730561;62;781
905153;62;823
191446;62;828
318750;62;829
44871;62;852
964942;62;863
428783;62;872
1102237;62;891
1108035;62;891
229687;62;92
1550511;62;952
868155;62;952
1063889;62;969
1266974;62;969
1297038;62;969
1479222;62;969
1501367;62;969
1529900;62;969
1707800;62;969
1726215;62;969
857442;62;969
8668;62;969
871990;62;969
873302;62;969
1751606;62;997
1198976;63;163
1506663;63;163
804917;63;163
907287;63;163
1369267;63;225
1458191;63;225
212342;63;225
563728;63;225
584257;63;225
648317;63;225
922917;63;225
957005;63;225
581399;63;330
1125885;63;677
1250096;63;677
1440093;63;677
1474834;63;677
1605479;63;677
614127;63;677
678491;63;677
740614;63;677
963718;63;852
928625;63;891
1141033;63;969
1264747;63;969
201086;63;969
26328;63;969
896332;63;969
966789;63;969
972218;63;969
978740;63;969
1115224;63;977
1639637;63;977
709475;63;977
1319013;64;334
1535536;65;1057
1785378;65;335
267152;65;335
476651;65;335
488943;65;335
979993;65;464
544943;65;53
857321;65;62
318977;65;723
949008;65;83
1097479;65;941
1567155;66;334
1596740;66;334
638886;66;334
898848;66;334
1061931;67;1031
1118986;67;1047
1185068;67;1047
261071;67;1047
800029;67;1047
1303786;67;1056
1146303;67;107
1161413;67;163
1707381;67;163
1097458;67;164
104674;67;167
1140040;67;175
1396728;67;175
1607231;67;175
37188;67;175
416583;67;175
954690;67;177
1761810;67;305
516774;67;305
716782;67;305
902727;67;305
947577;67;305
367698;67;309
1657395;67;413
85868;67;413
1733028;67;438
1473410;67;48
1490416;67;515
1248989;67;537
1196830;67;600
1312721;67;600
506182;67;600
633888;67;600
839476;67;600
993923;67;600
1631169;67;608
1023972;67;620
1605216;67;626
1348654;67;656
99890;67;676
102334;67;711
1185333;67;722
1705313;67;722
201158;67;722
448122;67;722
1333165;67;811
348318;67;815
1003806;67;829
1205252;67;884
386845;67;887
1142507;67;891
1620862;67;891
1382550;67;897
1454475;67;897
1727030;67;897
324987;67;897
941152;67;909
1054357;67;924
737625;67;968
673576;68;1005
1298426;68;1014
568417;68;1014
851807;68;1016
1197087;68;1033
133070;68;1033
1750615;68;1047
691921;68;1047
1004083;68;107
1056749;68;107
846711;68;129
1323105;68;144
898143;68;144
973677;68;146
1406616;68;158
1490664;68;158
938436;68;158
1292168;68;16
278935;68;168
1658738;68;175
217171;68;175
298328;68;175
310966;68;177
669603;68;177
511996;68;185
759922;68;185
450452;68;198
686992;68;2
1651532;68;208
38439;68;210
1185920;68;216
1218302;68;216
1513240;68;216
544676;68;216
1267540;68;238
754067;68;24
348203;68;265
1492791;68;282
1754750;68;285
702719;68;290
786512;68;290
1440870;68;305
285159;68;305
615260;68;305
1782352;68;309
73854;68;309
979066;68;309
1496949;68;324
1682147;68;330
1080813;68;35
868909;68;35
1089767;68;362
1277642;68;362
1699246;68;362
600566;68;388
374177;68;395
1120474;68;396
1784513;68;413
664614;68;413
719136;68;416
1463552;68;439
402600;68;561
1071741;68;562
1407058;68;574
156033;68;583
872785;68;583
228906;68;598
104793;68;600
1185709;68;600
1462290;68;600
1502996;68;600
689736;68;600
998204;68;600
948477;68;601
656813;68;608
809959;68;608
1767331;68;614
1381342;68;628
1641471;68;628
638080;68;628
1576485;68;636
1772897;68;641
563112;68;643
1202640;68;656
1596535;68;656
40242;68;656
494066;68;656
56338;68;656
1352262;68;676
806021;68;715
148809;68;722
1718810;68;722
794102;68;722
867086;68;722
222094;68;734
1761964;68;751
978790;68;761
577076;68;784
465726;68;799
1153911;68;803
549677;68;824
1198565;68;829
1612117;68;829
166979;68;829
1675223;68;829
1728027;68;829
1742766;68;829
1748814;68;829
208316;68;829
547045;68;829
727280;68;829
1071343;68;844
671234;68;85
894610;68;85
509288;68;851
1496965;68;852
1565258;68;852
490132;68;852
637628;68;857
74064;68;859
756056;68;859
615612;68;870
1355394;68;873
1442581;68;873
76303;68;873
126710;68;891
506610;68;891
699734;68;891
736859;68;891
862274;68;891
148814;68;906
712518;68;912
447891;68;92
503121;68;92
1642978;68;970
1010622;68;984
1736340;69;128
139792;69;136
878379;69;208
185815;69;237
1598090;69;360
789563;69;522
759517;7;131
897541;7;381
1245469;7;783
1599805;7;829
435094;7;829
1441582;7;860
243690;7;860
1239600;70;224
271026;70;334
1305522;70;787
314053;70;942
927030;71;141
181281;71;263
1555323;71;279
16811;71;413
1460243;72;1005
388764;72;1005
105800;72;1014
1142408;72;1014
1279906;72;1014
1594890;72;1014
1775933;72;1014
289953;72;1014
387185;72;1014
418654;72;1014
803205;72;1014
808378;72;1014
799325;72;1017
894865;72;1025
651280;72;1027
1003463;72;1048
1101583;72;1051
1723094;72;116
350937;72;126
1011922;72;143
1270628;72;157
1458137;72;16
623321;72;174
1162761;72;175
811424;72;202
691005;72;206
647661;72;210
63093;72;213
245399;72;22
33142;72;22
67233;72;22
1698393;72;223
314147;72;224
260153;72;227
1207685;72;228
570842;72;244
1669638;72;256
920093;72;256
1227567;72;280
1103201;72;285
645463;72;309
126003;72;320
938351;72;322
1149192;72;331
1619557;72;333
1186291;72;340
1105707;72;352
1381904;72;356
1545060;72;367
316877;72;371
1311240;72;382
153484;72;393
206407;72;4
1632553;72;413
1669771;72;413
193143;72;413
385258;72;413
403268;72;413
43214;72;413
1243243;72;42
1299158;72;43
485851;72;433
1679137;72;439
857351;72;448
884853;72;45
515348;72;451
1563793;72;453
1123649;72;463
448250;72;468
549787;72;470
1281399;72;472
336094;72;474
268986;72;512
1449595;72;515
697685;72;515
743085;72;515
384849;72;522
1270940;72;537
793528;72;537
809878;72;537
21322;72;547
1433459;72;548
695488;72;557
51061;72;579
1316974;72;58
1787344;72;58
942813;72;58
1701316;72;600
1169138;72;606
1060346;72;608
776314;72;641
753977;72;656
758968;72;671
1531924;72;679
1259250;72;689
1088342;72;722
484995;72;722
1341699;72;734
1481478;72;734
1764740;72;734
100762;72;782
783068;72;782
444515;72;788
1440975;72;798
581552;72;799
59543;72;809
1346782;72;81
1039770;72;829
1192397;72;829
1612876;72;829
1678579;72;829
860413;72;829
572950;72;845
415776;72;85
125037;72;850
1105181;72;853
1087017;72;866
939469;72;901
1167094;72;906
1230437;72;92
1038242;72;93
1392572;72;93
1641023;72;93
185704;72;93
993167;72;93
119028;72;936
1527601;72;964
747984;72;996
171984;73;334
571469;73;817
583630;73;965
1558693;74;269
1740739;74;566
80098;74;736
1204668;74;958
13314;74;958
1749043;74;958
455541;74;958
530463;75;1014
1061626;75;1033
154229;75;112
1085293;75;158
418623;75;175
1242358;75;213
1472664;75;233
934346;75;251
1475136;75;32
310921;75;33
1435912;75;334
1586142;75;334
1629567;75;334
1712410;75;334
1737899;75;334
197780;75;334
1000889;75;362
770704;75;493
1572118;75;537
532736;75;582
855817;75;582
512741;75;608
414718;75;614
1534837;75;636
332500;75;641
1592757;75;676
1235422;75;75
317368;75;803
576410;75;81
68038;75;852
33028;75;857
822536;75;922
1388849;76;1042
924120;76;1042
864028;76;165
727439;76;284
1685704;76;33
632932;76;436
1509171;76;463
1405598;76;498
224874;76;609
258570;76;680
72131;76;958
692839;76;977
162041;77;1005
1652009;77;1005
307925;77;1005
829258;77;1005
923287;77;1005
771757;77;1006
1177259;77;1010
1360659;77;1014
1500147;77;1014
1747730;77;1014
208354;77;1014
1370861;77;1023
475636;77;1027
963857;77;1027
1142186;77;1033
1188199;77;1033
1269493;77;1033
1682628;77;1033
262800;77;1033
446241;77;1033
1424643;77;1047
1075356;77;107
265979;77;107
1023960;77;122
1035310;77;122
1062245;77;122
1063241;77;122
11081;77;122
1165731;77;122
1216478;77;122
1487068;77;122
1567612;77;122
1691591;77;122
1737455;77;122
296109;77;122
552646;77;122
613503;77;122
621001;77;122
92663;77;122
974666;77;122
386812;77;124
194810;77;13
975125;77;135
1337342;77;138
1133863;77;139
1131542;77;152
1323510;77;158
1069132;77;159
1141840;77;159
12042;77;159
1396619;77;159
561326;77;159
612664;77;159
986355;77;16
1384569;77;161
1180117;77;163
125485;77;163
1349783;77;163
1401260;77;163
1492722;77;163
157673;77;163
1667774;77;163
1681953;77;163
1685834;77;163
1694481;77;163
1759794;77;163
264964;77;163
292032;77;163
301411;77;163
361497;77;163
576020;77;163
68228;77;163
734350;77;163
907187;77;163
1506796;77;170
845246;77;170
738173;77;193
1318383;77;198
1342224;77;198
244013;77;198
546584;77;198
959419;77;20
1537188;77;208
489845;77;21
1438328;77;213
1478805;77;213
718012;77;213
959758;77;213
1132637;77;221
1532431;77;225
1783654;77;225
682424;77;225
731081;77;225
1045349;77;230
1115815;77;288
1319034;77;288
1659922;77;288
297743;77;288
46112;77;288
590484;77;288
893088;77;298
495676;77;309
560452;77;309
908588;77;309
1173976;77;317
1150039;77;318
1520093;77;318
1354617;77;330
1366454;77;330
1411639;77;330
1787029;77;330
45138;77;330
1071648;77;335
1171594;77;335
1263893;77;335
1271052;77;335
1290254;77;335
1344513;77;335
1534775;77;335
1673847;77;335
259374;77;335
292775;77;335
941498;77;335
1382337;77;338
912912;77;340
233929;77;353
1473556;77;364
285473;77;389
846775;77;410
212893;77;413
809033;77;413
1703764;77;422
714202;77;422
728759;77;422
1664584;77;434
629019;77;445
1528240;77;452
1222563;77;486
964675;77;495
328307;77;503
847555;77;511
687843;77;515
1615326;77;519
858451;77;521
1339134;77;522
1397678;77;522
1560788;77;522
198581;77;522
280212;77;522
65108;77;522
1117135;77;526
127584;77;526
1359511;77;526
1368439;77;526
1520325;77;526
1529127;77;526
1532968;77;526
1676700;77;526
1708157;77;526
1715669;77;526
1731905;77;526
1754078;77;526
183688;77;526
206663;77;526
22846;77;526
420632;77;526
564553;77;526
564832;77;526
617473;77;526
620611;77;526
747051;77;526
778879;77;526
789042;77;526
813289;77;526
842233;77;526
950684;77;526
518901;77;532
1306834;77;534
718869;77;534
303680;77;537
332457;77;537
380793;77;537
213474;77;549
1306076;77;576
481471;77;576
1292457;77;600
176999;77;600
958138;77;605
1522434;77;608
512032;77;608
1660667;77;609
925062;77;609
1150448;77;614
866219;77;614
872790;77;614
987168;77;614
419279;77;62
1779886;77;620
1229268;77;625
1444391;77;627
1214498;77;636
1480783;77;636
1496205;77;636
1525170;77;636
1605573;77;636
1706743;77;636
231613;77;636
289948;77;636
393040;77;636
439174;77;636
520439;77;636
523641;77;636
529242;77;636
535787;77;636
696479;77;636
764811;77;636
928382;77;636
965103;77;636
402632;77;645
556571;77;651
1238858;77;656
1603845;77;656
797442;77;656
1308379;77;676
1468366;77;676
1569512;77;676
231689;77;676
549916;77;676
768726;77;676
1228593;77;677
1461492;77;677
1698345;77;747
1303753;77;751
1393205;77;751
867852;77;751
890057;77;755
1166698;77;76
1206213;77;76
1504649;77;76
1026119;77;761
1076092;77;761
1090547;77;761
1132969;77;761
1217784;77;761
1239232;77;761
1354365;77;761
1382070;77;761
1451372;77;761
1479275;77;761
1657411;77;761
1673132;77;761
1757009;77;761
1763254;77;761
459593;77;761
628555;77;761
747249;77;761
748905;77;761
822561;77;761
918824;77;761
939345;77;761
550853;77;784
582720;77;792
591921;77;799
1129005;77;803
244994;77;803
889261;77;807
1194045;77;829
350568;77;85
767577;77;85
1281008;77;852
1631480;77;852
1732171;77;852
718853;77;852
1648260;77;854
569240;77;854
1026760;77;857
1569769;77;865
104786;77;891
1147220;77;891
152369;77;891
1762649;77;891
234410;77;891
287537;77;891
340894;77;891
480226;77;891
632306;77;891
802277;77;891
1290529;77;907
134694;77;907
1621975;77;907
736966;77;907
899623;77;907
1456918;77;913
627811;77;92
695815;77;928
1738849;77;948
1169409;77;969
841054;77;969
1362736;77;972
1169091;77;974
1260884;77;991
477283;78;100
634390;78;1021
28371;78;1033
1039383;78;111
254517;78;176
984384;78;176
1248870;78;206
300205;78;213
1348249;78;309
1773077;78;328
54679;78;328
1176869;78;335
605983;78;335
677446;78;345
679015;78;345
1662779;78;356
392652;78;356
716123;78;356
883878;78;356
1505894;78;363
1292859;78;383
269335;78;383
309659;78;384
439237;78;396
9797;78;427
1096383;78;457
645670;78;457
1634143;78;469
913689;78;484
1632620;78;493
588786;78;502
494908;78;522
141283;78;537
1006967;78;608
15091;78;608
1727894;78;608
1190804;78;615
1628095;78;615
260911;78;615
869148;78;615
941660;78;654
859119;78;7
1557935;78;703
1600212;78;710
196782;78;714
511167;78;742
1289083;78;765
190788;78;765
126471;78;78
1304085;78;786
1245623;78;85
413514;78;867
411241;78;899
661468;78;931
932897;78;969
401404;79;1014
483673;79;107
1755224;79;132
1614177;79;158
688222;79;158
233762;79;285
253171;79;285
34317;79;285
449132;79;340
1761389;79;373
297037;79;4
1406555;79;40
1616994;79;45
1446487;79;533
921515;79;537
989159;79;537
586629;79;600
776414;79;600
873955;79;600
1124136;79;608
1577640;79;671
1133400;79;722
1179295;79;722
688289;79;722
691830;79;722
222889;79;885
503499;79;987
1114784;8;1018
1110677;8;158
180858;8;251
513103;8;251
892864;8;251
1515367;8;269
770461;8;269
859410;8;269
533470;8;454
640319;8;736
856103;8;736
824055;8;758
1323455;8;903
304079;8;903
1410963;8;918
1000979;80;1014
1481232;80;1014
1395903;80;102
758564;80;102
1594490;80;1047
263287;80;158
5828;80;214
1523314;80;515
13805;80;600
1595018;80;600
1010783;80;822
1354377;80;988
249385;80;997
1135919;81;251
985231;81;251
1638246;81;295
1766478;81;435
838723;81;515
1478484;81;615
40971;81;62
548658;81;62
1047097;81;621
280390;81;722
320467;81;761
1704983;81;804
1320712;81;808
1191224;81;822
1352778;82;1002
699607;82;1002
1014296;82;1005
584643;82;1005
1173926;82;1014
1387886;82;1032
542969;82;1032
1069912;82;107
1384972;82;107
1602976;82;107
306085;82;107
321869;82;107
334109;82;107
47607;82;107
567498;82;107
650128;82;107
728262;82;107
739554;82;107
796497;82;107
940074;82;107
1037994;82;112
150278;82;132
1524311;82;196
644321;82;196
991928;82;196
1075661;82;210
1545522;82;210
366779;82;210
685863;82;210
717481;82;210
1072086;82;224
769309;82;224
868771;82;224
156539;82;266
60373;82;272
101985;82;285
1431358;82;285
315115;82;285
1072199;82;309
1526318;82;309
1647558;82;309
1710338;82;309
863857;82;309
457730;82;396
910136;82;396
345102;82;399
1000362;82;40
122756;82;40
396450;82;410
731545;82;410
1123114;82;413
1336463;82;413
1345364;82;413
1741275;82;413
1781948;82;413
237260;82;413
445712;82;413
454493;82;413
60013;82;413
721276;82;413
738480;82;413
793632;82;413
85168;82;413
1680093;82;430
1651253;82;441
753292;82;464
1061321;82;487
1042588;82;493
908619;82;493
30300;82;522
84238;82;522
1627648;82;572
102316;82;583
1038096;82;583
1572508;82;583
1634623;82;583
64329;82;583
89746;82;600
1057646;82;615
1352685;82;623
1113228;82;634
503919;82;727
327922;82;738
692825;82;738
93078;82;738
1467803;82;749
1667488;82;751
763317;82;751
1183382;82;755
1717121;82;761
951557;82;771
1135437;82;780
128786;82;780
1328469;82;780
1420482;82;780
1546506;82;780
1632869;82;780
193863;82;780
265326;82;780
274529;82;780
431445;82;780
501343;82;780
337073;82;784
1436252;82;791
730791;82;830
1746052;82;848
1329559;82;857
1380501;82;857
1630608;82;857
1129502;82;881
1487942;82;926
556604;82;954
1199319;82;961
1722431;83;107
236823;83;107
217921;83;210
503958;83;210
1533614;83;212
1244188;83;224
203533;83;224
1208961;83;312
114919;83;40
1109249;83;413
221665;83;413
325907;83;413
1312707;83;481
445800;83;481
219089;83;50
288525;83;583
934810;83;608
1066900;83;610
1500047;83;62
313564;83;62
623410;83;62
704050;83;66
415757;83;698
1116916;83;780
1418222;83;780
435659;83;780
633995;83;881
1591446;83;992
179673;83;992
579985;83;992
1041825;84;1005
1502237;84;1005
1502386;84;1005
1576611;84;1005
1693311;84;1005
328970;84;1005
773157;84;1005
145080;84;103
165751;84;103
1711804;84;103
1401232;84;1056
1688568;84;113
193216;84;113
1069003;84;144
1116663;84;144
1361501;84;144
1443470;84;144
1577690;84;144
175390;84;144
433810;84;144
168242;84;194
560276;84;194
1012501;84;198
537766;84;225
369709;84;288
487155;84;288
1085997;84;289
800116;84;307
1702019;84;326
1517224;84;344
533371;84;372
552221;84;415
1252788;84;42
1247170;84;45
1782133;84;45
628307;84;45
799941;84;45
912980;84;45
451514;84;461
1311113;84;482
116656;84;51
1388083;84;526
1479966;84;526
1485419;84;526
1492564;84;526
1777343;84;526
1632881;84;533
1198971;84;553
1448618;84;553
1326018;84;600
1409919;84;600
1422851;84;600
1645708;84;600
1689008;84;600
581054;84;600
531468;84;615
1029509;84;636
1431475;84;636
1612068;84;636
347902;84;636
35586;84;636
425592;84;636
824723;84;636
894968;84;636
904423;84;636
928274;84;636
977776;84;636
1780604;84;704
829232;84;734
1212395;84;761
1236985;84;761
1571328;84;761
1585476;84;761
1757221;84;761
204946;84;761
361717;84;761
439537;84;761
473686;84;761
694399;84;761
896770;84;761
114305;84;79
329955;84;79
339197;84;79
60564;84;79
276572;84;807
1178074;84;85
1139301;84;928
66657;85;589
1334219;86;1005
1759465;86;1050
1500583;86;141
1430915;86;288
1512780;86;288
199649;86;288
121055;86;412
1415634;86;413
1578893;86;422
896214;86;536
1748176;86;54
1282747;86;62
1069960;86;738
602991;86;741
1570138;86;763
390271;86;784
1381204;86;829
1397754;87;1005
142878;87;1005
207802;87;1005
513746;87;1005
603997;87;1005
1116347;87;1011
1328878;87;1011
168771;87;1011
1692293;87;1011
172835;87;1011
1754106;87;1011
466107;87;1011
614898;87;1011
715483;87;1011
757886;87;1011
925890;87;1011
990186;87;1011
149415;87;1014
1623219;87;1014
90072;87;1014
1525535;87;1016
425899;87;1016
457952;87;1016
733502;87;1027
407326;87;1029
1198912;87;1033
1181375;87;1047
1687166;87;1047
236632;87;1047
27301;87;1047
274462;87;1047
1204525;87;107
1514056;87;107
182924;87;107
261452;87;107
364449;87;107
944791;87;107
355582;87;112
327917;87;128
113519;87;144
1262411;87;144
1268221;87;144
1410545;87;144
1444783;87;144
1450339;87;144
166433;87;144
167063;87;144
177004;87;144
222515;87;144
234954;87;144
504862;87;144
668026;87;144
804283;87;144
822573;87;144
854986;87;144
86971;87;144
871413;87;144
948578;87;144
974494;87;144
1449344;87;157
1065194;87;158
1294879;87;158
337867;87;158
695081;87;158
446979;87;163
784830;87;163
1034500;87;186
1050509;87;198
1384523;87;198
1561011;87;198
265995;87;198
316874;87;198
1052320;87;210
231159;87;210
1119873;87;213
171625;87;213
1090613;87;217
883028;87;217
1117551;87;224
116943;87;225
1273694;87;225
1481747;87;225
1745258;87;240
492001;87;245
1657317;87;293
148714;87;299
1126260;87;309
1297404;87;309
1625735;87;309
799262;87;309
1070130;87;31
835422;87;330
691766;87;356
1268547;87;358
691428;87;362
1153381;87;373
1455523;87;373
248047;87;373
719573;87;373
659531;87;386
426134;87;390
1713612;87;395
872676;87;395
618022;87;396
650829;87;4
1180721;87;40
578595;87;41
1176991;87;410
584834;87;422
1176753;87;428
1193283;87;428
1231615;87;428
1300916;87;428
1381567;87;428
1578850;87;428
1602464;87;428
1646691;87;428
1670958;87;428
262782;87;428
563704;87;428
585058;87;428
620505;87;428
654619;87;428
705377;87;428
735860;87;428
74161;87;428
749439;87;428
870327;87;428
961190;87;428
966712;87;428
318474;87;439
1374140;87;445
26100;87;445
1318375;87;45
1581158;87;45
1730653;87;45
770785;87;464
909457;87;464
602735;87;503
1597884;87;515
1727219;87;515
547328;87;530
1087459;87;537
254850;87;537
637823;87;537
248652;87;567
1517235;87;583
608534;87;59
271165;87;590
410415;87;598
1270634;87;600
131728;87;600
1519079;87;600
202302;87;608
668829;87;608
839695;87;608
932257;87;608
976695;87;608
1042776;87;614
1741203;87;614
896963;87;614
1759061;87;615
589077;87;620
1198988;87;624
1714780;87;628
285604;87;628
980626;87;628
342639;87;633
1036833;87;636
1146436;87;636
228024;87;636
488426;87;636
29509;87;641
1322925;87;656
588116;87;656
985850;87;660
1691547;87;676
1215634;87;684
1485403;87;694
22271;87;707
1788150;87;715
253584;87;715
336044;87;715
914481;87;715
807582;87;728
1052716;87;729
1356413;87;734
472161;87;734
821165;87;734
1562746;87;751
297721;87;751
842601;87;751
1137068;87;761
406569;87;761
568112;87;761
1495539;87;782
707539;87;782
794074;87;782
889850;87;797
1008294;87;829
1274647;87;829
1324011;87;829
1336788;87;829
140818;87;829
1410469;87;829
143342;87;829
1463565;87;829
1497652;87;829
152699;87;829
1576597;87;829
1615847;87;829
1694643;87;829
1713987;87;829
181200;87;829
302647;87;829
4760;87;829
47819;87;829
497902;87;829
738266;87;829
799887;87;829
846151;87;829
991581;87;829
120274;87;833
1553085;87;839
611146;87;841
967070;87;842
1131037;87;85
880357;87;85
1446612;87;852
92737;87;852
1495104;87;857
338079;87;857
283459;87;870
95291;87;870
1574402;87;891
532897;87;891
635006;87;891
1579702;87;892
437983;87;892
584159;87;916
1052396;87;93
1372944;87;93
880244;87;93
1623962;87;932
1359415;87;934
1548108;87;962
1392481;87;969
1666258;87;977
968703;87;977
251749;88;1003
479323;88;1012
273751;88;143
930845;88;143
561977;88;251
1036685;88;26
769242;88;314
1356095;88;317
1397982;88;317
245943;88;317
1267527;88;334
1615306;88;334
1656761;88;334
1686164;88;334
1749219;88;334
252288;88;334
630371;88;334
823521;88;334
1354611;88;350
760709;88;351
569893;88;418
695060;88;436
745586;88;544
582819;88;736
817626;88;736
311132;88;752
283106;88;808
1077287;88;903
929807;88;903
307295;89;1000
1364624;89;1005
1097894;89;163
1185123;89;163
1635181;89;163
1716268;89;163
1772737;89;163
2082;89;163
410626;89;163
487148;89;163
506518;89;163
728920;89;218
614092;89;436
1344185;89;515
391460;89;537
917151;89;537
735014;89;56
1363471;89;600
1585801;89;600
1626416;89;600
192664;89;600
328843;89;600
79985;89;600
810608;89;600
815478;89;600
82009;89;600
97689;89;600
1667142;89;608
752451;89;608
795429;89;608
1270698;89;620
756101;89;620
799575;89;620
730779;89;76
1177189;89;782
807699;89;782
1026483;89;829
1659551;89;829
374950;89;829
699545;89;829
1739435;89;864
1009312;89;924
1149933;89;924
1570027;89;924
1758823;89;924
401674;89;924
530050;89;924
752734;89;924
1519390;89;967
1266188;89;977
1466541;9;102
1653480;9;102
323813;9;102
1685268;9;128
1055756;9;130
160966;9;143
547196;9;143
83359;9;143
1499680;9;157
312673;9;157
367388;9;157
626413;9;157
66640;9;158
1657529;9;166
430902;9;166
1421804;9;196
198930;9;198
1468045;9;229
174686;9;229
694747;9;229
1400084;9;334
470912;9;334
143282;9;530
1505654;9;530
581062;9;530
829164;9;538
230179;9;576
308010;9;576
1106592;9;584
1208294;9;584
1435940;9;584
1517986;9;584
1577877;9;584
1578152;9;584
1601527;9;584
186113;9;584
293037;9;584
295806;9;584
311945;9;584
327937;9;584
372131;9;584
868277;9;584
1067557;9;628
107708;9;628
1110002;9;628
1179509;9;628
1209265;9;628
1295544;9;628
13;9;628
1410157;9;628
1425307;9;628
1450576;9;628
1577368;9;628
1597822;9;628
16178;9;628
1645901;9;628
1690957;9;628
1770949;9;628
200587;9;628
217973;9;628
43723;9;628
504658;9;628
528094;9;628
577362;9;628
683971;9;628
702701;9;628
749776;9;628
754222;9;628
849271;9;628
255798;9;699
1016463;9;803
1351345;9;822
1453379;9;822
1617696;9;822
69137;9;822
781906;9;822
136795;9;829
1385496;9;829
1403570;9;829
1473910;9;829
1679002;9;829
1729017;9;829
223246;9;829
240149;9;829
46489;9;829
49846;9;829
659401;9;829
745447;9;829
812981;9;829
856282;9;829
864392;9;829
868853;9;829
905543;9;829
959274;9;829
964682;9;829
976205;9;829
1547008;9;838
1605673;9;838
286863;9;838
353260;9;886
1460773;9;914
1037471;9;945
107924;9;945
1250364;9;945
1266001;9;945
1376501;9;945
1390776;9;945
139400;9;945
1461820;9;945
1494096;9;945
1727918;9;945
173521;9;945
189847;9;945
219258;9;945
238291;9;945
261008;9;945
328491;9;945
454596;9;945
531753;9;945
75649;9;945
947552;9;945
965839;9;945
98606;9;945
1018265;9;965
1097737;9;965
1353472;9;965
1381373;9;965
140286;9;965
143405;9;965
1520828;9;965
1564773;9;965
1618274;9;965
1627443;9;965
1666932;9;965
1748591;9;965
257165;9;965
321927;9;965
429229;9;965
451437;9;965
537545;9;965
613030;9;965
918215;9;965
95019;9;965
1295680;9;97
1431729;9;97
1498452;9;97
213003;9;97
767402;9;97
815831;9;97
1479969;90;1030
870079;90;143
969447;90;200
1167077;90;251
1014695;90;362
1648634;90;368
652108;90;420
844395;90;522
1703496;90;722
939820;90;722
5771;90;757
650248;90;903
907752;91;1014
408740;91;1038
1263710;91;1047
924828;91;1054
1347400;91;143
1086105;91;158
1557960;91;158
278807;91;158
535791;91;158
1606275;91;198
302828;91;213
348190;91;217
1488717;91;224
1033085;91;285
576717;91;287
599322;91;306
1324997;91;309
1202061;91;337
352326;91;356
42509;91;356
89260;91;356
320697;91;362
320792;91;377
1576928;91;390
784711;91;395
229852;91;396
584886;91;396
789144;91;396
936297;91;396
1180756;91;40
698132;91;40
939626;91;407
282251;91;41
1117339;91;413
578883;91;413
597479;91;413
735947;91;413
90789;91;413
908518;91;413
947753;91;413
25137;91;439
310364;91;439
1421842;91;445
368912;91;457
1751358;91;465
1001634;91;513
1054319;91;513
1002286;91;515
1259346;91;515
138418;91;515
161123;91;533
1282525;91;537
747673;91;537
1753043;91;545
1646343;91;570
647126;91;583
1365815;91;600
1553002;91;600
336230;91;600
1684439;91;608
1724783;91;608
1786128;91;608
472242;91;608
479296;91;608
1303104;91;615
1344858;91;615
1372942;91;615
157316;91;615
294043;91;615
600692;91;615
663524;91;615
732799;91;615
304328;91;641
632810;91;647
764539;91;666
1039332;91;734
1078740;91;734
1329335;91;734
1318759;91;736
221742;91;736
574015;91;736
390287;91;766
701754;91;776
1677272;91;816
1353978;91;837
782343;91;837
997801;91;837
768719;91;85
859162;91;851
1752758;91;870
1188108;91;891
1704255;91;891
1348702;91;894
1203363;91;896
696223;91;896
97419;91;896
1065217;91;901
1112229;91;901
1085874;91;92
111884;91;92
1698133;91;92
26432;91;92
60648;91;92
972528;91;92
1621936;91;979
74547;91;993
378254;91;998
1422353;92;1047
575443;92;108
1667333;92;198
757660;92;198
969323;92;295
1386272;92;435
1761657;92;435
1206940;92;520
83351;92;520
1735584;92;60
1088624;92;615
1261081;92;615
164105;92;615
1017919;92;62
1601750;92;62
220465;92;621
721142;92;722
1166623;92;761
1605926;92;822
691315;92;822
430385;92;862
1223206;92;997
1479283;93;107
554159;93;107
585535;93;107
657189;93;107
970493;93;107
1329249;93;196
1135489;93;210
1339482;93;210
1340398;93;210
763423;93;210
1059819;93;212
838728;93;224
945192;93;224
1040801;93;309
777473;93;309
422473;93;342
1401633;93;40
1007196;93;413
1285262;93;413
1527611;93;413
180678;93;413
717990;93;413
830351;93;413
1054915;93;50
1618197;93;563
883258;93;583
1752459;93;66
1285408;93;719
1191927;93;780
1236342;93;780
1356515;93;780
1469051;93;780
317434;93;780
185585;93;881
1147938;93;992
1275299;93;992
229716;93;992
248247;93;999
688487;94;1049
974930;94;1052
1300533;94;107
114989;94;142
1684762;94;144
800182;94;144
1184406;94;146
1270680;94;158
1361393;94;158
409703;94;158
568448;94;158
89108;94;158
966263;94;158
180452;94;163
554190;94;163
1045115;94;18
1489555;94;210
1747653;94;234
1359444;94;238
1291432;94;309
498094;94;370
1304894;94;395
1592488;94;395
724219;94;395
828793;94;395
1295800;94;40
1777839;94;413
976359;94;413
760774;94;443
1722734;94;486
881435;94;486
661166;94;515
1480796;94;552
1012017;94;554
119697;94;554
1456881;94;554
584486;94;554
1238570;94;558
1547640;94;558
1693363;94;558
848160;94;558
1216020;94;600
1496485;94;600
665576;94;600
799066;94;600
92734;94;600
943052;94;600
130570;94;608
1399410;94;61
1786950;94;61
1000714;94;626
737459;94;638
1383041;94;67
39163;94;67
752686;94;769
979834;94;778
1640929;94;784
1650354;94;784
1745966;94;789
122006;94;810
993094;94;831
185282;94;836
177735;94;857
790136;94;947
301634;94;98
690125;94;997
601618;95;1020
70541;95;1020
567755;95;251
1152012;95;736
1418931;95;736
318106;95;903
