bahnhof;grad;gewicht;halte_tag;zwischenzentralitaet;mittlere_fahrzeit_zum_netz;rang_zentralitaet;rang_erreichbarkeit
Bonn Hbf;4;106.0;32.9;0.0087;142.6;48;30
Köln Hbf;11;530.0;190.7;0.2284;127.8;7;11
Koblenz Hbf;3;105.0;32.8;0.0005;149.9;51;36
Frankfurt(Main)Hbf;17;660.0;224.2;0.2862;109.9;1;3
Hanau Hbf;9;174.0;43.5;0.257;105.9;2;2
Würzburg Hbf;9;328.0;82.1;0.1222;117.1;11;6
Nürnberg Hbf;9;617.0;160.2;0.1569;143.0;9;31
Basel SBB;1;88.0;71.3;0.0;213.2;53;56
Freiburg(Breisgau) Hbf;3;183.0;47.5;0.0317;188.6;32;52
Karlsruhe Hbf;8;263.0;91.2;0.1126;142.1;12;29
Mannheim Hbf;14;603.0;157.2;0.2499;129.4;3;12
Siegburg/Bonn;7;243.0;61.5;0.1395;123.5;10;8
Düsseldorf Hbf;11;372.0;118.7;0.0872;131.7;15;13
Duisburg Hbf;8;408.0;107.1;0.079;134.8;18;19
Oberhausen Hbf;5;134.0;46.6;0.0137;135.9;46;24
Dortmund Hbf;14;354.0;114.3;0.0611;137.4;23;25
Magdeburg Hbf;6;68.0;38.4;0.0288;155.4;34;39
Hannover Hbf;15;754.0;221.1;0.2341;123.1;5;7
Halle(Saale)Hbf;5;317.0;76.8;0.0585;152.1;25;38
Leipzig Hbf;5;296.0;102.9;0.0236;162.1;38;44
Lindau-Reutin;1;20.0;26.6;0.0;292.9;54;63
München Hbf;5;465.0;222.7;0.064;184.7;22;51
Ulm Hbf;5;307.0;78.5;0.0348;172.5;30;48
Heidelberg Hbf;7;145.0;45.1;0.0;133.1;55;17
Mainz Hbf;5;97.0;30.6;0.0159;123.6;45;9
Aachen Hbf;2;39.0;20.1;0.0;156.4;56;40
Hamburg Hbf;8;337.0;155.9;0.0981;167.4;14;46
Bremen Hbf;5;248.0;76.2;0.023;160.1;40;41
Osnabrück Hbf;3;233.0;61.5;0.0192;149.2;42;35
Münster(Westf)Hbf;7;229.0;65.8;0.0417;148.5;29;34
Hagen Hbf;5;222.0;57.2;0.0527;135.3;26;21
Wuppertal Hbf;4;228.0;58.7;0.0812;132.2;17;15
Stuttgart Hbf;6;326.0;132.3;0.0712;148.2;20;33
Augsburg Hbf;5;361.0;90.5;0.0282;175.5;35;49
Göttingen;5;449.0;108.5;0.1857;115.2;8;5
Kassel-Wilhelmshöhe;10;450.0;114.2;0.2333;111.0;6;4
Marburg(Lahn);2;27.0;6.7;0.0118;135.3;47;22
Gießen;2;27.0;6.7;0.0179;132.6;43;16
Essen Hbf;4;102.0;29.9;0.0;134.8;57;20
Regensburg Hbf;1;5.0;3.3;0.0;196.0;58;53
Offenburg;3;140.0;36.1;0.085;163.7;16;45
Kaiserslautern Hbf;2;43.0;10.8;0.0317;161.2;33;42
Saarbrücken Hbf;1;22.0;16.2;0.0;196.9;59;54
Berlin Hbf;11;522.0;204.9;0.0266;177.2;37;50
Lutherstadt Wittenberg Hbf;3;177.0;42.9;0.002;169.5;50;47
Bamberg;3;95.0;25.8;0.0231;151.2;39;37
Fulda;9;396.0;98.3;0.2446;105.6;4;1
Erfurt Hbf;8;505.0;113.8;0.1108;139.4;13;27
Dresden Hbf;3;61.0;44.5;0.0;213.8;60;57
Stralsund Hbf;2;41.0;20.9;0.0005;294.1;52;64
Wolfsburg Hbf;3;307.0;82.4;0.0343;141.3;31;28
Braunschweig Hbf;5;198.0;60.5;0.0471;133.5;28;18
Hildesheim Hbf;2;141.0;32.5;0.0271;131.7;36;14
Emden Hbf;2;29.0;29.0;0.0;234.8;61;59
Kiel Hbf;1;18.0;9.1;0.0;230.6;62;58
Salzburg Hbf;2;24.0;38.0;0.0;280.9;63;62
Ingolstadt Hbf;3;199.0;42.3;0.0691;161.2;21;43
Singen(Hohentwiel);2;24.0;36.9;0.0;254.4;64;60
Schwerin Hbf;5;58.0;17.2;0.0522;212.3;27;55
Rostock Hbf;3;62.0;32.4;0.0225;258.5;41;61
Hamm(Westf)Hbf;6;255.0;70.0;0.0586;135.8;24;23
Bielefeld Hbf;4;286.0;73.1;0.0753;137.7;19;26
Wiesbaden Hbf;4;18.0;6.3;0.0077;126.7;49;10
Paderborn Hbf;3;16.0;5.8;0.0174;143.2;44;32
