prio;ebene;linie_key;bezeichnung;betreiber;fahrten_tag_ist;richtungsfahrten_ist;takt_ist;takt_ziel;richtungsfahrten_ziel;zuege_ziel_tag;veraenderung;km;zugkm_ist;zugkm_ziel;takt_ziel_b;richtungsfahrten_ziel_b;zugkm_ziel_b;knotenfolge;laufweg
2;Ebene 2 – ICE;ICE 10;Berlin Hbf – Köln Hbf;DB Fernverkehr AG;51.7;25.9;~30 min;30 min;34;68;+8 Fahrten/Ri/Tag;606.1;31342;41216;30 min;34;41216;Berlin Hbf :00 > Wolfsburg Hbf :06 > Hannover Hbf :15 > Bielefeld Hbf :15 > Hamm(Westf)Hbf :14 > Hagen Hbf :09 > Wuppertal Hbf :00 > Köln Hbf :06;Berlin Hbf > Berlin-Spandau > Wolfsburg Hbf > Hannover Hbf > Bielefeld Hbf > Hamm(Westf)Hbf > Hagen Hbf > Wuppertal Hbf > Köln Hbf
2;Ebene 2 – ICE;ICE 41;München Hbf – Düsseldorf Hbf;DB Fernverkehr AG;37.5;18.8;~30 min;60 min;17;34;-2 Fahrten/Ri/Tag;636.6;23885;21644;30 min;34;43288;München Hbf :22 > Nürnberg Hbf :10 > Würzburg Hbf :07 > Frankfurt(Main)Hbf :24 > Siegburg/Bonn :15 > Düsseldorf Hbf :08;München Hbf > Nürnberg Hbf > Würzburg Hbf > Aschaffenburg Hbf > Frankfurt(Main)Hbf > Frankfurt(M) Flughafen Fernbf > Siegburg/Bonn > Köln Messe/Deutz > Düsseldorf Hbf
2;Ebene 2 – ICE;ICE 25;München Hbf – Hamburg Hbf;DB Fernverkehr AG;34.5;17.2;~30 min;60 min;17;34;±0 Fahrten/Ri/Tag;844.0;29099;28694;30 min;34;57389;München Hbf :22 > Ingolstadt Hbf :08 > Nürnberg Hbf :10 > Würzburg Hbf :07 > Fulda :29 > Kassel-Wilhelmshöhe :25 > Göttingen :07 > Hannover Hbf :15 > Hamburg Hbf :06;München Hbf > Ingolstadt Hbf > Nürnberg Hbf > Würzburg Hbf > Fulda > Kassel-Wilhelmshöhe > Göttingen > Hannover Hbf > Lüneburg > Hamburg-Harburg > Hamburg Hbf
2;Ebene 2 – ICE;ICE (Nederlandse Spoorwegen);Arnhem Centraal – Amsterdam Centraal;Nederlandse Spoorwegen;28.8;14.4;~60 min;60 min;17;34;+3 Fahrten/Ri/Tag;108.7;3132;3696;30 min;34;7392;;Arnhem Centraal > Utrecht Centraal > Amsterdam Centraal
2;Ebene 2 – ICE;ICE (SBB);Zürich HB – Basel SBB;SBB;21.6;10.8;~60 min;120 min;9;18;-2 Fahrten/Ri/Tag;88.7;1916;1596;60 min;17;3015;Basel SBB :00;Zürich HB > Basel SBB
2;Ebene 2 – ICE;ICE 62;Frankfurt(Main)Hbf – Stuttgart Hbf;DB Fernverkehr AG;21.6;10.8;~60 min;120 min;9;18;-2 Fahrten/Ri/Tag;188.2;4066;3386;60 min;17;6397;Frankfurt(Main)Hbf :24 > Heidelberg Hbf :21 > Stuttgart Hbf :19;Frankfurt(Main)Hbf > Darmstadt Hbf > Bensheim > Weinheim(Bergstr)Hbf > Heidelberg Hbf > Stuttgart Hbf
2;Ebene 2 – ICE;ICE 12;Basel SBB – Berlin Hbf;DB Fernverkehr AG;21.5;10.8;~60 min;120 min;9;18;-2 Fahrten/Ri/Tag;995.4;21411;17917;60 min;17;33843;Basel SBB :00 > Freiburg(Breisgau) Hbf :02 > Offenburg :07 > Karlsruhe Hbf :07 > Mannheim Hbf :06 > Frankfurt(Main)Hbf :24 > Hanau Hbf :12 > Fulda :29 > Kassel-Wilhelmshöhe :25 > Göttingen :07 > Hildesheim Hbf :10 > Braunschweig Hbf :07 > Wolfsburg Hbf :06 > Berlin Hbf :00;Basel SBB > Basel Bad Bf > Freiburg(Breisgau) Hbf > Offenburg > Karlsruhe Hbf > Mannheim Hbf > Frankfurt(Main)Hbf > Hanau Hbf > Fulda > Kassel-Wilhelmshöhe > Göttingen > Hildesheim Hbf > Braunschweig Hbf > Wolfsburg Hbf > Berlin-Spandau > Berlin Hbf
2;Ebene 2 – ICE;ICE 18;Berlin Hbf – Hamburg-Altona;DB Fernverkehr AG;20.7;10.3;~60 min;120 min;9;18;-1 Fahrten/Ri/Tag;321.2;6643;5782;60 min;17;10922;Berlin Hbf :00 > Hamburg Hbf :06;Berlin Hbf > Wittenberge > Ludwigslust > Büchen > Hamburg Hbf > Hamburg-Altona
2;Ebene 2 – ICE;ICE 42;Hamburg-Altona – München Hbf;DB Fernverkehr AG;20.0;10.0;~60 min;120 min;9;18;-1 Fahrten/Ri/Tag;1066.3;21294;19193;60 min;17;36254;Hamburg Hbf :06 > Bremen Hbf :06 > Osnabrück Hbf :28 > Münster(Westf)Hbf :01 > Dortmund Hbf :04 > Hagen Hbf :09 > Wuppertal Hbf :00 > Köln Hbf :06 > Mannheim Hbf :06 > Stuttgart Hbf :19 > Ulm Hbf :03 > Augsburg Hbf :22 > München Hbf :22;Hamburg-Altona > Hamburg Dammtor > Hamburg Hbf > Hamburg-Harburg > Bremen Hbf > Osnabrück Hbf > Münster(Westf)Hbf > Dortmund Hbf > Hagen Hbf > Wuppertal Hbf > Solingen Hbf > Köln Hbf > Frankfurt(M) Flughafen Fernbf > Mannheim Hbf > Stuttgart Hbf > Ulm Hbf > Augsburg Hbf > München-Pasing > München Hbf
2;Ebene 2 – ICE;ICE 11;Berlin Gesundbrunnen – München Hbf;DB Fernverkehr AG;20.0;10.0;~60 min;120 min;9;18;-1 Fahrten/Ri/Tag;981.2;19624;17662;60 min;17;33362;Berlin Hbf :00 > Lutherstadt Wittenberg Hbf :15 > Leipzig Hbf :26 > Erfurt Hbf :14 > Fulda :29 > Frankfurt(Main)Hbf :24 > Mannheim Hbf :06 > Stuttgart Hbf :19 > Ulm Hbf :03 > Augsburg Hbf :22 > München Hbf :22;Berlin Gesundbrunnen > Berlin Hbf > Berlin Südkreuz > Lutherstadt Wittenberg Hbf > Leipzig Hbf > Erfurt Hbf > Eisenach Hbf > Fulda > Frankfurt(Main)Hbf > Mannheim Hbf > Stuttgart Hbf > Ulm Hbf > Augsburg Hbf > München-Pasing > München Hbf
2;Ebene 2 – ICE;ICE 28;Hamburg-Altona – München Hbf;DB Fernverkehr AG;19.6;9.8;~60 min;120 min;9;18;-1 Fahrten/Ri/Tag;1004.0;19729;18072;60 min;17;34137;Hamburg Hbf :06 > Berlin Hbf :00 > Lutherstadt Wittenberg Hbf :15 > Leipzig Hbf :26 > Erfurt Hbf :14 > Bamberg :01 > Nürnberg Hbf :10 > München Hbf :22;Hamburg-Altona > Hamburg Dammtor > Hamburg Hbf > Berlin Hbf > Berlin Südkreuz > Lutherstadt Wittenberg Hbf > Bitterfeld > Leipzig Hbf > Erfurt Hbf > Bamberg > Erlangen > Nürnberg Hbf > München Hbf
2;Ebene 2 – ICE;ICE 22;Stuttgart Hbf – Hamburg Hbf;DB Fernverkehr AG;18.8;9.4;~60 min;120 min;9;18;±0 Fahrten/Ri/Tag;700.2;13149;12603;60 min;17;23806;Stuttgart Hbf :19 > Mannheim Hbf :06 > Frankfurt(Main)Hbf :24 > Kassel-Wilhelmshöhe :25 > Göttingen :07 > Hannover Hbf :15 > Hamburg Hbf :06;Stuttgart Hbf > Mannheim Hbf > Frankfurt(Main)Hbf > Kassel-Wilhelmshöhe > Göttingen > Hannover Hbf > Celle > Hamburg Hbf
2;Ebene 2 – ICE;ICE 79;Bruxelles Midi – Frankfurt(Main)Hbf;DB Fernverkehr AG;18.6;9.3;~60 min;120 min;9;18;±0 Fahrten/Ri/Tag;428.0;7952;7704;60 min;17;14553;Aachen Hbf :27 > Köln Hbf :06 > Frankfurt(Main)Hbf :24;Bruxelles Midi > Bruxelles-Nord > Liège-Guillemins > Aachen Süd(Gr) > Aachen Hbf > Köln Hbf > Frankfurt(M) Flughafen Fernbf > Frankfurt(Main)Hbf
2;Ebene 2 – ICE;ICE 50;Frankfurt(M) Flughafen Fernbf – Dresden Hbf;DB Fernverkehr AG;16.9;8.5;~120 min;120 min;9;18;+1 Fahrten/Ri/Tag;518.2;8777;9326;60 min;17;17617;Frankfurt(Main)Hbf :24 > Fulda :29 > Erfurt Hbf :14 > Leipzig Hbf :26 > Dresden Hbf :20;Frankfurt(M) Flughafen Fernbf > Frankfurt(Main)Hbf > Fulda > Bad Hersfeld > Eisenach Hbf > Gotha > Erfurt Hbf > Leipzig Hbf > Dresden-Neustadt > Dresden Hbf
2;Ebene 2 – ICE;ICE 82;Saarbrücken Hbf – Frankfurt(Main)Hbf;DB Fernverkehr AG;16.3;8.1;~120 min;120 min;9;18;+1 Fahrten/Ri/Tag;218.8;3563;3937;60 min;17;7437;Saarbrücken Hbf :11 > Kaiserslautern Hbf :23 > Mannheim Hbf :06 > Frankfurt(Main)Hbf :24;Saarbrücken Hbf > Kaiserslautern Hbf > Mannheim Hbf > Frankfurt(Main)Hbf
2;Ebene 2 – ICE;ICE 43;Hamburg-Altona – Basel SBB;DB Fernverkehr AG;16.0;8.0;~120 min;120 min;9;18;+1 Fahrten/Ri/Tag;1006.9;16110;18124;60 min;17;34235;Hamburg Hbf :06 > Bremen Hbf :06 > Osnabrück Hbf :28 > Münster(Westf)Hbf :01 > Oberhausen Hbf :02 > Duisburg Hbf :21 > Düsseldorf Hbf :08 > Köln Hbf :06 > Mannheim Hbf :06 > Karlsruhe Hbf :07 > Freiburg(Breisgau) Hbf :02 > Basel SBB :00;Hamburg-Altona > Hamburg Dammtor > Hamburg Hbf > Hamburg-Harburg > Bremen Hbf > Osnabrück Hbf > Münster(Westf)Hbf > Gelsenkirchen Hbf > Oberhausen Hbf > Duisburg Hbf > Düsseldorf Hbf > Köln Hbf > Frankfurt(M) Flughafen Fernbf > Mannheim Hbf > Karlsruhe Hbf > Baden-Baden > Freiburg(Breisgau) Hbf > Basel Bad Bf > Basel SBB
2;Ebene 2 – ICE;ICE 77;Berlin Südkreuz – Hengelo;DB Fernverkehr AG;16.0;8.0;~120 min;120 min;9;18;+1 Fahrten/Ri/Tag;548.3;8772;9869;60 min;17;18641;Berlin Hbf :00 > Hannover Hbf :15 > Osnabrück Hbf :28;Berlin Südkreuz > Berlin Hbf > Berlin-Spandau > Hannover Hbf > Bünde(Westf) > Osnabrück Hbf > Rheine > Bad Bentheim > Bad Bentheim(Gr) > Hengelo
2;Ebene 2 – ICE;ICE 91;Nürnberg Hbf – Dortmund Hbf;DB Fernverkehr AG;15.5;7.8;~120 min;120 min;9;18;+1 Fahrten/Ri/Tag;565.7;8779;10182;60 min;17;19233;Nürnberg Hbf :10 > Würzburg Hbf :07 > Hanau Hbf :12 > Frankfurt(Main)Hbf :24 > Mainz Hbf :20 > Koblenz Hbf :14 > Bonn Hbf :06 > Köln Hbf :06 > Düsseldorf Hbf :08 > Duisburg Hbf :21 > Oberhausen Hbf :02 > Dortmund Hbf :04;Nürnberg Hbf > Würzburg Hbf > Hanau Hbf > Frankfurt(Main)Hbf > Frankfurt(M) Flughafen Fernbf > Mainz Hbf > Koblenz Hbf > Bonn Hbf > Köln Hbf > Düsseldorf Hbf > Duisburg Hbf > Oberhausen Hbf > Gelsenkirchen Hbf > Herne-Wanne-Eickel Hbf > Dortmund Hbf
2;Ebene 2 – ICE;ICE 47;Essen Hbf – München Hbf;DB Fernverkehr AG;15.3;7.7;~120 min;120 min;9;18;+1 Fahrten/Ri/Tag;691.3;10611;12443;60 min;17;23504;Essen Hbf :05 > Duisburg Hbf :21 > Düsseldorf Hbf :08 > Mannheim Hbf :06 > Ulm Hbf :03 > Augsburg Hbf :22 > München Hbf :22;Essen Hbf > Duisburg Hbf > Düsseldorf Hbf > Köln Messe/Deutz > Frankfurt(M) Flughafen Fernbf > Mannheim Hbf > Vaihingen(Enz) > Esslingen(Neckar) > Ulm Hbf > Augsburg Hbf > München Hbf
2;Ebene 2 – ICE;ICE 49;Köln Hbf – Frankfurt(Main)Hbf;DB Fernverkehr AG;15.0;7.5;~120 min;120 min;9;18;+1 Fahrten/Ri/Tag;193.8;2912;3488;60 min;17;6589;Köln Hbf :06 > Siegburg/Bonn :15 > Frankfurt(Main)Hbf :24;Köln Hbf > Siegburg/Bonn > Montabaur > Limburg Süd > Frankfurt(M) Flughafen Fernbf > Frankfurt(Main)Hbf
2;Ebene 2 – ICE;ICE 33;Hamburg-Altona – Ostseebad Binz;DB Fernverkehr AG;13.5;6.7;~120 min;120 min;9;18;+2 Fahrten/Ri/Tag;332.5;4482;5985;60 min;17;11305;Hamburg Hbf :06 > Schwerin Hbf :06 > Rostock Hbf :13 > Stralsund Hbf :10;Hamburg-Altona > Hamburg Hbf > Schwerin Hbf > Bützow > Rostock Hbf > Ribnitz-Damgarten West > Velgast > Stralsund Hbf > Bergen auf Rügen > Ostseebad Binz
2;Ebene 2 – ICE;ICE 78;Frankfurt(Main)Hbf – Arnhem Centraal;DB Fernverkehr AG;13.0;6.5;~120 min;120 min;9;18;+2 Fahrten/Ri/Tag;372.5;4842;6704;60 min;17;12664;Frankfurt(Main)Hbf :24 > Siegburg/Bonn :15 > Köln Hbf :06 > Düsseldorf Hbf :08 > Duisburg Hbf :21 > Oberhausen Hbf :02;Frankfurt(Main)Hbf > Frankfurt(M) Flughafen Fernbf > Siegburg/Bonn > Köln Hbf > Düsseldorf Hbf > Duisburg Hbf > Oberhausen Hbf > Emmerich(Gr) > Arnhem Centraal
2;Ebene 2 – ICE;ICE 20;Basel SBB – Hamburg Hbf;DB Fernverkehr AG;12.9;6.5;~120 min;120 min;9;18;+3 Fahrten/Ri/Tag;888.0;11490;15984;60 min;17;30192;Basel SBB :00 > Freiburg(Breisgau) Hbf :02 > Offenburg :07 > Karlsruhe Hbf :07 > Mannheim Hbf :06 > Frankfurt(Main)Hbf :24 > Kassel-Wilhelmshöhe :25 > Göttingen :07 > Hannover Hbf :15 > Hamburg Hbf :06;Basel SBB > Basel Bad Bf > Freiburg(Breisgau) Hbf > Offenburg > Karlsruhe Hbf > Mannheim Hbf > Frankfurt(Main)Hbf > Kassel-Wilhelmshöhe > Göttingen > Hannover Hbf > Uelzen > Hamburg Hbf
2;Ebene 2 – ICE;ICE (ÖBB);Graz Hbf – Salzburg Hbf;ÖBB;12.6;6.3;~120 min;120 min;9;18;+3 Fahrten/Ri/Tag;366.5;4621;6596;60 min;17;12460;Salzburg Hbf :24;Graz Hbf > Weststeiermark > St. Paul im Lavanttal > Klagenfurt Hbf > Velden am Wörther See > Villach Hbf > Spittal-Millstätter See > Mallnitz-Obervellach > Bad Gastein > Schwarzach-St.Veit > St. Johann im Pongau > Bischofshofen > Golling-Abtenau > Salzburg Hbf
2;Ebene 2 – ICE;ICE 60;Karlsruhe Hbf – München Hbf;DB Fernverkehr AG;11.9;6.0;~120 min;120 min;9;18;+3 Fahrten/Ri/Tag;327.7;3899;5898;120 min;9;5898;Karlsruhe Hbf :07 > Stuttgart Hbf :19 > Ulm Hbf :03 > Augsburg Hbf :22 > München Hbf :22;Karlsruhe Hbf > Bruchsal > Stuttgart Hbf > Ulm Hbf > Augsburg Hbf > München-Pasing > München Hbf
2;Ebene 2 – ICE;ICE 13;Frankfurt(M) Flughafen Fernbf – Berlin-Charlottenburg;DB Fernverkehr AG;11.4;5.7;~120 min;120 min;9;18;+3 Fahrten/Ri/Tag;640.8;7337;11534;120 min;9;11534;Fulda :29 > Kassel-Wilhelmshöhe :25 > Göttingen :07 > Hildesheim Hbf :10 > Braunschweig Hbf :07 > Wolfsburg Hbf :06;Frankfurt(M) Flughafen Fernbf > Frankfurt(Main)Süd > Fulda > Kassel-Wilhelmshöhe > Göttingen > Hildesheim Hbf > Braunschweig Hbf > Wolfsburg Hbf > Stendal Hbf > Berlin-Spandau > Berlin-Charlottenburg
2;Ebene 2 – ICE;ECE 88;Lindau-Reutin – München Hbf;DB Fernverkehr AG;10.3;5.1;~120 min;120 min;9;18;+4 Fahrten/Ri/Tag;196.2;2013;3531;120 min;9;3531;Lindau-Reutin :22 > München Hbf :22;Lindau-Reutin > Memmingen > Buchloe > München Hbf
2;Ebene 2 – ICE;ECE (Dänische Staatsbahnen);Padborg st – Koebenhavn H;Dänische Staatsbahnen;9.6;4.8;~120 min;120 min;9;18;+4 Fahrten/Ri/Tag;331.7;3167;5970;120 min;9;5970;;Padborg st > Kolding st > Odense st > Ringsted st > Koebenhavn H
2;Ebene 2 – ICE;ECE 75;Hamburg Hbf – Padborg st;DB Fernverkehr AG;9.6;4.8;~120 min;120 min;9;18;+4 Fahrten/Ri/Tag;177.0;1690;3186;120 min;9;3186;Hamburg Hbf :06;Hamburg Hbf > Schleswig > Flensburg(Gr) > Padborg st
2;Ebene 2 – ICE;ICE 15;Frankfurt(Main)Hbf – Berlin Gesundbrunnen;DB Fernverkehr AG;9.5;4.7;~120 min;120 min;9;18;+4 Fahrten/Ri/Tag;521.3;4941;9383;120 min;9;9383;Frankfurt(Main)Hbf :24 > Erfurt Hbf :14 > Halle(Saale)Hbf :18 > Berlin Hbf :00;Frankfurt(Main)Hbf > Erfurt Hbf > Halle(Saale)Hbf > Berlin Südkreuz > Berlin Hbf > Berlin Gesundbrunnen
2;Ebene 2 – ICE;ICE 14;Berlin-Charlottenburg – Essen Hbf;DB Fernverkehr AG;9.1;4.5;~120 min;120 min;9;18;+4 Fahrten/Ri/Tag;552.7;5029;9948;120 min;9;9948;Hannover Hbf :15 > Bielefeld Hbf :15 > Hamm(Westf)Hbf :14 > Dortmund Hbf :04 > Essen Hbf :05;Berlin-Charlottenburg > Berlin-Spandau > Hannover Hbf > Herford > Bielefeld Hbf > Gütersloh Hbf > Hamm(Westf)Hbf > Dortmund Hbf > Bochum Hbf > Essen Hbf
2;Ebene 2 – ICE;ICE 16;Bremen Hbf – Hannover Hbf;DB Fernverkehr AG;8.0;4.0;~120 min;Einzelleistungen;4;8;±0 Fahrten/Ri/Tag;120.5;963;963;120 min;9;2168;Bremen Hbf :06 > Hannover Hbf :15;Bremen Hbf > Hannover Hbf
2;Ebene 2 – ICE;ICE 19;Köln Hbf – Berlin Südkreuz;DB Fernverkehr AG;7.8;3.9;Einzelleistungen;Einzelleistungen;4;8;±0 Fahrten/Ri/Tag;611.4;4738;4891;120 min;9;11005;Köln Hbf :06 > Wuppertal Hbf :00 > Hagen Hbf :09 > Bielefeld Hbf :15 > Hannover Hbf :15 > Berlin Hbf :00;Köln Hbf > Wuppertal Hbf > Hagen Hbf > Bielefeld Hbf > Hannover Hbf > Berlin-Spandau > Berlin Hbf > Berlin Südkreuz
2;Ebene 2 – ICE;ICE 26;Hannover Hbf – Bremen Hbf;DB Fernverkehr AG;7.5;3.8;Einzelleistungen;Einzelleistungen;4;8;±0 Fahrten/Ri/Tag;120.5;906;963;120 min;9;2168;Hannover Hbf :15 > Bremen Hbf :06;Hannover Hbf > Bremen Hbf
2;Ebene 2 – ICE;ICE 83;Strasbourg – Paris Est;DB Fernverkehr AG;7.2;3.6;Einzelleistungen;Einzelleistungen;4;8;±0 Fahrten/Ri/Tag;474.6;3431;3796;120 min;9;8542;;Strasbourg > Paris Est
2;Ebene 2 – ICE;ICE 1;Nürnberg Hbf – Hamburg-Altona;DB Fernverkehr AG;4.3;2.1;Einzelleistungen;Einzelleistungen;2;4;±0 Fahrten/Ri/Tag;900.5;3863;3601;120 min;9;16208;Nürnberg Hbf :10 > Würzburg Hbf :07 > Hanau Hbf :12 > Frankfurt(Main)Hbf :24 > Mainz Hbf :20 > Koblenz Hbf :14 > Bonn Hbf :06 > Köln Hbf :06 > Düsseldorf Hbf :08 > Duisburg Hbf :21 > Hamburg Hbf :06;Nürnberg Hbf > Würzburg Hbf > Hanau Hbf > Frankfurt(Main)Hbf > Frankfurt(M) Flughafen Fernbf > Mainz Hbf > Koblenz Hbf > Bonn Hbf > Köln Hbf > Düsseldorf Hbf > Duisburg Hbf > Gelsenkirchen Hbf > Hamburg Hbf > Hamburg-Altona
2;Ebene 2 – ICE;ICE 24;Frankfurt(Main)Hbf – Westerland(Sylt);DB Fernverkehr AG;4.0;2.0;Einzelleistungen;Einzelleistungen;2;4;±0 Fahrten/Ri/Tag;775.1;3100;3100;120 min;9;13951;Frankfurt(Main)Hbf :24 > Gießen :10 > Marburg(Lahn) :01 > Kassel-Wilhelmshöhe :25 > Göttingen :07 > Hannover Hbf :15 > Hamburg Hbf :06;Frankfurt(Main)Hbf > Friedberg(Hess) > Gießen > Marburg(Lahn) > Treysa > Wabern(Bz Kassel) > Kassel-Wilhelmshöhe > Göttingen > Hannover Hbf > Lüneburg > Hamburg Hbf > Itzehoe > Heide(Holst) > Husum > Niebüll > Westerland(Sylt)
2;Ebene 2 – ICE;ICE 90;Salzburg Hbf – München Hbf;DB Fernverkehr AG;4.0;2.0;Einzelleistungen;Einzelleistungen;2;4;±0 Fahrten/Ri/Tag;147.2;588;588;120 min;9;2650;Salzburg Hbf :24 > München Hbf :22;Salzburg Hbf > Traunstein > Prien am Chiemsee > Rosenheim > München Hbf
2;Ebene 2 – ICE;ECE 20;Basel SBB – Hamburg Hbf;DB Fernverkehr AG;3.9;1.9;Einzelleistungen;Einzelleistungen;2;4;±0 Fahrten/Ri/Tag;888.0;3463;3552;120 min (Teilstrecke);9;15984;Basel SBB :00 > Freiburg(Breisgau) Hbf :02 > Offenburg :07 > Karlsruhe Hbf :07 > Mannheim Hbf :06 > Frankfurt(Main)Hbf :24 > Kassel-Wilhelmshöhe :25 > Göttingen :07 > Hannover Hbf :15 > Hamburg Hbf :06;Basel SBB > Basel Bad Bf > Freiburg(Breisgau) Hbf > Offenburg > Karlsruhe Hbf > Mannheim Hbf > Frankfurt(Main)Hbf > Kassel-Wilhelmshöhe > Göttingen > Hannover Hbf > Uelzen > Hamburg Hbf
2;Ebene 2 – ICE;ICE 45;Köln Hbf – Stuttgart Hbf;DB Fernverkehr AG;3.0;1.5;Einzelleistungen;Einzelleistungen;2;4;±0 Fahrten/Ri/Tag;359.9;1090;1439;120 min (Teilstrecke);9;6477;Köln Hbf :06 > Siegburg/Bonn :15 > Wiesbaden Hbf :05 > Mainz Hbf :20 > Mannheim Hbf :06 > Stuttgart Hbf :19;Köln Hbf > Siegburg/Bonn > Montabaur > Limburg Süd > Wiesbaden Hbf > Mainz Hbf > Mannheim Hbf > Stuttgart Hbf
2;Ebene 2 – ICE;ICE 27;Dresden Hbf – Berlin Gesundbrunnen;DB Fernverkehr AG;3.0;1.5;Einzelleistungen;Einzelleistungen;2;4;±0 Fahrten/Ri/Tag;204.2;612;816;120 min (Teilstrecke);9;3676;Dresden Hbf :20 > Berlin Hbf :00;Dresden Hbf > Dresden-Neustadt > Berlin Südkreuz > Berlin Hbf > Berlin Gesundbrunnen
2;Ebene 2 – ICE;ICE 55;Köln Hbf – Stuttgart Hbf;DB Fernverkehr AG;2.0;1.0;Einzelleistungen;Einzelleistungen;1;2;±0 Fahrten/Ri/Tag;357.6;715;715;120 min (Teilstrecke);9;6436;Köln Hbf :06 > Bonn Hbf :06 > Koblenz Hbf :14 > Mainz Hbf :20 > Mannheim Hbf :06 > Heidelberg Hbf :21 > Stuttgart Hbf :19;Köln Hbf > Bonn Hbf > Koblenz Hbf > Mainz Hbf > Mannheim Hbf > Heidelberg Hbf > Vaihingen(Enz) > Stuttgart Hbf
2;Ebene 2 – ICE;ICE 51;Dresden Hbf – Düsseldorf Hbf;DB Fernverkehr AG;1.9;1.0;Einzelleistungen;Einzelleistungen;1;2;±0 Fahrten/Ri/Tag;675.4;1310;1350;120 min (Teilstrecke);9;12156;Dresden Hbf :20 > Leipzig Hbf :26 > Erfurt Hbf :14 > Kassel-Wilhelmshöhe :25 > Paderborn Hbf :28 > Dortmund Hbf :04 > Essen Hbf :05 > Duisburg Hbf :21 > Düsseldorf Hbf :08;Dresden Hbf > Dresden-Neustadt > Leipzig Hbf > Erfurt Hbf > Kassel-Wilhelmshöhe > Altenbeken > Paderborn Hbf > Lippstadt > Soest > Dortmund Hbf > Bochum Hbf > Essen Hbf > Duisburg Hbf > Düsseldorf Hbf
2;Ebene 2 – ICE;ECE 85;Basel Bad Bf – Frankfurt(Main)Hbf;DB Fernverkehr AG;1.8;0.9;Einzelleistungen;Einzelleistungen;1;2;±0 Fahrten/Ri/Tag;359.4;650;718;120 min (Teilstrecke);9;6469;Freiburg(Breisgau) Hbf :02 > Karlsruhe Hbf :07 > Mannheim Hbf :06 > Frankfurt(Main)Hbf :24;Basel Bad Bf > Freiburg(Breisgau) Hbf > Ringsheim/Europa-Park > Karlsruhe Hbf > Mannheim Hbf > Frankfurt(Main)Hbf
2;Ebene 2 – ICE;ICE 17;Stralsund Hbf – Berlin Gesundbrunnen;DB Fernverkehr AG;1.2;0.6;Einzelleistungen;Einzelleistungen;1;2;±0 Fahrten/Ri/Tag;318.6;391;637;120 min (Teilstrecke);9;5734;Stralsund Hbf :10 > Rostock Hbf :13;Stralsund Hbf > Ribnitz-Damgarten West > Rostock Hbf > Waren(Müritz) > Neustrelitz Hbf > Oranienburg > Berlin Gesundbrunnen
2;Ebene 2 – ICE;ICE 29;München Hbf – Berlin Gesundbrunnen;DB Fernverkehr AG;1.1;0.6;Einzelleistungen;Einzelleistungen;1;2;±0 Fahrten/Ri/Tag;672.7;760;1345;120 min (Teilstrecke);9;12108;München Hbf :22 > Ingolstadt Hbf :08 > Nürnberg Hbf :10 > Erfurt Hbf :14 > Halle(Saale)Hbf :18 > Berlin Hbf :00;München Hbf > Ingolstadt Hbf > Nürnberg Hbf > Erfurt Hbf > Halle(Saale)Hbf > Berlin Südkreuz > Berlin Hbf > Berlin Gesundbrunnen
2;Ebene 2 – ICE;ICE 3;Berlin Südkreuz – Frankfurt(M) Flughafen Regionalbf;DB Fernverkehr AG;0.6;0.3;Einzelleistungen;Einzelleistungen;1;2;+1 Fahrten/Ri/Tag;529.2;306;1058;120 min (Teilstrecke);9;9525;Berlin Hbf :00 > Frankfurt(Main)Hbf :24;Berlin Südkreuz > Berlin Hbf > Berlin-Spandau > Frankfurt(Main)Hbf > Frankfurt(M) Flughafen Regionalbf
2;Ebene 2 – ICE;ECE 27;Flensburg – Hamburg-Altona;DB Fernverkehr AG;0.5;0.2;Einzelleistungen;Einzelleistungen;1;2;+1 Fahrten/Ri/Tag;167.6;80;335;120 min (Teilstrecke);9;3017;;Flensburg > Hamburg-Altona
2;Ebene 2 – ICE;ICE 4;Hamburg Hbf – Frankfurt(M) Flughafen Regionalbf;DB Fernverkehr AG;0.0;0.0;Einzelleistungen;Einzelleistungen;1;2;+1 Fahrten/Ri/Tag;485.2;0;970;120 min (Teilstrecke);9;8732;Hamburg Hbf :06 > Hannover Hbf :15 > Frankfurt(Main)Hbf :24;Hamburg Hbf > Hannover Hbf > Frankfurt(Main)Hbf > Frankfurt(M) Flughafen Regionalbf
2;Ebene 2 – ICE;ICE 6;Stuttgart Hbf – Berlin Gesundbrunnen;DB Fernverkehr AG;0.0;0.0;Einzelleistungen;Einzelleistungen;1;2;+1 Fahrten/Ri/Tag;645.6;0;1291;120 min (Teilstrecke);9;11620;Stuttgart Hbf :19 > Nürnberg Hbf :10 > Berlin Hbf :00;Stuttgart Hbf > Nürnberg Hbf > Berlin Südkreuz > Berlin Hbf > Berlin Gesundbrunnen
3;Ebene 3 – IC/EC;IC 87;Singen(Hohentwiel) – Schaffhausen;DB Fernverkehr AG;39.5;19.8;~30 min;60 min;17;34;-3 Fahrten/Ri/Tag;20.4;806;693;30 min;34;1387;Singen(Hohentwiel) :24;Singen(Hohentwiel) > Schaffhausen
3;Ebene 3 – IC/EC;EC 95;Berlin Gesundbrunnen – Rzepin;DB Fernverkehr AG;34.7;17.4;~30 min;60 min;17;34;±0 Fahrten/Ri/Tag;121.6;4219;4133;30 min;34;8266;;Berlin Gesundbrunnen > Berlin-Lichtenberg > Frankfurt(Oder) > Frankfurt(Oder)(Gr) > Rzepin
3;Ebene 3 – IC/EC;IC (SBB);Schaffhausen – Zürich HB;SBB;31.0;15.5;~60 min;60 min;17;34;+2 Fahrten/Ri/Tag;43.6;1350;1481;30 min;34;2962;;Schaffhausen > Zürich HB
3;Ebene 3 – IC/EC;IC 55;Magdeburg Hbf – Dresden Hbf;DB Fernverkehr AG;27.3;13.7;~60 min;60 min;17;34;+3 Fahrten/Ri/Tag;262.1;7160;8910;60 min;17;8910;Magdeburg Hbf :26 > Halle(Saale)Hbf :18 > Leipzig Hbf :26 > Dresden Hbf :20;Magdeburg Hbf > Köthen > Halle(Saale)Hbf > Leipzig/Halle Flughafen > Leipzig Hbf > Riesa > Dresden-Neustadt > Dresden Hbf
3;Ebene 3 – IC/EC;EC (ÖBB);Lindau-Reutin – St. Margrethen SG;ÖBB;19.6;9.8;~60 min;120 min;9;18;-1 Fahrten/Ri/Tag;18.6;364;334;60 min;17;632;Lindau-Reutin :22;Lindau-Reutin > Bregenz > St. Margrethen SG
3;Ebene 3 – IC/EC;IC 56;Leipzig Hbf – Emden Hbf;DB Fernverkehr AG;18.1;9.0;~60 min;120 min;9;18;±0 Fahrten/Ri/Tag;563.8;10181;10147;60 min;17;19167;Leipzig Hbf :26 > Halle(Saale)Hbf :18 > Magdeburg Hbf :26 > Braunschweig Hbf :07 > Hannover Hbf :15 > Bremen Hbf :06 > Emden Hbf :09;Leipzig Hbf > Halle(Saale)Hbf > Köthen > Magdeburg Hbf > Helmstedt > Braunschweig Hbf > Hannover Hbf > Nienburg(Weser) > Verden(Aller) > Bremen Hbf > Delmenhorst > Hude > Oldenburg(Oldb)Hbf > Bad Zwischenahn > Westerstede-Ocholt > Augustfehn > Leer(Ostfriesl) > Emden Hbf
3;Ebene 3 – IC/EC;IC (Dänische Staatsbahnen);Fredericia st – Flensburg;Dänische Staatsbahnen;17.6;8.8;~120 min;120 min;9;18;±0 Fahrten/Ri/Tag;135.2;2381;2434;60 min;17;4598;;Fredericia st > Kolding st > Lunderskov st > Vamdrup st > Vojens st > Roedekro st > Tinglev st > Padborg st > Flensburg(Gr) > Flensburg
3;Ebene 3 – IC/EC;EC (SBB);St. Margrethen SG – Zürich HB;SBB;16.7;8.4;~120 min;120 min;9;18;+1 Fahrten/Ri/Tag;109.6;1830;1972;60 min;17;3725;;St. Margrethen SG > St. Gallen(CH) > Winterthur > Zürich Flughafen > Zürich HB
3;Ebene 3 – IC/EC;IC 61;Nürnberg Hbf – Karlsruhe Hbf;DB Fernverkehr AG;16.2;8.1;~120 min;120 min;9;18;+1 Fahrten/Ri/Tag;302.6;4899;5447;60 min;17;10289;Nürnberg Hbf :10 > Stuttgart Hbf :19 > Karlsruhe Hbf :07;Nürnberg Hbf > Ansbach > Crailsheim > Ellwangen > Aalen Hbf > Schwäbisch Gmünd > Stuttgart Hbf > Vaihingen(Enz) > Mühlacker > Pforzheim Hbf > Karlsruhe Hbf
3;Ebene 3 – IC/EC;IC (PKP Intercity);Wroclaw Glowny – Swinoujscie;PKP Intercity;15.9;7.9;~120 min;120 min;9;18;+1 Fahrten/Ri/Tag;519.2;8240;9346;60 min;17;17654;;Wroclaw Glowny > Brzeg Dolny > Wolow > Scinawa > Glogow > Nowa Sol > Zielona Gora Glowna > Rzepin > Kostrzyn > Mieszkowice > Chojna > Gryfino > Szczecin Glowny > Szczecin Dabie > Goleniow > Wysoka Kamienska > Miedzyzdroje > Swinoujscie
3;Ebene 3 – IC/EC;IC 17;Dresden Hbf – Rostock Hbf;DB Fernverkehr AG;14.3;7.2;~120 min;120 min;9;18;+2 Fahrten/Ri/Tag;442.7;6339;7968;60 min;17;15051;Dresden Hbf :20 > Rostock Hbf :13;Dresden Hbf > Dresden-Neustadt > Elsterwerda > Flughafen BER > Berlin Ostkreuz > Oranienburg > Neustrelitz Hbf > Waren(Müritz) > Rostock Hbf
3;Ebene 3 – IC/EC;IC 35;Norddeich Mole – Köln Hbf;DB Fernverkehr AG;12.6;6.3;~120 min;120 min;9;18;+3 Fahrten/Ri/Tag;413.8;5217;7447;60 min;17;14067;Emden Hbf :09 > Münster(Westf)Hbf :01 > Oberhausen Hbf :02 > Duisburg Hbf :21 > Düsseldorf Hbf :08 > Köln Hbf :06;Norddeich Mole > Norddeich > Norden > Emden Hbf > Leer(Ostfriesl) > Papenburg(Ems) > Meppen > Lingen(Ems) > Rheine > Münster(Westf)Hbf > Recklinghausen Hbf > Herne-Wanne-Eickel Hbf > Gelsenkirchen Hbf > Oberhausen Hbf > Duisburg Hbf > Düsseldorf Hbf > Köln Hbf
3;Ebene 3 – IC/EC;EC 96;Rzepin – Berlin-Lichtenberg;DB Fernverkehr AG;12.0;6.0;~120 min;120 min;9;18;+3 Fahrten/Ri/Tag;111.5;1337;2006;120 min;9;2006;;Rzepin > Frankfurt(Oder)(Gr) > Frankfurt(Oder) > Berlin-Lichtenberg
3;Ebene 3 – IC/EC;EC 90;Simbach(Inn) – Wien Hbf;DB Fernverkehr AG;11.6;5.8;~120 min;120 min;9;18;+3 Fahrten/Ri/Tag;305.3;3525;5495;120 min;9;5495;;Simbach(Inn) > Wels Hbf > Linz/Donau Hbf > St.Pölten Hbf > Wien Meidling > Wien Hbf
3;Ebene 3 – IC/EC;EC 62;München Hbf – Salzburg Hbf;DB Fernverkehr AG;8.0;4.0;~120 min;Einzelleistungen;4;8;±0 Fahrten/Ri/Tag;147.6;1180;1180;120 min;9;2656;München Hbf :22 > Salzburg Hbf :24;München Hbf > Rosenheim > Traunstein > Freilassing > Salzburg Hbf
3;Ebene 3 – IC/EC;IC 51;Dortmund Hbf – Gera Hbf;DB Fernverkehr AG;5.5;2.7;Einzelleistungen;Einzelleistungen;3;6;±0 Fahrten/Ri/Tag;454.7;2491;2728;120 min;9;8184;Dortmund Hbf :04 > Hamm(Westf)Hbf :14 > Paderborn Hbf :28 > Kassel-Wilhelmshöhe :25 > Erfurt Hbf :14;Dortmund Hbf > Hamm(Westf)Hbf > Soest > Lippstadt > Paderborn Hbf > Altenbeken > Warburg(Westf) > Kassel-Wilhelmshöhe > Eisenach Hbf > Gotha > Erfurt Hbf > Weimar > Jena West > Jena-Göschwitz > Stadtroda > Hermsdorf-Klosterlausnitz > Gera Hbf
3;Ebene 3 – IC/EC;IC 57;Leipzig Hbf – Rostock Hbf;DB Fernverkehr AG;5.2;2.6;Einzelleistungen;Einzelleistungen;3;6;±0 Fahrten/Ri/Tag;437.0;2285;2622;120 min;9;7866;Leipzig Hbf :26 > Halle(Saale)Hbf :18 > Magdeburg Hbf :26 > Schwerin Hbf :06 > Rostock Hbf :13;Leipzig Hbf > Halle(Saale)Hbf > Köthen > Magdeburg Hbf > Stendal Hbf > Wittenberge > Ludwigslust > Schwerin Hbf > Bad Kleinen > Bützow > Rostock Hbf
3;Ebene 3 – IC/EC;IC (DB Fernverkehr (Codesharing));Zürich HB – Basel SBB;DB Fernverkehr (Codesharing);4.3;2.2;Einzelleistungen;Einzelleistungen;2;4;±0 Fahrten/Ri/Tag;88.7;385;354;120 min;9;1596;Basel SBB :00;Zürich HB > Basel SBB
3;Ebene 3 – IC/EC;IC (Ceske Drahy);Breclav – Bohumin(Gr);Ceske Drahy;4.0;2.0;Einzelleistungen;Einzelleistungen;2;4;±0 Fahrten/Ri/Tag;203.2;812;812;120 min;9;3656;;Breclav > Ostrava hl.n. > Bohumin > Bohumin(Gr)
3;Ebene 3 – IC/EC;EC 97;Horka(Gr) – Leipzig Hbf;DB Fernverkehr AG;3.9;1.9;Einzelleistungen;Einzelleistungen;2;4;±0 Fahrten/Ri/Tag;232.4;899;929;120 min (Teilstrecke);9;4183;Leipzig Hbf :26;Horka(Gr) > Hoyerswerda > Ruhland > Elsterwerda > Riesa > Leipzig Hbf
3;Ebene 3 – IC/EC;IC (ÖBB);Wien Hbf – Breclav;ÖBB;2.0;1.0;Einzelleistungen;Einzelleistungen;1;2;±0 Fahrten/Ri/Tag;88.7;177;177;120 min (Teilstrecke);9;1596;;Wien Hbf > Breclav(Gr) > Breclav
3;Ebene 3 – IC/EC;EC (MAV);Hegyeshalom(Gr) – Hegyeshalom;MAV;2.0;1.0;Einzelleistungen;Einzelleistungen;1;2;±0 Fahrten/Ri/Tag;5.5;11;11;120 min (Teilstrecke);9;99;;Hegyeshalom(Gr) > Hegyeshalom
3;Ebene 3 – IC/EC;EC 85;Basel SBB – Basel Bad Bf;DB Fernverkehr AG;1.8;0.9;Einzelleistungen;Einzelleistungen;1;2;±0 Fahrten/Ri/Tag;3.1;5;6;120 min (Teilstrecke);9;56;Basel SBB :00;Basel SBB > Basel Bad Bf
3;Ebene 3 – IC/EC;EC (HZZP);Dobova(Gr) – Zagreb Glavni kolodvor;HZZP;1.0;0.5;Einzelleistungen;Einzelleistungen;1;2;±0 Fahrten/Ri/Tag;30.1;30;60;120 min (Teilstrecke);9;542;;Dobova(Gr) > Zapresic > Zagreb Glavni kolodvor
3;Ebene 3 – IC/EC;IC 1;Zürich HB – Bern;SBB;0.9;0.5;Einzelleistungen;Einzelleistungen;1;2;+1 Fahrten/Ri/Tag;125.9;118;251;120 min (Teilstrecke);9;2265;;Zürich HB > Olten > Bern
3;Ebene 3 – IC/EC;EC (Ceske Drahy);Praha hl.n. – Decin hl.n.;Ceske Drahy;0.7;0.3;Einzelleistungen;Einzelleistungen;1;2;+1 Fahrten/Ri/Tag;104.4;67;208;120 min (Teilstrecke);9;1879;;Praha hl.n. > Praha-Holesovice > Usti nad Labem hl.n. > Decin hl.n.
3;Ebene 3 – IC/EC;IC 60;Karlsruhe Hbf – Stuttgart Hbf;DB Fernverkehr AG;0.7;0.3;Einzelleistungen;Einzelleistungen;1;2;+1 Fahrten/Ri/Tag;94.1;61;188;120 min (Teilstrecke);9;1693;Karlsruhe Hbf :07 > Stuttgart Hbf :19;Karlsruhe Hbf > Karlsruhe-Durlach > Bruchsal > Stuttgart Hbf
1;Ebene 1 – ICE-Sprinter;ICE-Sprinter 1;Hamburg – Hannover – Frankfurt;DB Fernverkehr AG;18.0;9.0;~120 min;120 min;9;18;±0 Fahrten/Ri/Tag;474.36;8538;8538;120 min;9;8538;;Frankfurt(Main)Hbf > Hannover Hbf > Hamburg Hbf
1;Ebene 1 – ICE-Sprinter;ICE-Sprinter 2;Hamburg – Bremen/Münster – Ruhr – Köln;DB Fernverkehr AG;18.0;9.0;~120 min;120 min;9;18;±0 Fahrten/Ri/Tag;448.67999999999995;8076;8076;120 min;9;8076;;Hamburg Hbf > Hamburg-Harburg > Bremen Hbf > Diepholz > Osnabrück Hbf > Münster(Westf)Hbf > Dortmund Hbf > Solingen Hbf > Köln Hbf
1;Ebene 1 – ICE-Sprinter;ICE-Sprinter 3;Berlin – Hannover – Ruhr – Köln;DB Fernverkehr AG;18.0;9.0;~120 min;120 min;9;18;±0 Fahrten/Ri/Tag;611.4;11005;11005;120 min;9;11005;;Köln Hbf > Wuppertal Hbf > Hagen Hbf > Bielefeld Hbf > Hannover Hbf > Berlin-Spandau > Berlin Hbf > Berlin Südkreuz
1;Ebene 1 – ICE-Sprinter;ICE-Sprinter 4;Berlin – Halle/Erfurt – Nürnberg – München;DB Fernverkehr AG;18.0;9.0;~120 min;120 min;9;18;±0 Fahrten/Ri/Tag;661.8;11912;11912;120 min;9;11912;;München Hbf > Nürnberg Hbf > Erfurt Hbf > Halle(Saale)Hbf > Berlin Südkreuz
1;Ebene 1 – ICE-Sprinter;ICE-Sprinter 5;Berlin – Halle/Erfurt – Frankfurt;DB Fernverkehr AG;18.0;9.0;~120 min;120 min;9;18;±0 Fahrten/Ri/Tag;517.68;9318;9318;120 min;9;9318;;Frankfurt(Main)Hbf > Erfurt Hbf > Halle(Saale)Hbf > Berlin Südkreuz > Berlin Hbf
1;Ebene 1 – ICE-Sprinter;ICE-Sprinter 6;Saarbrücken – Paris;DB Fernverkehr AG;18.0;9.0;~120 min;120 min;9;18;±0 Fahrten/Ri/Tag;408.96;7361;7361;120 min;9;7361;;Paris Est > Forbach(fr) > Saarbrücken Hbf
1;Ebene 1 – ICE-Sprinter;ICE-Sprinter 7;Stuttgart – Nürnberg – Berlin;DB Fernverkehr AG;18.0;9.0;~120 min;120 min;9;18;±0 Fahrten/Ri/Tag;645.6;11620;11620;120 min;9;11620;;Stuttgart Hbf > Nürnberg Hbf > Berlin Südkreuz > Berlin Hbf > Berlin Gesundbrunnen
